name,latitude,longitude,category
,41.4430032,2.2069359,attraction
,41.4490418,2.1954128,attraction
Ⓐ,41.4646603,2.2030615,attraction
,41.4606509,2.1772911,attraction
,41.4487334,2.1863459,attraction
,41.448257,2.1767411,attraction
Mirador del Portell de Valldaura,41.4477606,2.1369694,attraction
Besart. The River Museum,41.4422875,2.207409,attraction
El mirador,41.3785678,2.0549443,attraction
,41.3786696,2.0538759,attraction
,41.3829193,2.0893324,attraction
,41.3929331,2.0973661,attraction
,41.4696295,2.0875685,attraction
,41.4014195,2.1051252,attraction
Dona desmaiada,41.3931816,2.1219395,attraction
,41.3984553,2.1246691,attraction
,41.3757257,2.1360164,attraction
Mirafielo,41.3752618,2.1135611,attraction
Bous de l’abundància,41.3773266,2.1413997,attraction
,41.381585,2.1715151,attraction
,41.3810577,2.0739475,attraction
,41.3780625,2.1775085,attraction
Miraestels,41.3750487,2.1804968,attraction
Llotja de Mar,41.3823403,2.1825614,attraction
Mirador Maria Aurèlia Capmany,41.3816809,2.1776791,attraction
,41.3818921,2.1776152,attraction
,41.3827514,2.1729783,attraction
,41.3825038,2.173286,attraction
,41.3824757,2.1733785,attraction
Reial Circle Artistic de Barcelona,41.3844759,2.1745421,attraction
,41.3824776,2.1735375,attraction
,41.3830692,2.1726494,attraction
Porta de Sant Iu,41.3840784,2.1768144,attraction
Mamut,41.3890463,2.18712,attraction
Cabeza,41.3848189,2.1802237,attraction
Font de Canaletes,41.3851607,2.1701756,attraction
Carmela,41.3872404,2.1752598,attraction
Saviesa,41.386507,2.1703263,attraction
,41.3885138,2.1670168,attraction
,41.4593329,2.2178145,attraction
,41.3946952,2.1673751,attraction
Alsina i Poema,41.3958399,2.160044,attraction
,41.3910458,2.1803957,attraction
Casa Calvet,41.3907648,2.1731904,attraction
,41.4498874,2.2034381,attraction
,41.4467077,2.2054431,attraction
Façana de la Glòria,41.403216,2.1748558,attraction
Casa de l'Aigua,41.4535894,2.1875368,attraction
Cubic,41.3783414,2.1681808,attraction
,41.4024956,2.1544913,attraction
,41.4054367,2.1542449,attraction
,41.4032499,2.1424852,attraction
Monument a Àngel Guimerà,41.3825047,2.1742062,attraction
,41.382421,2.1734496,attraction
Font de Blancaneu,41.3987996,2.1531218,attraction
Joan Maragall i Gorina,41.4009052,2.1469356,attraction
Monumento a Manel Milà i Fontanals,41.3859222,2.1867092,attraction
Griu,41.3895743,2.1863958,attraction
,41.4407282,2.1806847,attraction
бар на крыше отеля,41.3850247,2.1758564,attraction
Pont del Bisbe,41.3832769,2.1764432,attraction
Al Doctor Jacint Reventós,41.3834739,2.1807424,attraction
L'Institut d'Estudis Nord-Americans a la Ciutat de Barcelona,41.4098141,2.1370594,attraction
Figura femenina,41.3873777,2.1697116,attraction
Dona amb àngel / Hércules,41.3872658,2.1705884,attraction
Casa Amatller,41.3913381,2.1646811,attraction
Viaductes,41.4152262,2.1538787,attraction
,41.4124019,2.1511805,attraction
Banc del Park Güell,41.4141808,2.1525559,attraction
Monument a Mossèn Jacint Verdaguer,41.3991365,2.1699317,attraction
,41.4164885,2.1558567,attraction
,41.3998377,2.1695262,attraction
Vida i creació,41.4291101,2.1383677,attraction
Els Mistos,41.4303658,2.1506935,attraction
,41.4312298,2.1455825,attraction
,41.4371344,2.1484569,attraction
,41.4273432,2.1840608,attraction
Ingeniería textil,41.4013873,2.1330831,attraction
,41.3788895,2.1324993,attraction
,41.4405906,2.1974471,attraction
Familia de Ciervos,41.3870061,2.1250471,attraction
,41.4167328,2.1707936,attraction
Joan Manent,41.4538512,2.2067512,attraction
One,41.3767927,2.0726236,attraction
Als Laietans,41.4642846,2.2041497,attraction
,41.4195306,2.1588913,attraction
,41.3984855,2.1004117,attraction
Blau,41.3891668,2.1518388,attraction
L'Obrador del Buc,41.4067333,2.1657326,attraction
Llar per a la tortuga dels vuit anells,41.4124884,2.1806922,attraction
,41.469181,2.2081121,attraction
,41.408761,2.1886906,attraction
Jardín de los gatos,41.3808292,2.170673,attraction
Rombes bessons,41.3846012,2.1057695,attraction
,41.409803,2.1905862,attraction
Línia de la Verneda,41.4166945,2.1975351,attraction
mapa mural del Patronato Municipal de la Vivienda,41.4192391,2.2111479,attraction
Tartaruga sul muro,41.3841026,2.1757364,attraction
,41.4311216,2.1641068,attraction
The Wall,41.4194776,2.2051276,attraction
columna romana (pintada),41.4084689,2.1999599,attraction
,41.4079398,2.2027621,attraction
,41.4341699,2.1895537,attraction
,41.4348456,2.1896856,attraction
,41.4167007,2.1982996,attraction
,41.4254862,2.2049301,attraction
Gat de Botero,41.3788095,2.1690778,attraction
,41.3999964,2.2065468,attraction
,41.3759045,2.1776444,attraction
,41.4029859,2.1956204,attraction
Monument a les il·lusions perdudes,41.4057428,2.1950483,attraction
La Cara de Barcelona,41.380924,2.1824714,attraction
,41.4000316,2.2032963,attraction
Rellotge de sol bifilar,41.3917695,2.2044852,attraction
,41.3918075,2.1955223,attraction
Estany de Cobi,41.3892785,2.1987097,attraction
Marc,41.3881698,2.1967891,attraction
Caçador de Lleons,41.3883543,2.1855071,attraction
Marià Aguiló,41.3887518,2.1856997,attraction
,41.4115275,2.198051,attraction
,41.419072,2.1608191,attraction
Pou del món,41.4075366,2.202213,attraction
Homenatge a la Natació,41.3738715,2.1892044,attraction
Mirador de Mundet,41.4416178,2.1518422,attraction
,41.4043235,2.1509266,attraction
Font de la Granota,41.3960258,2.1585012,attraction
Maqueta del port: (1916-2023),41.3649991,2.1861365,attraction
Flora,41.3951294,2.1617936,attraction
,41.388952,2.1938378,attraction
Castell de Montjuïc,41.3633,2.1662016,attraction
Timbaler del bruc,41.3626307,2.165311,attraction
Monument a Dante,41.3683603,2.1650144,attraction
,41.3601107,2.1619789,attraction
,41.4341775,2.189411,attraction
,41.3688347,2.1604596,attraction
,41.4233591,2.2039965,attraction
,41.3695233,2.1544339,attraction
Tota la patria cabrà en una anella i els pobles diran: la sardana és la dansa més bella de totes les danses que es fan i es desfan,41.3664185,2.154484,attraction
,41.3631809,2.1420248,attraction
,41.373379,2.1450223,attraction
Font d'Hèrcules,41.4018246,2.1663689,attraction
Glorieta de Xiprers,41.3678765,2.1574362,attraction
,41.4030673,2.1957238,attraction
,41.399054,2.194463,attraction
,41.364135,2.1286068,attraction
,41.3684739,2.1051761,attraction
,41.386932,2.1328916,attraction
Monument a Tierno Galván,41.3713525,2.1044783,attraction
Marxa Atlètica,41.3637185,2.1014278,attraction
Cirque en fer,41.3890684,2.1348149,attraction
Noia amb colom,41.3640178,2.0972772,attraction
,41.3801949,2.1923313,attraction
Mirador el Modern,41.4121276,2.1141561,attraction
L'Au dels temporals,41.3657873,2.1704983,attraction
,41.3959866,2.1911167,attraction
,41.3697392,2.1644421,attraction
La Poma. homenatge al món de la pagesia,41.3621544,2.057252,attraction
,41.3691114,2.1495761,attraction
,41.4416528,2.1795924,attraction
,41.3828086,2.1835025,attraction
Mirador de Miramar,41.3712431,2.1720717,attraction
El Minotauro,41.4406086,2.1458257,attraction
Mirador Maria Gispert,41.4421488,2.1297192,attraction
L'encantador de serps,41.3924635,2.1223427,attraction
"Sants, rails i vies",41.3728196,2.1331483,attraction
,41.3683255,2.1599589,attraction
Maternitat,41.3874189,2.1694043,attraction
Lleida,41.3869043,2.1707289,attraction
L'Antifaç. Premi FAD Sebastià Guasch,41.3829958,2.1717001,attraction
A LLuis Hernandez,41.4572919,2.1985378,attraction
,41.3673233,2.11577,attraction
,41.4233551,2.1623919,attraction
,41.3770596,2.1395056,attraction
,41.3844235,2.1256678,attraction
Murals pintats,41.3643261,2.1153608,attraction
Monument a Just Oliveras,41.3637694,2.0999839,attraction
Estatua de Dionís,41.4406383,2.145227,attraction
Font de l'Efeb,41.3985636,2.1686612,attraction
Mirador de cal Monjo,41.3428907,2.0733023,attraction
,41.4077954,2.2164088,attraction
,41.4184536,2.2160434,attraction
,41.3203026,2.097364,attraction
,41.3813863,2.1733417,attraction
,41.3825062,2.1748035,attraction
Naixement de Venus,41.3899318,2.1865351,attraction
Quatre Falques,41.422261,2.1982311,attraction
Dones. 8 de març,41.3681404,2.0633136,attraction
,41.3846133,2.1717082,attraction
,41.3843979,2.1684493,attraction
Tors de dona,41.3998473,2.1297155,attraction
,41.4077708,2.2107692,attraction
Esfinx,41.3782401,2.0557005,attraction
,41.4088662,2.2138245,attraction
,41.3820471,2.0696152,attraction
EspluguesDiuProu,41.3771603,2.08873,attraction
Central Catalana d'Electricitat,41.3921647,2.1815789,attraction
Contrapunt. Homenatge a Maria Aurèlia Campmany,41.4223101,2.2099101,attraction
,41.3261522,2.0935315,attraction
Ritme i projecció,41.4309167,2.1430384,attraction
La torre,41.3772271,2.0577131,attraction
M'exalta el nou i m'enamora el vell. J.V.Foix,41.4031167,2.1938749,attraction
,41.3745073,2.1697057,attraction
,41.3674072,2.1696779,attraction
,41.3926225,2.1901873,attraction
El bes de la mort,41.3962196,2.2041979,attraction
Finca Güell,41.3892939,2.1190467,attraction
,41.3834924,2.1232598,attraction
,41.3806316,2.1674522,attraction
Una Habitació on sempre Plou,41.3748304,2.1893389,attraction
Monument a Colom,41.3758015,2.1777736,attraction
,41.3745437,2.1722679,attraction
,41.3832056,2.1781737,attraction
Monument a Antonio Machado,41.3687861,2.1029995,attraction
Gabriel,41.3692,2.160081,attraction
,41.3850306,2.1869914,attraction
,41.418857,2.1615853,attraction
,41.3872273,2.1843712,attraction
Montserrat Caballé,41.3711369,2.1504984,attraction
A Joan Güell i Ferrer,41.3886726,2.1672797,attraction
,41.4529109,2.2074306,attraction
El Forjador,41.3873028,2.1695605,attraction
,41.4477548,2.2039911,attraction
Tarragona,41.3870952,2.1707069,attraction
Monument a Francesc Macià,41.3862522,2.170102,attraction
,41.3830889,2.1678954,attraction
,41.3778587,2.1430822,attraction
,41.3658282,2.1461044,attraction
Hospital de Sant Pau,41.4118884,2.1743304,attraction
,41.4425084,2.2088849,attraction
,41.4076793,2.1908451,attraction
,41.3759361,2.1778118,attraction
Font de la Sardana,41.3951823,2.175624,attraction
Monument de Leandre Cristòfol,41.3804155,2.1772556,attraction
,41.4171639,2.1887006,attraction
Higrometre,41.3863404,2.1859362,attraction
Font de la Cigonya i de la Guineu,41.386368,2.1856693,attraction
"Arc 44,5º",41.3899286,2.181179,attraction
Atrium Libertaris,41.3730949,2.0933326,attraction
Nimfa Egèria,41.4408886,2.1445685,attraction
,41.4399755,2.1457801,attraction
Pink Barcino,41.3963011,2.1593385,attraction
,41.4132422,2.1603803,attraction
Alegrias,41.4421969,2.1659809,attraction
Gruta de Eco,41.4403623,2.1455584,attraction
Dona ajaguda,41.3997928,2.1294324,attraction
Homenatge del patí a Vela,41.3697726,2.1878266,attraction
Ànima 2013,41.3839336,2.1017612,attraction
,41.4144308,2.1537424,attraction
Cervatillo,41.3866992,2.1256349,attraction
,41.3972391,2.1555318,attraction
Mirador del Vallès,41.4258585,2.1191889,attraction
,41.4237896,2.1172467,attraction
CO-INCIDÉNCIA,41.4568436,2.1959898,attraction
El llarg viatge,41.4219197,2.2052941,attraction
Observatori Fabra,41.4184155,2.1240659,attraction
Papallona,41.3765969,2.1502761,attraction
,41.4487895,2.186043,attraction
,41.3799342,2.0664983,attraction
,41.4510758,2.2069238,attraction
,41.4463355,2.2058148,attraction
,41.3924488,2.1009461,attraction
,41.4189117,2.1612488,attraction
,41.3822664,2.1222424,attraction
,41.3858298,2.1799211,attraction
,41.3647272,2.0763201,attraction
,41.3866083,2.1814057,attraction
,41.3744925,2.1708882,attraction
,41.4522762,2.1864256,attraction
Guineueta,41.4399106,2.1736655,attraction
Castell de Torre Baró,41.4513041,2.1764321,attraction
,41.3749041,2.1489904,attraction
,41.4489902,2.1801378,attraction
,41.3817238,2.1441537,attraction
Mirador de Cerdanyola,41.4477639,2.136674,attraction
,41.4046627,2.1744324,attraction
,41.3864662,2.1491688,attraction
,41.449244,2.1806446,attraction
,41.4485754,2.1965313,attraction
,41.4350982,2.2114767,attraction
,41.4334732,2.2123407,attraction
,41.4382323,2.1851489,attraction
Griu,41.389521,2.1864855,attraction
Quàdriga de l'Aurora,41.3900351,2.1865335,attraction
Monument a Frederic Soler (Serafí Pitarra),41.3786992,2.1757379,attraction
,41.3771379,2.1743279,attraction
Gamba,41.3801554,2.1817224,attraction
,41.3874627,2.1755327,attraction
,41.3667166,2.0873975,attraction
,41.3824384,2.1734284,attraction
,41.4000992,2.207517,attraction
,41.3844287,2.1750376,attraction
,41.3846989,2.1763726,attraction
Cases dels Canonges,41.3834152,2.1763992,attraction
Muntanya Russa,41.4226763,2.1200059,attraction
Manelic,41.4491177,2.2104427,attraction
Ocells de paper,41.4091526,2.1875494,attraction
Mina d'Or,41.423654,2.1201641,attraction
,41.3839914,2.106962,attraction
Pepita Texidor,41.3892276,2.1856613,attraction
,41.4094533,2.0938799,attraction
Rosa dels Vents,41.3870187,2.1700345,attraction
Commemoració de la Inauguració de la Vila Olímpica,41.3889495,2.1982638,attraction
,41.4512784,2.2065584,attraction
Himenatge a Isaac Albeniz i Alicia de Larrocha. Alfonso Alzamora,41.3983547,2.18502,attraction
,41.4345378,2.1894846,attraction
,41.4364911,2.1896455,attraction
,41.3946254,2.1673201,attraction
,41.4150378,2.1519685,attraction
,41.4153599,2.1523639,attraction
,41.4059632,2.1744211,attraction
,41.4489873,2.1800437,attraction
,41.415761,2.1369648,attraction
,41.3804031,2.0690518,attraction
Sa matao paco,41.4634432,2.185703,attraction
,41.4589706,2.1703507,attraction
,41.3759571,2.1491313,attraction
,41.4644588,2.2006403,attraction
,41.4689022,2.0811747,attraction
Façana del Naixement,41.4038348,2.1746713,attraction
,41.444187,2.1478759,attraction
,41.4231029,2.1475599,attraction
,41.4408144,2.1466684,attraction
"Himne, mite i paradís",41.4036076,2.1926184,attraction
,41.4606891,2.1786779,attraction
Tors de dona,41.3771645,2.1404929,attraction
,41.4016176,2.1602828,attraction
Pavellons Güell,41.3893082,2.1194499,attraction
,41.3706193,2.1320167,attraction
Parasoles garabato,41.3895151,2.1896352,attraction
,41.4416524,2.1795916,attraction
El Peix d'Or,41.3860688,2.196953,attraction
,41.3862492,2.1361309,attraction
,41.4419596,2.1654095,attraction
,41.3833385,2.1719067,attraction
Balança Romana,41.3803055,2.1921445,attraction
Pau Casals,41.3941071,2.1418267,attraction
,41.3840821,2.1757227,attraction
,41.376,2.190147,attraction
Escultura filtrebicicletes,41.4689067,2.1645879,attraction
XXXI Trobada Mundial de Penyes Barcelonistes,41.3745542,2.1170741,attraction
,41.3866951,2.1357958,attraction
,41.383511,2.0787398,attraction
,41.3889834,2.1831132,attraction
,41.3753735,2.1472384,attraction
Gacelas,41.3866833,2.1254957,attraction
Homenatge al Llibre,41.3892705,2.1680764,attraction
Escales de Forestier,41.3706564,2.1732114,attraction
Batec: monument als Donants de Sang de l'Hospitalet de Llobregat,41.3527985,2.1205032,attraction
,41.3751824,2.1490506,attraction
,41.4182253,2.1665356,attraction
,41.3816238,2.1770565,attraction
,41.3930292,2.1688288,attraction
,41.3820616,2.1745406,attraction
,41.3832137,2.1724856,attraction
Monument a Bartomeu Robert,41.3948867,2.1755625,attraction
"""viure és provar-ho infinites vegades""",41.4488922,2.2033691,attraction
Memorial 1714,41.3837255,2.1823429,attraction
,41.3927281,2.122655,attraction
,41.4176928,2.1510451,attraction
,41.3790866,2.1793254,attraction
Dona / Montseny,41.3873864,2.1704584,attraction
,41.3666772,2.1004892,attraction
,41.3599814,2.1030943,attraction
Mirador del Sagrat Cor,41.4218306,2.1189923,attraction
Lluís Millà i Reig,41.3832445,2.1724625,attraction
Teodor Llorente,41.3881219,2.1861747,attraction
,41.3893886,2.1688592,attraction
Besart. The River Museum,41.4478196,2.2025351,attraction
Griu,41.3895191,2.1866051,attraction
La Barca,41.3841365,2.1693394,attraction
,41.3841618,2.1662757,attraction
,41.3798961,2.0955321,attraction
,41.3956033,2.1575488,attraction
Estàtues del Progrés: Agricultura,41.3858331,2.1859716,attraction
,41.4380078,2.2104833,attraction
La Casa de Madrid a la Ciudad de Barcelona,41.3846405,2.1717597,attraction
,41.4179514,2.1910277,attraction
,41.3973362,2.1241748,attraction
A Antonio Mairena,41.4516211,2.2195218,attraction
,41.4517555,2.1787348,attraction
Casa Batlló,41.3915446,2.1646961,attraction
,41.3869209,2.0756577,attraction
,41.3908822,2.1774832,attraction
,41.400842,2.1226855,attraction
,41.3822409,2.1757192,attraction
,41.3823795,2.1734418,attraction
,41.3824831,2.1733108,attraction
,41.4478202,2.1805076,attraction
Cada Barri,41.4386529,2.2260336,attraction
,41.418122,2.2206585,attraction
Born. (Col·lecció Configuracions Urbanes),41.3846036,2.1827719,attraction
Ciervos,41.3868282,2.125555,attraction
,41.3835986,2.1231618,attraction
,41.4427439,2.1706808,attraction
,41.3870361,2.1329817,attraction
,41.4424098,2.1854561,attraction
La rumba de Barcelona que sona sense parar,41.3776257,2.1648321,attraction
,41.4568761,2.1960414,attraction
,41.4611256,2.1938639,attraction
Homenatge a la Mútua Escolar Blanquerna,41.3754888,2.1743611,attraction
Pomona / Pastor de l'àliga,41.3866024,2.1705281,attraction
,41.4396387,2.1558603,attraction
Mirador de l'Estrella,41.4694991,2.1658171,attraction
Relleu de marbre d'Ariadna i Teseu,41.4400276,2.1458113,attraction
Mirador de Torre Baró,41.4516474,2.1785756,attraction
Ca l'Alemany,41.4652713,2.2262126,attraction
Mirador de Consol Casals i Genover,41.4120769,2.1509383,attraction
,41.3937673,2.1977028,attraction
01-067,41.3845003,2.1719429,attraction
,41.3862212,2.1725564,attraction
Font del Bacallà,41.3856784,2.1789368,attraction
A Mallarmé au Livre,41.3951502,2.1515677,attraction
Un espai per la convivencia,41.3766115,2.1671766,attraction
Escullera 1988,41.4420842,2.178166,attraction
,41.3771082,2.174379,attraction
,41.3994169,2.172088,attraction
"Helios, viga de la fontanería de l'Aurora",41.3954869,2.1403974,attraction
,41.3586718,2.1450835,attraction
,41.3561948,2.1479089,attraction
,41.4123771,2.2107142,attraction
,41.3884405,2.1670205,attraction
,41.3825344,2.1732431,attraction
,41.384233,2.1663049,attraction
,41.4221344,2.1503364,attraction
untitled,41.3790255,2.1728012,attraction
,41.4172312,2.1892958,attraction
Un Oiseau,41.395028,2.1400325,attraction
Alcoholes Antich,41.3765483,2.1662336,attraction
,41.3757749,2.1779477,attraction
,41.4430773,2.2084277,attraction
,41.3787297,2.1754003,attraction
Descobrint el Besòs. Una mirada fotogràfica del Riu més natural,41.4446501,2.2077742,attraction
Sense titol. Quatre Falques,41.3826884,2.1837743,attraction
Monument a Joan Salvat Papasseit,41.3763971,2.179647,attraction
,41.4111255,2.1522502,attraction
,41.375802,2.177773,attraction
,41.4070796,2.0841919,attraction
,41.421479,2.1203336,attraction
La Navegació,41.3875698,2.1696602,attraction
,41.4124146,2.1194829,attraction
,41.3827673,2.1729596,attraction
,41.4152722,2.1169289,attraction
,41.3848921,2.1728589,attraction
Cases Antoni Rocamora,41.3888345,2.1696236,attraction
,41.4095948,2.1428592,attraction
,41.384197,2.1760213,attraction
01-121,41.3860631,2.1652461,attraction
,41.4116966,2.1461092,attraction
Estàtues del Progrés: Marina,41.3857711,2.1860532,attraction
,41.4267086,2.1238808,attraction
,41.3874508,2.1752527,attraction
"Sant Joan Baptista, patró del gremi d'Assaonadors",41.3857195,2.1800618,attraction
"Sants, rails i vies",41.374501,2.134663,attraction
,41.4207062,2.1517138,attraction
Estàtues del Progrés: Indústria,41.3887231,2.1836233,attraction
Roger de Llúria,41.3892157,2.1835839,attraction
Noia,41.3873845,2.169495,attraction
Claustre de l'església de la Concepció,41.3946169,2.1673353,attraction
La Deessa,41.3864214,2.1701019,attraction
,41.3993648,2.2047208,attraction
,41.3844936,2.1704409,attraction
,41.386615,2.1639026,attraction
Monument a la Sardana,41.3597348,2.1003218,attraction
El Buho de Barcelona,41.3995176,2.1703388,attraction
,41.3861694,2.1567781,attraction
,41.3837502,2.1635572,attraction
Cel Caigut,41.393403,2.183578,attraction
,41.3821793,2.0736556,attraction
,41.407737,2.1018256,attraction
,41.4234537,2.1583531,attraction
La Casa Comalat,41.3972147,2.1606418,attraction
,41.3893724,2.0824693,attraction
,41.4487428,2.1909891,attraction
,41.4497893,2.1935092,attraction
Columna Olímpica,41.3882575,2.1982422,attraction
,41.3912426,2.1806356,attraction
,41.4029246,2.1955425,attraction
,41.4375079,2.1482679,attraction
Mirador de Cerdanyola,41.4471257,2.1337764,attraction
,41.3837066,2.1231161,attraction
,41.4021857,2.1950689,attraction
,41.4204281,2.1535824,attraction
,41.4208154,2.1541105,attraction
Barcelona al Doctor Ferran,41.4236928,2.1779034,attraction
,41.3810529,2.07518,attraction
Estació: Ciutat,41.3983072,2.1945486,attraction
,41.3762385,2.0877195,attraction
Bal inada Fulgenci Baños Rodríguez,41.3873183,2.0754305,attraction
Mirador de la Penya del Moro,41.3968264,2.0692051,attraction
,41.3773254,2.0845211,attraction
Nu,41.3963664,2.1475284,attraction
La Colometa,41.4041028,2.1556758,attraction
El Pallasso (Charlie Rivel),41.368258,2.166121,attraction
L'Estel Ferit,41.3764939,2.1910857,attraction
Por iniciativa del Centro Andaluz en Catalunya la Ciudad de Barcelona a Blas Infante lider el andalucismo 28-2-1982,41.4404269,2.1733598,attraction
,41.3790421,2.1251175,attraction
05-090,41.4008466,2.1471154,attraction
,41.4181832,2.161055,attraction
,41.3867884,2.118215,attraction
Antoni Rovira i Trias,41.4075638,2.1584879,attraction
,41.3765316,2.109644,attraction
Serena,41.367253,2.1549694,attraction
A Francesc Viñas,41.394948,2.1414538,attraction
La Vendimiadora,41.3709863,2.1717845,attraction
,41.4115645,2.190743,attraction
,41.3818914,2.1257901,attraction
Dona i Ocell,41.3777841,2.1469523,attraction
,41.3997026,2.129705,attraction
Tot surt del gran llibre de la naturalesa,41.4140771,2.156208,attraction
"Sants, rails i vies",41.3734073,2.1336723,attraction
Dama d'Elx,41.4229657,2.1879692,attraction
,41.4079268,2.1550174,attraction
,41.4095647,2.1694766,attraction
,41.3766667,2.162216,attraction
Totem,41.4184369,2.1472789,attraction
,41.3769476,2.0994437,attraction
"Barcelona, mural G-333",41.3825528,2.1661752,attraction
,41.3822061,2.1222022,attraction
,41.3799,2.140942,attraction
,41.4164135,2.1520971,attraction
Els Mistos,41.4302197,2.1510392,attraction
,41.3770708,2.1841532,attraction
Monument a Josep Moragues,41.3816207,2.1849615,attraction
,41.4171929,2.1550194,attraction
"Sants, rails i vies",41.3717858,2.1322045,attraction
Venus moderna,41.3775645,2.1405297,attraction
,41.3815703,2.1726499,attraction
,41.3828964,2.172851,attraction
El Submarí Barcelona,41.4141249,2.1313868,attraction
,41.4297326,2.2216791,attraction
Bàrcino,41.3842463,2.1753814,attraction
,41.3297738,2.103616,attraction
Enèada,41.4407434,2.2228513,attraction
Galgo,41.3865636,2.1251723,attraction
,41.4185051,2.1561429,attraction
,41.384143,2.1759441,attraction
,41.4341647,2.2119665,attraction
,41.4087016,2.2223871,attraction
Barcelona a Prim,41.3863896,2.1867952,attraction
Palau Güell,41.3788246,2.1742345,attraction
La rumba catalana,41.3793219,2.1667796,attraction
En reconeixement al treball de les dones,41.3601079,2.0718986,attraction
Street Art SIDA,41.3827782,2.1660516,attraction
A la Sardana,41.454872,2.2049287,attraction
Estàtues del Progrés: Comerç,41.3887793,2.1837072,attraction
Antoni Viladomat,41.3888194,2.1830505,attraction
,41.380667,2.1733806,attraction
,41.4246233,2.1926884,attraction
,41.3829415,2.1727288,attraction
"Lliures, feministes, i rebels. mural",41.3841509,2.1790543,attraction
,41.3766319,2.0823288,attraction
,41.3884769,2.1669614,attraction
A les Victimes de Mathaussen,41.447036,2.2100465,attraction
,41.4117191,2.2031209,attraction
Font del Gall,41.38588,2.1563417,attraction
Via Sepulcral Romana,41.3842588,2.1721488,attraction
Pérgola fotovoltaica del Fórum,41.4114354,2.2281079,attraction
,41.3837978,2.1593252,attraction
Casa de les Punxes,41.3980126,2.1640287,attraction
les formigues,41.3850478,2.1828506,attraction
,41.4349406,2.181416,attraction
,41.3857518,2.1799848,attraction
,41.4095678,2.2216542,attraction
Restaurant La Orotava,41.3901051,2.1641982,attraction
,41.4297286,2.1616073,attraction
,41.3891489,2.1729209,attraction
,41.3839856,2.1672894,attraction
fanals del passeig de Lluis Companys,41.3909827,2.1810061,attraction
,41.3913216,2.1805252,attraction
,41.4313701,2.2148642,attraction
Adolescent,41.399861,2.2030051,attraction
Mirador del Bosquet de les Escoles,41.4656018,2.2098661,attraction
,41.4252643,2.2199028,attraction
,41.4225967,2.22918,attraction
Mirador del Migdia,41.3584538,2.1593183,attraction
,41.3948022,2.1665239,attraction
La Puntaire,41.3674068,2.1719018,attraction
Casa Milà,41.3953996,2.1617621,attraction
Artemisa,41.4401885,2.1453186,attraction
,41.3856964,2.1911025,attraction
,41.4245238,2.192757,attraction
Miliu,41.4027809,2.173734,attraction
Casa de les columnes trencades,41.3824211,2.1791209,attraction
,41.4476088,2.1719403,attraction
Espiral Arbrada,41.3941397,2.1844594,attraction
,41.4025597,2.1583388,attraction
,41.3983081,2.181664,attraction
Font de la Portaferrissa,41.3830424,2.1718972,attraction
Morgen,41.3706576,2.1498312,attraction
Capella de Santa Àgata,41.3842673,2.1775147,attraction
Bridges,41.3565443,2.1260342,attraction
Monument a Anselm Clavé,41.4039835,2.16352,attraction
,41.3989563,2.1940849,attraction
Façana de la Passió,41.4033139,2.1739863,attraction
mural,41.4058387,2.1715733,attraction
,41.3797992,2.1923587,attraction
Monument a Lluís Companys,41.4280237,2.2245682,attraction
,41.389778,2.1757375,attraction
Francesc Carreras i Candi,41.3884855,2.1878219,attraction
Dona / Montseny,41.3867869,2.1694607,attraction
,41.3863021,2.1975789,attraction
Casa Vicens,41.4035057,2.1506255,attraction
Anfiteatre anatòmic segle XVIII,41.3815793,2.1694487,attraction
,41.4172252,2.1640745,attraction
,41.3578253,2.1526786,attraction
Palau del Baró de Quadras,41.3966518,2.1614113,attraction
,41.3666289,2.1693668,attraction
Mirador de pescadors,41.3644291,2.1858103,attraction
Casa Bruno Cuadros,41.3814302,2.1733295,attraction
Torre Bellesguard,41.4095596,2.1268436,attraction
,41.4091321,2.1417829,attraction
Palau de la Generalitat de Catalunya,41.3831115,2.1765207,attraction
Park Güell,41.4139288,2.1525588,attraction
Casa Pia Batlló,41.3885425,2.1665052,attraction
Pati Manning,41.3841795,2.1662636,attraction
,41.4065589,2.1057155,attraction
,41.4211578,2.155282,attraction
El Mecedor,41.4442268,2.1523882,attraction
,41.4339298,2.1661614,attraction
Escoles de la Sagrada Família,41.4029873,2.1742067,attraction
Mirador Torre Glòries,41.4035199,2.1895186,attraction
,41.3690796,2.1655089,attraction
Horari grades dilluns divendres 16 a 20,41.4273762,2.1834513,attraction
,41.3711983,2.1717048,attraction
,41.3804142,2.1967421,attraction
,41.4216022,2.165591,attraction
,41.4200696,2.1363342,attraction
World Trade Center Barcelona,41.3715828,2.1812644,attraction
,41.364451,2.1422619,attraction
,41.3587391,2.1513473,attraction
Mirador del Turó d'en Cors,41.4069633,2.1009357,attraction
,41.3710762,2.1726382,attraction
Rosa dels Vents,41.3814588,2.1846465,attraction
Torre de l'esglesia,41.3828678,2.1781857,attraction
,41.4273452,2.1898225,attraction
Masia Can Po Cardona,41.370117,2.0540118,attraction
Casa Lleó Morera,41.3911154,2.1652435,attraction
,41.4202782,2.1215737,attraction
,41.436357,2.0888103,attraction
Arc Adrianenc,41.4291648,2.2125593,attraction
,41.3697655,2.1725602,attraction
,41.4195694,2.1620793,attraction
Antic Gasòmetre,41.3831426,2.1929741,attraction
,41.3601024,2.1620991,attraction
,41.3694213,2.1620696,attraction
,41.3691597,2.1501891,attraction
Casa Larrard,41.413648,2.1520705,attraction
Editorial Montaner i Simón,41.3917001,2.1635818,attraction
Mirador Vela,41.3692271,2.191118,attraction
,41.3641398,2.1516836,attraction
Antic camí del funicular de Montjuïc,41.3671944,2.1631608,attraction
,41.4546652,2.1879352,attraction
гора Монжуик,41.3711209,2.1667217,attraction
,41.3635961,2.1874788,attraction
Sortida emergencia,41.3614406,2.1237576,attraction
,41.4432024,2.138142,attraction
,41.371227,2.1728595,attraction
,41.3708664,2.1703969,attraction
El Turó de la Rovira,41.4193469,2.1617443,attraction
,41.4155692,2.1694973,attraction
Pavelló Mies van der Rohe,41.370557,2.1499593,attraction
,41.4327544,2.1655469,attraction
Mirador Walden,41.3808811,2.0680814,attraction
El Templet,41.3776901,2.0569706,attraction
,41.419792,2.1610443,attraction
Casa Antònia Serra i Mas,41.3949873,2.1915835,attraction
,41.3864457,2.1005366,attraction
,41.4157087,2.1696283,attraction
,41.3567794,2.0835363,attraction
,41.3753455,2.1153573,attraction
Mirador de Finestrelles,41.3870092,2.1037497,attraction
,41.414377,2.1709298,attraction
Casa Vilchez,41.458354,2.2076933,attraction
Mirador del Port Vell,41.3790277,2.1837439,attraction
Dissabtes diumenges i festius de 10 a 2,41.4204622,2.1978024,attraction
Mirador dels Xiprers,41.389719,2.1001233,attraction
,41.39114,2.1652696,attraction
,41.3615373,2.1577278,attraction
Mirador del Llobregat,41.3670187,2.1437515,attraction
,41.4186222,2.169285,attraction
Cercle d'Economia,41.3951713,2.1623088,attraction
Mirador de Joan Sales,41.4162562,2.1528918,attraction
Mirador en Colors,41.4075683,2.1017727,attraction
Temple d'August,41.3833749,2.1772306,attraction
Esfinx,41.3781852,2.0556958,attraction
,41.4186861,2.1635091,attraction
Creueta del Coll,41.4198687,2.146842,attraction
,41.4374795,2.2112328,attraction
Turó del Carmel,41.4184156,2.1532658,attraction
Pòrtic de la Bugadera,41.413893,2.1521992,attraction
Casa Mulleras,41.3912124,2.1651211,attraction
Mirador de la Rambla del Rompeolas,41.3646272,2.1857374,attraction
,41.4189467,2.1615958,attraction
,41.387447,2.2034542,attraction
Mirador de la Rabassada,41.4312641,2.1311016,attraction
Austria Gardens,41.414055,2.1530402,attraction
,41.4218892,2.1531405,attraction
,41.4077609,2.2243601,attraction
,41.3745055,2.0967664,attraction
,41.3631775,2.1676639,attraction
Mirador de l'antic teatre del parc d'atraccions,41.3680627,2.1666885,attraction
Campana de la Pau,41.3660592,2.1523035,attraction
Torre de Comunicacions de Montjuïc,41.3642778,2.1506072,attraction
,41.3669341,2.1047656,attraction
Galería Maxó,41.3888034,2.180624,attraction
,41.3631734,2.1675236,attraction
Mirador del parc del Tibidabo,41.4212217,2.1195417,attraction
Façana de l'antic polvorí,41.368995,2.1681144,attraction
Mirador de Sarrià,41.4059077,2.1102129,attraction
Mirador de les aigües,41.3571075,2.0692011,attraction
,41.4183255,2.1750318,attraction
Mirador de Freddie Mercury i Montserrat Caballé,41.4021975,2.1852543,attraction
,41.3287009,2.1086907,attraction
,41.3690206,2.153187,attraction
,41.4186172,2.1618643,attraction
,41.4189996,2.1611399,attraction
Ajuntament de Valderrobres,41.3688644,2.1475057,attraction
,41.3694144,2.1549137,attraction
City Sailing Barcelona,41.3753125,2.1785625,attraction
Casa Sayrach,41.3946333,2.1530982,attraction
,41.3613421,2.1562003,attraction
Asador de Aranda,41.4132968,2.1343348,horeca
Starbucks,41.3880191,2.1679205,horeca
7 Portes,41.3821717,2.1832472,horeca
4Gats,41.3857384,2.1736392,horeca
Fábrica Moritz Barcelona,41.3825668,2.1633965,horeca
Can Ramonet,41.3808197,2.1889159,horeca
Restaurant Hofmann,41.397162,2.1530322,horeca
Can Culleretes,41.381215,2.1744185,horeca
Casa Leopoldo,41.3792715,2.1695103,horeca
HOT Frankfurt,41.3847242,2.1829681,horeca
Disfrutar,41.387762,2.1531722,horeca
ALKIMIA,41.3826569,2.1633778,horeca
Alsur Café,41.3910663,2.1713654,horeca
Flash Flash,41.3965735,2.1521975,horeca
Restaurante Mezza,41.3909942,2.1714496,horeca
Restaurante Can Bo,41.3848981,2.1777279,horeca
La Terraza del Central,41.385131,2.1778655,horeca
CiaoCiao Restaurant,41.3799734,2.174591,horeca
Amani Sky & Tapas Bar,41.4151111,2.220221,horeca
Botanicus Cocktail Bar,41.4020152,2.2009443,horeca
Museu de la Xocolata,41.3871147,2.1817234,horeca
Can Campmany,41.4270461,2.0499358,horeca
Can Sardà,41.4601631,2.1244945,horeca
la Caseta del Migdia,41.3596826,2.1607144,horeca
Mirablau,41.4160365,2.1319237,horeca
Can Cortada,41.4362503,2.1524832,horeca
Taller de Tapas,41.3836716,2.1806392,horeca
Viena,41.3341978,2.0512074,horeca
McDonald's,41.3295643,2.0519036,horeca
El Nacional,41.3906926,2.1684789,horeca
Can Paixano,41.3817618,2.1834151,horeca
Vila Viniteca,41.3824742,2.1815472,horeca
Wok to Walk,41.3822966,2.1719827,horeca
Granja Viader,41.383021,2.1710542,horeca
Buenas Migas,41.3753402,2.1894951,horeca
Amorino,41.384831,2.1701595,horeca
Hard Rock Cafe,41.3859551,2.1707466,horeca
Trobadour,41.387684,2.1683456,horeca
Taller de Tapas,41.3905645,2.1639038,horeca
Tsukimi,41.3896885,2.1568164,horeca
Patagonia Beef & Wine,41.3911199,2.170955,horeca
La Vietnamita,41.4007425,2.1591008,horeca
Bilbao Berria,41.3841976,2.1748665,horeca
Tapas 24,41.3908686,2.1674705,horeca
Cal PEP,41.3839345,2.1833856,horeca
El Xampanyet,41.3845086,2.1816748,horeca
Tosca del Carme,41.3819482,2.1695795,horeca
Conesa,41.383052,2.1771014,horeca
Gelaaati di Marco,41.3831979,2.1772974,horeca
El Filete Ruso,41.3925451,2.1558968,horeca
Mescladís del Pou,41.3870865,2.1803497,horeca
Ugarit,41.4057927,2.1624391,horeca
Sucursal Aceitera,41.3771451,2.1631914,horeca
Mos Art,41.4059584,2.1770329,horeca
Mussol Restaurant,41.3876171,2.1290933,horeca
Market Restaurant,41.3791877,2.1606251,horeca
Paco Meralgo,41.3916202,2.15248,horeca
Burger King,41.3555504,2.098105,horeca
Contracorrent,41.3955456,2.181968,horeca
Albarakah,41.388556,2.158145,horeca
Yakumanka,41.3902658,2.15992,horeca
Restaurant Argentina Vinya Rosa,41.3899015,2.1467719,horeca
Tijuana,41.389529,2.1466861,horeca
Bambú Lounge,41.4036039,2.1580358,horeca
McDonald's,41.3758217,2.1203135,horeca
Ciudadela,41.3894426,2.183741,horeca
Taller de Tapes,41.3784591,2.1225986,horeca
Kayi Sushi Barcelona,41.3947557,2.1556429,horeca
Le Romane,41.3887973,2.1563315,horeca
Balmes / Rosselló,41.392857,2.157623,horeca
Restaurant Cercle d'Amics,41.3928642,2.1565684,horeca
El Nou,41.4002233,2.1212816,horeca
Casa Amalia,41.3962525,2.1685646,horeca
Casa Alfonso,41.3900989,2.1730614,horeca
Kioto,41.4056012,2.16892,horeca
Restaurant Lluerna,41.4554014,2.2066012,horeca
Caelum,41.3830524,2.1744369,horeca
Els 'Pollos' de Llull,41.3910559,2.1909419,horeca
Buenas Migas,41.3755556,2.1485252,horeca
Bodega Joan,41.3917146,2.1555005,horeca
"Els ""pollos"" de Llull",41.4024827,2.1702045,horeca
Asador de Lugo,41.3797623,2.1376748,horeca
McDonald's,41.4093668,2.2164925,horeca
Viena,41.4091945,2.2164444,horeca
Can Majó,41.3775229,2.190889,horeca
Bar del Pi,41.3824922,2.1739624,horeca
Sopa,41.4023416,2.1952788,horeca
Rossini,41.379902,2.1758524,horeca
Dionisos,41.3855314,2.1854577,horeca
La Paradeta,41.386252,2.1839263,horeca
Passadís del Pep,41.382955,2.1825442,horeca
Craft Barcelona,41.3831558,2.176977,horeca
La Riera,41.3770477,2.1226068,horeca
Semproniana,41.3910022,2.1545564,horeca
Santa Burg,41.3797396,2.1367188,horeca
Moments,41.3912124,2.1668956,horeca
Lata-Bern@,41.4060937,2.1602245,horeca
Can Travi Nou,41.4310796,2.1521173,horeca
MariscCo,41.3942919,2.1567572,horeca
Arrosseria Xàtiva,41.389189,2.1403603,horeca
Cafetería Pizzería Afrika,41.321225,2.0860328,horeca
Torre d'Alta Mar,41.3731453,2.1879727,horeca
Bodega la Palma,41.3822938,2.1787603,horeca
Glaciar,41.380221,2.1746504,horeca
Bambarol,41.3950756,2.146334,horeca
¡Hola Nepal!,41.4072141,2.1727777,horeca
Bar Lúdic Queimada Nivell Q,41.4094152,2.1808913,horeca
The Dog is Hot,41.3828607,2.1653713,horeca
Buenas Migas,41.3838079,2.1773128,horeca
Fukuoka,41.4022587,2.1612976,horeca
Biocenter,41.3825765,2.1694364,horeca
Bar Delicias,41.4182484,2.1575442,horeca
Els Mistos,41.4306168,2.1474229,horeca
El Último Agave,41.3878773,2.1588564,horeca
1881 per Sargadi,41.3807514,2.1860546,horeca
Buenas Migas,41.4100648,2.1373289,horeca
Bar Falstaff,41.3998575,2.1620158,horeca
Creps al Born,41.3842949,2.1827139,horeca
Petra,41.3839149,2.1817695,horeca
Askadinya,41.4038617,2.1569498,horeca
Fantastico,41.3928665,2.1522438,horeca
Santana,41.3996538,2.1215903,horeca
Kino,41.3825992,2.1665452,horeca
Cafè de l'Òpera,41.3809698,2.1737766,horeca
Dry Martini,41.3927442,2.1539985,horeca
La Monroe,41.3787207,2.170759,horeca
La Pausa,41.4071883,2.1557816,horeca
Addis Abbeba,41.379445,2.1372111,horeca
Caravelle,41.3822872,2.1688475,horeca
Hexa Sushi,41.3821959,2.1353872,horeca
Afrodita,41.3804099,2.1779709,horeca
Gran Viana,41.3798549,2.1767194,horeca
Mezcal Taco Bar,41.3830563,2.1554872,horeca
9Cèntric,41.322097,2.0941557,horeca
ARTiSA,41.3796874,2.174911,horeca
Pim Pam Burger,41.4048905,2.1324544,horeca
La Cervesera Artesana,41.3981483,2.1608553,horeca
Taller de Tapas,41.3820558,2.1745986,horeca
Llamber,41.3864386,2.1831448,horeca
Chocolatería La Nena,41.4026573,2.1588747,horeca
Banna,41.4025581,2.15804,horeca
Zumm,41.4008587,2.1474242,horeca
Bar Canigó,41.4029724,2.1579186,horeca
Casa de Varela,41.4007973,2.1473333,horeca
El Rincon de Aragon,41.382383,2.1703643,horeca
Nabuco Tiramisú,41.4004523,2.1577244,horeca
La Cratera,41.3916254,2.147994,horeca
Kyoka II,41.3951234,2.1817653,horeca
Crep Nova Sarrià,41.400674,2.1224843,horeca
Buenas Migas,41.3975542,2.1587856,horeca
La Fonda,41.3793598,2.1762144,horeca
TapaTXI Colón,41.3783617,2.1754339,horeca
Bar Restaurant La casa de les Lletres,41.3811462,2.1813152,horeca
Robata Sushi & Grill,41.3904886,2.1585836,horeca
Homo Sibaris,41.3762147,2.1388121,horeca
La Cova Fumada,41.3792983,2.1891943,horeca
La Esquinica,41.4304816,2.1712169,horeca
Café del Centre,41.3946111,2.1712059,horeca
New Chaps,41.3970928,2.1628073,horeca
Caliu de Gràcia,41.4024412,2.1635243,horeca
Cerveseria Jazz,41.372246,2.1631577,horeca
Tinta Roja,41.3742741,2.1619869,horeca
Ginger,41.382757,2.1785313,horeca
Arcano Restaurant Barcelona,41.3850046,2.1786227,horeca
Rasoterra,41.381234,2.1780994,horeca
El Magraner Boig,41.3792938,2.1708328,horeca
Le Cucine Mandarosso,41.3869654,2.1761111,horeca
Rabipelao Rawalistan,41.3804293,2.1643009,horeca
Kælderkold,41.3816113,2.1733408,horeca
Bar Cañete,41.3791405,2.173138,horeca
El Quim De La Boqueria,41.3819517,2.1721675,horeca
Tapeo,41.3845835,2.1817692,horeca
SlowMov,41.3981094,2.1545583,horeca
Nømad Cøffee,41.3889108,2.1771731,horeca
La Paradeta Passeig de Gràcia,41.3919114,2.167079,horeca
Federal,41.3780531,2.1778033,horeca
Flax&Kale,41.3851539,2.16553,horeca
Windsor,41.3945914,2.1572605,horeca
Moo,41.3961776,2.160917,horeca
La Llesca,41.4024443,2.1573002,horeca
Mauri,41.3939907,2.1600647,horeca
Tosca Tapas y Vino,41.3873922,2.1756251,horeca
La Dentellière,41.3803396,2.1800186,horeca
Granja Petitbo,41.3976109,2.1724897,horeca
Bar Celta Pulperia,41.3866752,2.1823685,horeca
Rekons,41.3806195,2.1610796,horeca
Mussol,41.389389,2.1705448,horeca
Vacka,41.3970624,2.1568589,horeca
Buenas Migas,41.3838044,2.1696233,horeca
Petit Comitè,41.3943551,2.1600308,horeca
La Esquina,41.3859198,2.1678956,horeca
McDonald's,41.4013759,2.1534955,horeca
Restaurant Honesto,41.397848,2.1768226,horeca
Bar Celoneta Sangria Bar,41.3768604,2.1899727,horeca
Bar Cugat,41.3955828,2.1676294,horeca
Ikibana Parallel,41.3752174,2.1582392,horeca
Mayura,41.3938992,2.1720914,horeca
Cachitos Rambla,41.3894921,2.1652216,horeca
König,41.3876932,2.1677832,horeca
Faborit,41.3915836,2.1650592,horeca
La Panxa del Bisbe,41.4095146,2.1571374,horeca
Escribà,41.3935502,2.205339,horeca
Messié Pizza Sin Gluten,41.4009856,2.1595985,horeca
Julivert Meu,41.384338,2.1703394,horeca
BlackLab Brewhouse & Kitchen,41.3812305,2.1854573,horeca
el puma,41.3878563,2.160572,horeca
Restaurant L'Olive,41.3890979,2.1626768,horeca
Bacaro,41.3812088,2.1715233,horeca
Ramen Ya-Hiro,41.3996217,2.1649396,horeca
La Gavina,41.3807532,2.1853211,horeca
Boys Bar BCN,41.3842857,2.1591274,horeca
Punto BCN,41.3866794,2.1591527,horeca
La Tagliatella,41.3922384,2.1679794,horeca
Grasshopper,41.3851342,2.1793056,horeca
ABaC,41.4104436,2.1365386,horeca
BBQ Express ®,41.3901697,2.1448443,horeca
Bicioci,41.3999229,2.1619101,horeca
Teresa Carles,41.3851442,2.1680352,horeca
Belle Buón,41.411328,2.1733203,horeca
El Mussol,41.4048291,2.1914585,horeca
Cafetería 365,41.3744652,2.1675541,horeca
Café Arabia Barcelona,41.3796023,2.1762764,horeca
Santa Ceviche,41.3736856,2.1440345,horeca
Oma Bistró,41.3855902,2.1581806,horeca
Viena,41.3886294,2.1714279,horeca
Céleri,41.3942211,2.1484577,horeca
Indochine Ly Leap,41.3879194,2.157983,horeca
Bun Bo Gótico,41.385069,2.1749973,horeca
Kyoka Via Augusta,41.3979693,2.1315017,horeca
Can Lampazas,41.3747776,2.1580379,horeca
CatBar,41.3810196,2.1809626,horeca
Can Vilaró,41.3779004,2.1617005,horeca
Montesquiu,41.4046825,2.1325233,horeca
Mantequerias Pirenaicas,41.4048203,2.132357,horeca
Sushi Taller,41.4048621,2.1326565,horeca
Bénédict,41.3813942,2.1801802,horeca
Rocambolesc,41.380248,2.1738068,horeca
Via Veneto,41.3924558,2.1390672,horeca
Forn Mistral,41.3844065,2.1645945,horeca
Casa Lolea,41.3888056,2.1771897,horeca
La Central,41.386686,2.1749567,horeca
Collonut,41.4197282,2.1830381,horeca
La Pizza del Born,41.3818471,2.1759565,horeca
De Paula: l'hamburgueseria del Poble Sec,41.3723646,2.1612801,horeca
Betlem,41.3949258,2.1712207,horeca
Foxy Bar,41.3803273,2.1643441,horeca
Caj Chai,41.3828733,2.175566,horeca
Margarita Blue,41.3779098,2.1783933,horeca
Bodega 1900,41.3755417,2.1566504,horeca
Koi Koi,41.4079354,2.1685981,horeca
De Gustibus Italiae,41.4027491,2.1330183,horeca
Nakashita,41.3899184,2.1798326,horeca
Yi Duo 2,41.4179347,2.1838024,horeca
Black remedy,41.3824551,2.1777699,horeca
Granja Petitbo,41.3899648,2.1576743,horeca
Pampa Drugstore,41.3827176,2.1712051,horeca
El Tall Ibèric,41.4118797,2.1886535,horeca
Taberna del Bierzo,41.389919,2.1424208,horeca
Santa Burg Eixample,41.3945168,2.1655676,horeca
WER-HAUS,41.3937577,2.1667187,horeca
Restaurant Sant Marti,41.4218486,2.1973032,horeca
D'ins. escola restaurant,41.4145487,2.2212183,horeca
ATN,41.3846253,2.1717551,horeca
Vila's Bar,41.4059086,2.1571314,horeca
Chifa Doromari Barcelona,41.3842096,2.1555833,horeca
La Royale,41.4034362,2.1360169,horeca
Alsur Café (El Born),41.3864967,2.1800947,horeca
The Juice House,41.3757113,2.161764,horeca
Debut,41.362605,2.1016591,horeca
La Balmesina,41.3970301,2.1522555,horeca
ÖSSkaffe,41.382095,2.1664306,horeca
Guzzo,41.3850929,2.1836594,horeca
Àsia amb Gràcia,41.4042542,2.1559884,horeca
La Taberna de Lesseps,41.4055378,2.147779,horeca
Maná 75°,41.3687343,2.1884028,horeca
Xurreria de Sagrada Familia,41.4017405,2.1734768,horeca
La Raposa,41.3725137,2.1639527,horeca
La Pizza,41.400907,2.1580899,horeca
Pla de la Garsa,41.3860118,2.1805926,horeca
Ziryab Fusion Tapas Bar,41.3840509,2.1802488,horeca
Restaurante Roseline Taberna,41.3797304,2.1614634,horeca
Restaurante Montiel,41.3856261,2.1818153,horeca
El Dorado Chicken,41.3930251,2.1579995,horeca
Buenas Migas,41.3852245,2.1633443,horeca
Swagatam,41.3982774,2.160725,horeca
MOMO,41.3851739,2.1512732,horeca
Gelateria Palau,41.3875601,2.1757899,horeca
Casa Figari,41.4035201,2.1555614,horeca
El Mercader de L'Eixample,41.3923316,2.1603286,horeca
Amorino,41.3833907,2.1724912,horeca
Gourmet tapas by SENSI,41.3806249,2.1795241,horeca
Buenaventura,41.3895716,2.176955,horeca
Sidreria el Furaco,41.3938159,2.1726665,horeca
Fast Kibuka,41.399372,2.1602281,horeca
Riko's Braseria - Restaurante,41.3929731,2.1692667,horeca
Godot,41.4001692,2.1569644,horeca
Biscuiter,41.3893177,2.1786261,horeca
Chico,41.403085,2.1337574,horeca
Aguaribay,41.3991494,2.2051653,horeca
Estudiantil,41.3863093,2.1646356,horeca
Bollocks,41.3810509,2.1805139,horeca
Bar Los Cuadrados,41.3695543,2.097487,horeca
Cafè Orlandai,41.3984209,2.1246729,horeca
Monaco Shisha Lounge,41.3833212,2.1616932,horeca
Nectari,41.3799477,2.1466305,horeca
Sensi bistro,41.3814609,2.1789786,horeca
Buenas Migas,41.3944796,2.1497784,horeca
Macao,41.3847796,2.1422978,horeca
Floripa,41.3898793,2.1576823,horeca
Tou Kichi Rou,41.3919953,2.1432267,horeca
Ugarit,41.3772029,2.1370644,horeca
Saffron Bar Restaurant,41.3901444,2.1594648,horeca
L'Antic forn,41.3825799,2.1690215,horeca
Gresca Bar,41.3913245,2.1571759,horeca
Milano,41.4224282,2.1781503,horeca
The Black Horse Pub,41.386568,2.1811814,horeca
La Mundana,41.3811619,2.1357986,horeca
Flax & Kale,41.3884173,2.1765204,horeca
Tio Joe,41.3963565,2.1550462,horeca
Cabañeros,41.3782752,2.1377069,horeca
Buenas Migas,41.4024253,2.1743326,horeca
Restaurant Xarcuteria Valentin,41.3924773,2.1694613,horeca
Toni Bigoti,41.3898085,2.138731,horeca
Paco Alcalde,41.3773337,2.1897527,horeca
L'AUTÈNTIC Restaurant Libanès,41.4020828,2.200141,horeca
360°,41.3790957,2.1696433,horeca
Bar La Chispa,41.354483,2.1103345,horeca
Xiloka,41.3736012,2.1701738,horeca
bicos restaurante,41.4000729,2.1748787,horeca
Retruco,41.4116187,2.2069572,horeca
BRO room,41.4070401,2.1735829,horeca
Nanaya,41.3918925,2.1437944,horeca
Pura Brasa,41.3879747,2.1673969,horeca
9 Nine,41.3964047,2.1684521,horeca
Barna Brew,41.3773461,2.1635646,horeca
UDON,41.4051569,2.1921906,horeca
La Brochette,41.3935508,2.1499538,horeca
Rao,41.3842946,2.1697057,horeca
Bismillah-Kebabish,41.3819856,2.1664942,horeca
Ajoblanco,41.3959119,2.1521911,horeca
Tetería Mailuna,41.383238,2.1647324,horeca
Kserol,41.3986236,2.1753141,horeca
Sensi Mezzanine Tapas,41.3801634,2.1798648,horeca
La Candela,41.3892725,2.1789088,horeca
Costa Pacifico,41.3880544,2.1806686,horeca
Amigó,41.3794054,2.1617499,horeca
dsushi,41.4004657,2.1396922,horeca
Lux&Burg,41.4105905,2.1369816,horeca
La Pizza del Born,41.3845664,2.1828742,horeca
Honest Greens,41.3986972,2.1569862,horeca
Restaurante Loto,41.3823755,2.1763476,horeca
Avinyo10,41.381416,2.1761311,horeca
Don Kilo Barcelona,41.397847,2.1669067,horeca
Craft Pizza,41.3976319,2.164883,horeca
La Fábrica - Capfoguer,41.4461404,2.2087686,horeca
Bar Verat,41.4553057,2.2064924,horeca
Saiko,41.3869936,2.1545737,horeca
Buenas Migas,41.3752307,2.1612389,horeca
Tropico,41.3776991,2.1714405,horeca
Spaccanapoli,41.3893937,2.1797724,horeca
Kuyi,41.3878591,2.142481,horeca
Tapes Barcelona,41.3809857,2.1804515,horeca
Koyo,41.3755976,2.1318104,horeca
Nabucco Obrador Vegetarià,41.4007356,2.1602256,horeca
Un Bocado,41.3866556,2.1478966,horeca
Burger King,41.3581339,2.1400428,horeca
Piccola Italia,41.3694443,2.1379111,horeca
König,41.3862163,2.1827612,horeca
Nikkei 103,41.3874951,2.1604182,horeca
Malaysia,41.4000237,2.1507914,horeca
Oishii,41.389343,2.1742629,horeca
Galician Grill,41.3596972,2.1362721,horeca
Three Marks Coffee,41.397233,2.183147,horeca
Liston restaurant,41.3744611,2.1747699,horeca
Comarca Cuina L’Hocal,41.3609203,2.1295937,horeca
Restaurant Bodega de Tapas,41.3772493,2.1371156,horeca
Japonia Café,41.3806518,2.1387176,horeca
Tramendu El caliu de la brasa,41.3686107,2.1343023,horeca
Set de Gòtic,41.3857903,2.1738261,horeca
L'Oasi a Consell,41.3830142,2.1547507,horeca
Antigua,41.3980086,2.1492952,horeca
L'Antica Pizzeria da Michele,41.3928154,2.1682858,horeca
Gandhi,41.3877002,2.1645187,horeca
Eatmytrip Brunch & Bakery,41.3951579,2.1713509,horeca
Kobuta ramen i més,41.3698057,2.1332507,horeca
La Fermata de Sarriá,41.3958974,2.1254419,horeca
El Pa Sencer,41.3835483,2.1341796,horeca
Ateneu Popular de les Corts,41.3826968,2.1329407,horeca
La Mar Salada,41.3768035,2.1888904,horeca
Kiltro Gràcia,41.4018317,2.1544539,horeca
Sensi Tapas,41.380334,2.1799583,horeca
The Grill Barcelona,41.3768415,2.1774088,horeca
Antoxo,41.3655209,2.1302985,horeca
LomoAlto,41.3936053,2.1663935,horeca
Mussol,41.391871,2.1641798,horeca
Misiú,41.3919087,2.1686068,horeca
Tuscania,41.4041223,2.1764933,horeca
El Rincón de la Abuela Venezolana,41.4058359,2.1788147,horeca
Blu Bar,41.3983358,2.2045648,horeca
The Green Spot,41.3817478,2.1839482,horeca
Micu Maku,41.3868304,2.1616692,horeca
L'encant vegetarià,41.4039185,2.1819255,horeca
El Sabor Cubano,41.3993625,2.1589245,horeca
En Ville,41.3828914,2.1686299,horeca
El Nou Ramonet,41.3817315,2.1876268,horeca
DelaCrem,41.3879762,2.1618367,horeca
Sato i Tanaka,41.3945422,2.1689631,horeca
La Terraza Miro,41.3773318,2.1460067,horeca
Sants es crema,41.3814553,2.1368597,horeca
Arrosseria Xàtiva,41.3841945,2.1628279,horeca
La Paradeta,41.3996162,2.1602168,horeca
My Way restaurant lounge bar,41.3808801,2.1754294,horeca
Frankfurt Braulio,41.3647279,2.1255258,horeca
La Colosal,41.3888,2.16622,horeca
D'Street - Poke & Bowls,41.3862845,2.1253416,horeca
KFC,41.3758022,2.1201449,horeca
Santagloria,41.3863926,2.1243567,horeca
laestrella,41.3837871,2.1850457,horeca
Fat Veggies,41.3962525,2.1712885,horeca
Sergi de Meià,41.3904087,2.156894,horeca
El Mercat,41.3913941,2.1730643,horeca
Can Punyetes,41.3987014,2.1596859,horeca
Malhumor,41.40441,2.1947619,horeca
Malvón,41.4037781,2.1974304,horeca
101,41.371555,2.1305323,horeca
Mamma Italia,41.3764642,2.1234304,horeca
The Good Burger,41.3661685,2.1369072,horeca
La Provençana,41.3670711,2.1262898,horeca
La Selva - braseria - steakhouse,41.4087635,2.1735925,horeca
Copitas Bistro,41.4069191,2.175165,horeca
Bocca di Banifacio,41.4054648,2.1709583,horeca
Can Ros,41.3773507,2.1893813,horeca
Més de vi,41.4003162,2.205687,horeca
Estufas Guía,41.3811286,2.1265834,horeca
Etniko Cocktail Bar,41.3837436,2.1826835,horeca
SandwiChez,41.3907684,2.1723455,horeca
Buenas Migas,41.3932292,2.1620203,horeca
Pulpería A Gudiña,41.3754685,2.1563636,horeca
Bodega La Puntual,41.3844728,2.1817735,horeca
Sichuan,41.4107627,2.1735795,horeca
Tento,41.3948887,2.1573666,horeca
Buenas Migas,41.4053896,2.1918005,horeca
Fukuya-8,41.4097693,2.172632,horeca
La Dolce e Vito,41.3877921,2.0588161,horeca
Honest Greens,41.387556,2.1679623,horeca
Hu Nan,41.3952542,2.1244374,horeca
El Escondite,41.3945512,2.1257481,horeca
Restaurant Txokoa Diagonal,41.3883908,2.1309396,horeca
The Fish & Chips Shop,41.3993901,2.1504321,horeca
Aiueno,41.4001537,2.166687,horeca
Syra Coffee,41.3986914,2.1503073,horeca
Yatai,41.3843059,2.1560778,horeca
Brew Wild,41.3867826,2.159802,horeca
El Pa Torrat,41.3971011,2.1441506,horeca
Pepa Tomate Gràcia,41.402813,2.1576215,horeca
Subway,41.3918997,2.1665775,horeca
La fábrica,41.3898833,2.1469077,horeca
Tapas 2254,41.3900845,2.1641778,horeca
"Lato Café - Breakfast, Brunch y Ceviches",41.3962798,2.1671018,horeca
La Calaca Barcelona,41.4132583,2.1953858,horeca
Ruta 6 craft brewery & urban food,41.3929802,2.1525763,horeca
Ceviche 103,41.3936814,2.1507897,horeca
UMA,41.3945015,2.1457388,horeca
Bastaix,41.3836448,2.182613,horeca
Viena,41.3953941,2.1559894,horeca
Hijos de cain Bar,41.3966728,2.1919552,horeca
D9,41.3967903,2.1921194,horeca
El Tiet Taver-Teca Taberna Gastronómica,41.3994073,2.1633578,horeca
La Suerte - Ramen Sushi Restaurant,41.3623335,2.1394773,horeca
La Porca,41.372993,2.170774,horeca
Yuan Lao Si Hotpot,41.393571,2.1714824,horeca
Ekaterina,41.3807627,2.1579483,horeca
Restaurant Roma,41.399114,2.1487851,horeca
Casa Masala,41.390611,2.1544506,horeca
Crep Nova Pedralbes,41.3896397,2.122872,horeca
Aspic,41.3895073,2.1241273,horeca
Pizzeria Napoletana Core e Passiòn,41.3747149,2.1593115,horeca
El Farolito,41.3911915,2.1249075,horeca
Vicio,41.3997023,2.1499646,horeca
Ve De Gust,41.3930591,2.1899199,horeca
Syra Coffee,41.4045293,2.1716371,horeca
Soma,41.3909973,2.1562707,horeca
Bar Torpedo,41.3922397,2.1538817,horeca
Telepizza,41.3714576,2.1273451,horeca
Neko,41.4005976,2.1493449,horeca
La Beata,41.3992409,2.1580325,horeca
Restaurant Cafeteria Coral,41.3825922,2.141976,horeca
La Capricciosa,41.3853852,2.1432117,horeca
Luigi,41.3921353,2.1438705,horeca
Restaurante chino La Paz,41.404932,2.135778,horeca
Bushido Sushi,41.3922415,2.151205,horeca
Han In,41.3871562,2.1612437,horeca
Sumac & Mambo,41.3903707,2.1591939,horeca
Mutenroshi Ramen,41.3982981,2.1607053,horeca
Can Kenji,41.4004186,2.166339,horeca
Yü Sushi,41.3929477,2.1571171,horeca
Velada,41.3812795,2.1752739,horeca
Haldi Indian Restaurant,41.3806356,2.1676553,horeca
Tulsi,41.3878376,2.1611621,horeca
Babula Bar 1937,41.393631,2.1657443,horeca
Garage Beer Co. Poblenou,41.3987704,2.2071931,horeca
Quillo,41.3891366,2.1796504,horeca
Cadaqués,41.3816252,2.1834724,horeca
can framis,41.3910922,2.1789524,horeca
Barcino food brunch,41.3890533,2.1498044,horeca
My Fucking Restaurant,41.3778272,2.173039,horeca
Suculent,41.3781976,2.1704377,horeca
Pardo de Flores,41.3851224,2.1712092,horeca
A Vocados,41.387828,2.1621896,horeca
El Salero,41.4005969,2.1603644,horeca
Dual Cafe,41.3779782,2.1615954,horeca
Salts,41.3690547,2.1654635,horeca
Pötstot,41.3886715,2.1583055,horeca
Bar Billar HDP,41.4017761,2.1550741,horeca
Mussol Arenas,41.3760391,2.1491577,horeca
La Martita,41.375555,2.1557759,horeca
Tacos Tacos,41.3744433,2.165064,horeca
Gula Sana,41.3963053,2.1746413,horeca
Cal Màrius LH,41.3628739,2.1115232,horeca
BoPerTu Cafè,41.3836907,2.1324666,horeca
Copasetic,41.3793706,2.1521693,horeca
Thai Barcelona,41.3910331,2.1676635,horeca
Gut,41.3993559,2.1612314,horeca
Messié Pizza Sin Gluten,41.3892723,2.1557184,horeca
Xurreria Les Palmeres,41.3890169,2.1951631,horeca
Buenas Migas,41.3890038,2.1361079,horeca
Buenas Migas,41.3899281,2.174871,horeca
Buenas Migas,41.388713,2.1519552,horeca
Milanesa Barcelona,41.4011995,2.1610254,horeca
Bar Mut,41.3973001,2.1612785,horeca
Aruku Bcn,41.3994985,2.167484,horeca
La Lluna,41.3853036,2.1715721,horeca
Manioca,41.3885398,2.1310182,horeca
Manioca,41.3910247,2.1899334,horeca
MAAI,41.3995057,2.1508809,horeca
Youcha,41.3935563,2.1810204,horeca
Giulietta Cafè,41.3985298,2.1824733,horeca
DAFUDON,41.386021,2.1673977,horeca
Kasa Japo,41.3860177,2.1674739,horeca
Yamato,41.4026971,2.1770224,horeca
New York Burger Pelayo,41.385914,2.1660808,horeca
Creps Barcelona,41.3900748,2.1651027,horeca
El Quinto,41.400205,2.1963267,horeca
Pizzalona,41.4397414,2.2232746,horeca
Aromme Boutique du cafe,41.4099232,2.1736052,horeca
La Gallina Presumida,41.4001987,2.1511786,horeca
La Llar de Foc,41.4021992,2.1578579,horeca
taps,41.3728758,2.1556472,horeca
Molinet Cafè Antic,41.3740133,2.1599249,horeca
Sushi Bar DING,41.3763012,2.1249319,horeca
Salvatge,41.4007392,2.1578164,horeca
Sushify,41.4376155,2.1916968,horeca
Tierra Burrito Bar,41.4019445,2.1886075,horeca
Veganashi,41.3724648,2.1555635,horeca
Garden Pizza,41.3953599,2.1710956,horeca
Wild Food BCN,41.397936,2.1636759,horeca
Messié Pizza,41.400816,2.15878,horeca
El Matador,41.40087,2.1600243,horeca
KEMO,41.3865741,2.1668799,horeca
ARUKU Sin Gluten Sushi Gluten Free,41.3995079,2.1676227,horeca
O'chispa,41.3681519,2.1121317,horeca
Alain Pizza,41.4083243,2.1800028,horeca
Hideout Burger,41.3868221,2.1602683,horeca
Mirch,41.3823471,2.1682763,horeca
Grosso Napoletano,41.3929644,2.1774705,horeca
Lilith & sons,41.3731086,2.1671059,horeca
Kemako Japonese Burgers,41.4035797,2.1501017,horeca
Izakaya Tansō BBQ,41.3944646,2.1272893,horeca
Machaka Burger,41.3962588,2.1723022,horeca
Sushiko,41.3924433,2.1458033,horeca
Nick,41.3802678,2.131317,horeca
Bodega 1940,41.3766456,2.133303,horeca
La perla negra,41.3758973,2.1406084,horeca
Cuyaco,41.3795624,2.1782541,horeca
chök,41.385258,2.1834197,horeca
Ca La Nuri,41.3937796,2.169046,horeca
Malvón,41.3938014,2.1461695,horeca
Malvón,41.387658,2.17109,horeca
Aromes,41.4233746,2.1912211,horeca
Tacos &Tragos,41.42398,2.1912471,horeca
Super Vegan,41.3760067,2.1492279,horeca
Turín Gelato,41.3741663,2.1600188,horeca
El Noa Noa,41.4030487,2.1593047,horeca
Can MarLau,41.3921937,2.1511389,horeca
Ándele,41.4024534,2.1612928,horeca
Els Porxos,41.4193692,2.20621,horeca
Fast Kibuka,41.4025595,2.15242,horeca
Kanga Café,41.414935,2.2202844,horeca
Sabor do Brasil,41.4178835,2.1695814,horeca
The Egg Lab,41.3915811,2.1729428,horeca
La Parada,41.3904869,2.1683841,horeca
El Pi,41.378692,2.1274621,horeca
Bar Sauvage,41.3845406,2.1824839,horeca
Magma Bar,41.3854153,2.1787973,horeca
Frankie Gallo Cha Cha Cha | Pizzería Sarriá,41.3948373,2.1440144,horeca
Telepizza,41.3783825,2.0772004,horeca
La Granja de Gràcia,41.4071358,2.1616884,horeca
Milanesa,41.3990948,2.1747046,horeca
Sartoria Panatieri,41.3971753,2.1649105,horeca
TosTao Coffee,41.3936055,2.1742871,horeca
The Miners,41.3803629,2.1567651,horeca
The Lobster Roll Barcelona,41.385213,2.1614753,horeca
Txokoa,41.3901877,2.1389187,horeca
Distrito,41.4088775,2.1728063,horeca
Dionisos,41.3858329,2.1589337,horeca
Restaurant Bar-Ri,41.3965948,2.1280843,horeca
Da Emanuele,41.4189616,2.1783025,horeca
Hosomaki Sants,41.3780149,2.1370653,horeca
Piaceri d'Italia,41.4682754,2.0796156,horeca
Shoronpo,41.3974303,2.1557484,horeca
Vabowl,41.3834737,2.1576557,horeca
La Llesca,41.4053275,2.1746103,horeca
La Lolita,41.3890681,2.1659252,horeca
Güell Tapas,41.3786247,2.1737031,horeca
Restaurante Kinza,41.3939821,2.1518159,horeca
5o pino,41.4011946,2.1230731,horeca
Souvenir,41.3901908,2.1601798,horeca
Mundo Vegan,41.3888012,2.1567808,horeca
SUARNA,41.3753543,2.1515118,horeca
Maison Limousin,41.3888422,2.167055,horeca
Casa Carmen,41.434906,2.180579,horeca
Bar restaurant Mescladis,41.3704585,2.1578792,horeca
Empanadas Tio Bigotes,41.3814947,2.1743484,horeca
Desoriente Eixample,41.3896622,2.1595972,horeca
Desoriente Eixample,41.3898921,2.1592891,horeca
Ovosodo,41.4146119,2.1646222,horeca
Restaurante deWeggie's,41.4460161,2.2110554,horeca
Santa Rita Experience,41.4086876,2.2057095,horeca
La Cruskel-la,41.4239109,2.1486601,horeca
Jara Sushi Omakase,41.4035591,2.1430349,horeca
Sando's Hanaka,41.3936746,2.1215555,horeca
Umaimon Ramen,41.3985979,2.1612964,horeca
La Piccolina,41.4031956,2.1798956,horeca
Tierra,41.3878934,2.166742,horeca
Papa John's,41.4075755,2.2052663,horeca
Bahn Mi Club,41.3939267,2.1922152,horeca
La Cervecera del Poblenou,41.3988872,2.1892757,horeca
Nūn - Cultural Café,41.383095,2.164579,horeca
Santo Paladar,41.4299718,2.1874278,horeca
TRÓPICO Brunch Barcelona | Balmes,41.3878076,2.1648848,horeca
TRÓPICO Brunch Barcelona | Barceloneta,41.3801898,2.1875614,horeca
Pur,41.3944562,2.1600694,horeca
Bandido,41.3794728,2.1732381,horeca
Restaurante-Brasería Marina,41.3544894,2.1057604,horeca
Merendero de la Mari,41.3804406,2.1859557,horeca
Restaurant Masia Tibidabo,41.4214122,2.1187979,horeca
Els pescadors,41.3995847,2.2069664,horeca
Masia Can Cortès,41.4293908,2.1055745,horeca
El Racó de Collserola,41.4185162,2.1014628,horeca
La Fourchette de Collserola,41.4221409,2.0986898,horeca
Farm to Table,41.3700012,2.159117,horeca
PURO,41.3911251,2.1461637,horeca
Billy Brunch & Garden,41.3870783,2.1593961,horeca
Cantina Lab,41.3674546,2.1377025,horeca
Restaurant Petit Hípica,41.3675307,2.1481951,horeca
GAMAR - Espai sense alcohol,41.382436,2.1933127,horeca
Asador Casa Juaco,41.4476665,2.1427004,horeca
Bacoa Barceloneta,41.3766668,2.1906557,horeca
La Tagliatella,41.4523498,2.2087628,horeca
Pizzeria Pulcinella,41.4540651,2.2064721,horeca
McDonald's,41.3753906,2.1308538,horeca
Simbad - Feteria,41.3769979,2.1368104,horeca
Fonda Pepa,41.402044,2.1621698,horeca
Sabes una Cosa,41.4019328,2.162054,horeca
Can Gallego,41.437619,2.2204294,horeca
Restaurante Presas 2,41.4377122,2.2188461,horeca
Terraza Martínez,41.3696276,2.172411,horeca
Bistró Mató,41.3953803,2.1140132,horeca
Restaurant Louro,41.3791435,2.1747253,horeca
Restaurante UN-ZA,41.40537,2.1934837,horeca
McDonald's,41.3918763,2.1657972,horeca
Oassis Natural Cooking,41.3901637,2.1678915,horeca
el Racó,41.388992,2.1660252,horeca
La Confiteria,41.3754806,2.1678977,horeca
La Barca d'Adrià,41.4154987,2.2296372,horeca
Chevy's Bar,41.4143703,2.228953,horeca
Azul Rooftop Barceloneta,41.3688482,2.1882335,horeca
2D2Dspuma,41.4225197,2.1794431,horeca
Sant Just Pàdel Club,41.3893773,2.0600394,horeca
Barceloneta,41.3758,2.1874945,horeca
McDonald's,41.4038166,2.1733642,horeca
Pirineus 1935 Bar & Cuina,41.4037112,2.1620046,horeca
Kibuka,41.3996711,2.1572503,horeca
Los Caracoles,41.3796584,2.1765082,horeca
Macchina,41.3864545,2.1666834,horeca
Bar del Club de Petanca El Carmelo,41.4201518,2.1638328,horeca
Pinotxo bar,41.3785744,2.1614917,horeca
L'anfora,41.352936,2.085787,horeca
Taberna Maitea,41.3910406,2.1510887,horeca
Culleres,41.4063985,2.1959205,horeca
La Casona de Sant Just,41.3833281,2.0735256,horeca
Da Fu Hau,41.3533758,2.1058456,horeca
Terra gourmet,41.352788,2.084875,horeca
Sapori di Puglia,41.4073453,2.1637131,horeca
El Bar d'en Manu,41.4493321,2.2180345,horeca
Bar de Toda la Vida,41.4492269,2.2178206,horeca
Café Berlin,41.3943566,2.1494599,horeca
La Botiga Griega,41.4027745,2.1563669,horeca
Woki organic market,41.379111,2.1919227,horeca
Salzburg,41.3884657,2.1505943,horeca
Sacha,41.3879286,2.1290535,horeca
La Taverna del Coure,41.3836466,2.1807296,horeca
La Caleta Burger,41.3781816,2.1693341,horeca
Gusto,41.3882678,2.1509375,horeca
Enjoy It,41.3475845,2.0791141,horeca
La Tremenda,41.3467508,2.0784812,horeca
The Sea Club,41.3769512,2.1493209,horeca
Tostaderos Bon Mercat,41.383572,2.1777123,horeca
Café K-fé,41.3541854,2.0873978,horeca
chromatic café,41.4032686,2.150339,horeca
Cervecería Catalana,41.3924032,2.1609008,horeca
La Tagliatella,41.3943371,2.1521208,horeca
Arko,41.3910158,2.1579108,horeca
Bar Capricornio,41.4381257,2.2179547,horeca
Bacoa,41.385604,2.1790402,horeca
Mosquito,41.3874634,2.1805924,horeca
Ugarit,41.3907428,2.1979509,horeca
Ginza Sushi,41.3921707,2.1578355,horeca
Igueldo,41.3926529,2.1567065,horeca
El tío che,41.4000638,2.2028423,horeca
Corgi Cafe,41.3886058,2.181614,horeca
Flamant,41.3884571,2.1613414,horeca
Bar Morryssom,41.3994885,2.165101,horeca
Europa Café,41.393,2.14674,horeca
Restaurant Miquetes Màgiques,41.414837,2.1777083,horeca
La Sanguchería,41.3954987,2.1484037,horeca
Starbucks,41.3852589,2.1632447,horeca
Kurz & Gut,41.4095889,2.2159057,horeca
FRATELLI LA BUFALA,41.4055941,2.1932194,horeca
El Catacroquet,41.4017897,2.196068,horeca
Michael Collins,41.4021669,2.1724823,horeca
Cera 23,41.3788541,2.1662433,horeca
Cassette Bar,41.3774595,2.1735544,horeca
Roma Reial,41.3800764,2.175888,horeca
Santamónica,41.3799819,2.1759483,horeca
365 Cafeteria Forn de Pa,41.3758326,2.1226879,horeca
Pato Pekín,41.3877555,2.1978758,horeca
Chen-Ji,41.3936143,2.1807074,horeca
El Pacífico,41.3781446,2.1911518,horeca
El Pintor,41.3830033,2.1759851,horeca
El Rabipelao,41.4037055,2.1598503,horeca
Oviso,41.3806763,2.177069,horeca
Marula Cafè,41.3801499,2.1768532,horeca
Bar el Lliure,41.4027435,2.1560143,horeca
Cafés El Magnifico,41.3835218,2.1810138,horeca
Vegetalia,41.3803973,2.1776952,horeca
Veggie Garden,41.3822767,2.1680336,horeca
Veg World India,41.4045705,2.1606703,horeca
Pizzeria San Marino,41.3818117,2.1784152,horeca
The George Payne,41.3895384,2.1729617,horeca
El Mirador de Barcelona - Restaurante El Cordero,41.4527014,2.1799078,horeca
Kibuka,41.4048777,2.1558337,horeca
Abou-khalil restaurant,41.3977157,2.1433229,horeca
Telepizza,41.379716,2.0526529,horeca
Sapporo,41.3782651,2.0790108,horeca
El Niu,41.384793,2.0755807,horeca
Santoni,41.3847872,2.163737,horeca
Come & Vete,41.3830697,2.1576775,horeca
El Mercat,41.380178,2.1890706,horeca
Sol i Lluna,41.4044273,2.1563249,horeca
El Canalla y El Villano,41.3995451,2.1217083,horeca
Mesón Galicia,41.3204527,2.0882219,horeca
Mesón Jesús,41.38183,2.17477,horeca
Hadar 206,41.4020425,2.1640453,horeca
Can Meli,41.4308445,2.1772055,horeca
Betawi,41.3857076,2.1738162,horeca
Nice Spice,41.4032135,2.2024332,horeca
La Forchetta,41.3919179,2.1872076,horeca
Tapas Tapas!,41.3745104,2.1829399,horeca
Cantina Machito,41.4043226,2.1577383,horeca
Pepa Tomate,41.4024135,2.1581938,horeca
Braseria Piras,41.401646,2.1543283,horeca
Honest Greens,41.383426,2.1832134,horeca
Timesburg,41.4007199,2.1997229,horeca
Timesburg,41.3890716,2.1468704,horeca
L'Aliança del Poblenou,41.3997067,2.2032276,horeca
Syra Coffee,41.4077666,2.1880914,horeca
Barcelona Pipa Club,41.3801259,2.1746721,horeca
Pez Vela Chiringuito,41.3691463,2.1899766,horeca
La Tête,41.3809552,2.1783221,horeca
Burger King,41.4096446,2.2153039,horeca
Subway,41.4099284,2.2158395,horeca
Barcelona Culture World,41.3975779,2.2023219,horeca
Federal Cafe,41.3768982,2.1628879,horeca
Jaime Beriestain Concept Store,41.3954834,2.1632356,horeca
Al Sultán,41.4035661,2.1554863,horeca
Nass Restaurant,41.3765661,2.1894837,horeca
Churrería J. Argilés,41.3954324,2.186404,horeca
L'Escamarla,41.392498,2.2046843,horeca
Pappa Sven,41.3815011,2.1618049,horeca
Bar Bienteveo,41.351785,2.106248,horeca
Restaurante Peñíscola,41.3520595,2.1063793,horeca
SANT CUGAT KEBAB,41.4681599,2.0802193,horeca
Carballeira,41.3814264,2.1831122,horeca
Piccola Cucina Italiana,41.4447343,2.0664807,horeca
El Salaito,41.3854003,2.1306346,horeca
La Vespa Burguer Bar,41.401989,2.1572213,horeca
Bar del Pla,41.3856036,2.1800221,horeca
Menssana,41.3907358,2.1903752,horeca
Las Muns,41.4009969,2.1476157,horeca
Suguru,41.4030195,2.1578622,horeca
Bar Bréton,41.4025769,2.1521443,horeca
Colmado Gràcia,41.4025224,2.1596153,horeca
Liadisimo Cafeteteria,41.4025262,2.1488491,horeca
L'Anxaneta,41.4428166,2.2247768,horeca
Xurreria Rodríguez,41.4416928,2.2264651,horeca
Rostisseria Clari,41.4419162,2.2261287,horeca
Xaica,41.3853204,2.1677663,horeca
Rostisseria Queda Pollo,41.435517,2.2180529,horeca
Punto de Café,41.4351399,2.2177792,horeca
Agrupación Cultural Galega Agarimos,41.4358268,2.2165495,horeca
El Foro,41.3869732,2.1822156,horeca
Yamane,41.3868061,2.1808426,horeca
Yamaneko-ryouri,41.4016619,2.1447787,horeca
Café San Telmo,41.3932943,2.1484816,horeca
Asador Izarra,41.3970905,2.1792257,horeca
Guru Bcn Food & Cocktails,41.3776216,2.1780111,horeca
L'Ast de Sarrià,41.4001037,2.1212808,horeca
Cal Marius 449,41.4058814,2.1784728,horeca
Pikio Taco,41.3990365,2.1628549,horeca
Restaurant Coreà SEOUL PEOPLE,41.3986577,2.1545825,horeca
La Fusta de Sants,41.37624,2.1367529,horeca
La Violeta,41.379183,2.1892072,horeca
La Cuina de la Loli,41.4507514,2.2175941,horeca
Oaxaca,41.3821041,2.1838988,horeca
Bar Tío Cuco,41.4434523,2.1684173,horeca
Tasca i Vins,41.4074795,2.1719111,horeca
El Vaso de Oro,41.3818636,2.1872472,horeca
Les Més Petita,41.3783468,2.1512839,horeca
El Sortidor,41.3724681,2.1620812,horeca
Terra Mía,41.4161581,2.1575463,horeca
Ayres del Sur,41.3986512,2.1828666,horeca
Tot pollastre,41.439058,2.2257837,horeca
Tarannà,41.3761574,2.1617615,horeca
El Cafè Blau,41.3983385,2.182871,horeca
Matt & Marshall,41.3993348,2.1997769,horeca
Soul Argento Blai,41.3746358,2.1617734,horeca
El Rincón Maya Restaurant,41.3889311,2.1581082,horeca
L'Antico Borgo Napoletano,41.3802221,2.1762739,horeca
Bodega Carol,41.4069241,2.1848471,horeca
Irati,41.3820592,2.1734611,horeca
Granja Dulcinea,41.3824721,2.1734106,horeca
Bar Cal Chusco,41.3772889,2.1891745,horeca
Euskal Etxea Taberna,41.3845278,2.1819636,horeca
eyescream and friends,41.3790681,2.1880016,horeca
L'Actiu,41.406689,2.1923166,horeca
Flor de Maig,41.3824333,2.1691314,horeca
Kebab Bar Pica Pica,41.4157741,2.1691507,horeca
Bodega La General,41.3767983,2.1353134,horeca
A Tu Bola,41.3800719,2.1689312,horeca
Shangai 1930,41.391169,2.1451492,horeca
Bar Thonet Grill Room,41.3792408,2.1761073,horeca
Pub Fiction,41.3871018,2.1569158,horeca
Reñé 1910,41.3943738,2.1702864,horeca
Vinitus,41.3900241,2.1640969,horeca
La Flauta,41.3869096,2.1611161,horeca
Txapela,41.3926728,2.164779,horeca
Taktika Berri,41.3886493,2.1574925,horeca
El Cafè de la Pedrera,41.3952564,2.1615724,horeca
Restaurant Embattled,41.3970456,2.1669902,horeca
Gallo Santo Marina Veg Mex,41.4010121,2.179247,horeca
Cal Oksana,41.3876408,2.1560748,horeca
FabCafe Barcelona,41.3917462,2.1771975,horeca
4 latas,41.3884538,2.1618653,horeca
Ugarit,41.4051353,2.1613368,horeca
Rostisseria Po Yo Cocino,41.4416839,2.2149774,horeca
ESPAK Mecdonner kebab,41.4418931,2.219378,horeca
Chill Bar,41.4023373,2.1717911,horeca
Senyor Parellada,41.3837691,2.1800743,horeca
La Macchina,41.4030005,2.1535966,horeca
Maoz,41.3808373,2.1747065,horeca
Vegetalia,41.3835525,2.1825506,horeca
Enjoy Vegan,41.3881559,2.1806616,horeca
Abirradero,41.3741864,2.1684764,horeca
Santagloria,41.4680657,2.0789203,horeca
Pita Inn 2,41.4363342,2.2183599,horeca
MABEL the Granja,41.3947754,2.1873544,horeca
Red Pizza,41.4164909,2.1969017,horeca
Asador Barcelona | Vic Braseria,41.3971913,2.1794891,horeca
Peix d'Or,41.3941657,2.1790842,horeca
Gata Mala,41.4078921,2.157663,horeca
McDonald's,41.4354928,2.1806468,horeca
Thaï Thaï,41.3817373,2.155323,horeca
Surf House Barcelona,41.3774686,2.1908362,horeca
El Cargolet Picant,41.3772178,2.1219004,horeca
lascar74,41.3719464,2.165653,horeca
Bar Restaurant J&R,41.3745048,2.1741363,horeca
The Market67,41.3780217,2.1637167,horeca
Donizetti,41.3834567,2.1575703,horeca
El Pont Kebab,41.4113811,2.1433931,horeca
Pulcinella pasta e pizza,41.3802646,2.1887984,horeca
Rias de Galicia,41.3743416,2.1545526,horeca
Chivuo's,41.4049686,2.1539484,horeca
la cantina de Palo Alto,41.4045637,2.211469,horeca
Fresc Co,41.3891657,2.1969678,horeca
Restaurante Dune,41.3959081,2.1807554,horeca
El Sol,41.3956338,2.1787907,horeca
Futballarium Barcelona,41.3777739,2.1253238,horeca
L'oucomballa,41.3717376,2.0704904,horeca
La Vinya del Senyor,41.3832546,2.1818655,horeca
Bacon Bear Bar,41.3852769,2.1591432,horeca
Dmen's,41.3868645,2.1599115,horeca
MDL,41.4426543,2.2240989,horeca
Gaia,41.396419,2.1515113,horeca
Viana,41.3798805,2.1761037,horeca
Bodega La Peninsular,41.3802366,2.1878011,horeca
El Pacífico,41.3778087,2.1911969,horeca
Agut,41.380947,2.1799439,horeca
La Tagliatella,41.3974141,2.1514101,horeca
Picasso,41.4036205,2.1758902,horeca
Cuina El Ninot,41.3882805,2.1546183,horeca
Más Que Sushi,41.3774227,2.1527247,horeca
Mama Cheva,41.3949117,2.1515484,horeca
Bombay Spicy,41.3803566,2.1729179,horeca
La Ceverseria,41.402781,2.1583233,horeca
Cadaqués,41.4004717,2.1574102,horeca
Castell de Xativa Restaurant,41.3978369,2.1704504,horeca
Can Ros,41.4049984,2.1642241,horeca
El Pescadito de Mandri,41.4046392,2.132566,horeca
Casa de Lugo,41.3593915,2.1262991,horeca
Ca la Nuri,41.3830101,2.1948645,horeca
Burger King,41.358048,2.1296228,horeca
Sottovoce,41.3579226,2.1294974,horeca
Red Lobster,41.3821642,2.1905844,horeca
Telepizza,41.4012761,2.1794877,horeca
El Charrito,41.3896183,2.1662427,horeca
Timesburg Gold,41.3932191,2.1485901,horeca
Miscelánea,41.377864,2.1737963,horeca
Bar Ribalda,41.4026552,2.1328307,horeca
La Rovira,41.4074975,2.1580906,horeca
Ølgod,41.3801343,2.1691571,horeca
La Heladería Mexicana,41.3771386,2.1901746,horeca
Ca l'Estevet,41.3833135,2.1647673,horeca
Patrón,41.395452,2.1487583,horeca
Barnabier,41.387607,2.1977239,horeca
Govinda,41.384138,2.1724092,horeca
Zarautz,41.3780559,2.1432574,horeca
Venus Delicatessen Barcelona,41.3807065,2.1779781,horeca
Botafumeiro,41.4004038,2.1546391,horeca
Mannà Gelats,41.383077,2.1745649,horeca
La Gelateria del Barri,41.3865165,2.1764376,horeca
Gocce di Latte,41.3831718,2.18274,horeca
Usagui,41.4021671,2.1463849,horeca
Salt Restaurant & Beach Club,41.3691325,2.1903908,horeca
Gallito,41.3692177,2.1894117,horeca
La Tertulia,41.3887092,2.1400629,horeca
Massimo,41.3976766,2.1372091,horeca
Vermuteria Lou,41.4059753,2.1623912,horeca
El Ramblero,41.4219271,2.1969049,horeca
La Malandrina 3,41.4016194,2.2122833,horeca
Restaurante Sol,41.407253,2.2106527,horeca
El Arepazo,41.4085161,2.1780238,horeca
Pinxus,41.3974487,2.1484576,horeca
Restaurante Batuar,41.3917483,2.1718042,horeca
Albé Barcelona,41.3900833,2.1578429,horeca
Chez Coco,41.3931377,2.1472622,horeca
La Taqueria,41.4024097,2.1754057,horeca
Quinoa Aragó Vegetarià,41.3886233,2.1598684,horeca
Frankie Gallo Cha Cha Cha,41.3787183,2.1726365,horeca
Tonkotsu,41.3938467,2.1650368,horeca
Alt Heidelberg,41.3862785,2.165203,horeca
Churrería Laietana,41.3863947,2.1756977,horeca
Sushi Time,41.3971186,2.1509819,horeca
Syra Coffee,41.4014925,2.1595216,horeca
Nomad Frutas Selectas,41.3979292,2.1955517,horeca
IT - Italian Trattoria Barcelona,41.3872515,2.1676245,horeca
Espai Joliu,41.3987513,2.1950702,horeca
Kamiya,41.3904961,2.1606063,horeca
Orio,41.3819545,2.1763606,horeca
Castilla,41.3681469,2.13458,horeca
Frankfurt & Beer EME,41.3593449,2.1256146,horeca
Frankfurt & Beer EME,41.3593458,2.1256138,horeca
Vade Pizza,41.3601054,2.1280535,horeca
Muxia 2,41.3610633,2.1236528,horeca
Amrit,41.4035469,2.1572757,horeca
da Nanni,41.4039275,2.1566953,horeca
Orio,41.3865777,2.1778235,horeca
Los Arcos,41.3596365,2.0765946,horeca
Sannin,41.406363,2.1601701,horeca
Taste House,41.4364578,2.2224377,horeca
Bar Joan,41.3863305,2.1787827,horeca
Ina,41.3872947,2.1804299,horeca
Casa Paco,41.3868667,2.1807523,horeca
Nou Celler,41.384978,2.1801374,horeca
Metric Market,41.3916196,2.1419287,horeca
La Piadina,41.4051544,2.1566734,horeca
Arrosseria Xàtiva,41.4038352,2.1596912,horeca
LA PAPA,41.3966076,2.162191,horeca
Somorrostro,41.3791628,2.1890426,horeca
Chang Feng,41.4058102,2.197889,horeca
Wok Verdi,41.4036236,2.1571837,horeca
Quinoa Bar Vegetarià,41.4027843,2.1600622,horeca
Las Muns,41.4037779,2.1568552,horeca
Toma ya,41.4063411,2.1523784,horeca
Casa de Sam,41.3860802,2.1468644,horeca
Kiu Nam,41.3896114,2.1507672,horeca
Bocateli Elisa,41.4426919,2.21595,horeca
Timesburg,41.3963655,2.1730861,horeca
Monkey Factory,41.3927261,2.1544614,horeca
365,41.3775591,2.1726004,horeca
Cervesaria Creta,41.4100051,2.1622617,horeca
El rey de los pollos,41.4183913,2.201883,horeca
The Burger Maker,41.383029,2.1801992,horeca
Güd,41.3860211,2.1796711,horeca
Karlito's,41.3804667,2.1778401,horeca
Micaela,41.3854925,2.1796645,horeca
Casa Carmen,41.3892981,2.1704199,horeca
Forn de pa Granier,41.4693645,2.0803665,horeca
La Sucursal,41.3806502,2.1611889,horeca
La Montiel 37,41.376683,2.1610933,horeca
Luigi,41.3928293,2.1695114,horeca
Nou Can Codina,41.3989586,2.1608728,horeca
Sabio Infante,41.3999994,2.1596207,horeca
Espai de gats,41.4031163,2.1581262,horeca
Bodevici,41.4033939,2.1587822,horeca
El Club de la hamburguesa,41.3848201,2.1666278,horeca
El Fruiter del Gotic,41.3816417,2.1788555,horeca
Dionisos,41.3981929,2.204828,horeca
Frankfurt Jazz Band,41.3746019,2.1698284,horeca
Reketepizza,41.3617818,2.1216598,horeca
La Cabanya del Parque,41.3592515,2.0726217,horeca
Universal,41.3666761,2.1235873,horeca
Bar Salva,41.3670943,2.128326,horeca
Bar El Balón de Oro,41.3292319,2.0916438,horeca
Bar Cafetería Muñoz,41.3799446,2.0678506,horeca
La Pubilla,41.3995748,2.1536674,horeca
El Fornet,41.3983321,2.1528298,horeca
Parking Pizza,41.3938027,2.1514125,horeca
Jamboree Jazz & Dance Club,41.3797222,2.1752424,horeca
Anauco,41.4020719,2.1759654,horeca
Belchica,41.3835729,2.1591619,horeca
La Torreta del Parc Güell,41.4137748,2.1538975,horeca
La Suite Barcelona,41.3797323,2.1428867,horeca
Kurai,41.3757045,2.1483271,horeca
Filigrana,41.3758461,2.1481417,horeca
Dumplings,41.37531,2.1462217,horeca
Frankfurt Creu Coberta,41.3753153,2.1459035,horeca
La Pizza Pazza,41.3808945,2.1803735,horeca
La Cachapera BCN,41.3833438,2.1590465,horeca
Dr Stravinsky,41.3841796,2.1806721,horeca
"Good Shit, Vegan Kebabs",41.4028258,2.1564806,horeca
PolkaBarcelona,41.3859057,2.1326565,horeca
Restaurante Don Martín,41.4510542,2.2149332,horeca
Dux Gin & Cocktail Bar Barcelona,41.384384,2.1800592,horeca
Hand Made,41.4101912,2.1737147,horeca
Platerina,41.3980242,2.1534656,horeca
La Tagliatelle,41.3793712,2.0654446,horeca
La Llesca,41.397796,2.1524148,horeca
El Noa Noa,41.3836854,2.1586107,horeca
Bar Viruta,41.4397241,2.2237247,horeca
Alfonsina Parrilla Argentina,41.3970348,2.1756517,horeca
Sabor de ciudad natal,41.3845902,2.1591102,horeca
Panda & Smile,41.3842068,2.1585673,horeca
Prime Kebabish,41.3795755,2.154717,horeca
La Caravana,41.3993287,2.1581992,horeca
Restaurante del Salón Gastronómico “Terra”,41.4181945,2.1889779,horeca
Tunateca,41.3939333,2.150294,horeca
O Retorno,41.386641,2.1527975,horeca
Morro Fi,41.4012224,2.1240569,horeca
Entre Latas,41.3756057,2.1613045,horeca
Gaudim,41.3902929,2.1621181,horeca
La Burguesa,41.4393537,2.1989298,horeca
Norico Brunch & Sushi,41.3935469,2.1742371,horeca
Nappuccino,41.38519,2.1615091,horeca
Nogal,41.3989677,2.178717,horeca
Uma,41.3947417,2.1635923,horeca
Els Pinxus,41.3909509,2.1466585,horeca
The Clock,41.3754168,2.1482785,horeca
Morrow Coffee,41.3771392,2.1513283,horeca
Paisano Bistró,41.4048549,2.1759323,horeca
Out of China,41.3905618,2.1566877,horeca
El Ruedo,41.4109348,2.1812283,horeca
Suma Manq' A,41.4108822,2.1795285,horeca
Restaurante Dolsotbap,41.4091716,2.1887084,horeca
Obama,41.3888546,2.1670577,horeca
Kamasot,41.3989063,2.1758059,horeca
La gallina alegre,41.3479437,2.1085754,horeca
Kavly,41.4128843,2.1590859,horeca
Pizza Raval,41.381758,2.1667144,horeca
Mi Tierra,41.3827891,2.1579914,horeca
Pizzeria La Vela,41.3912016,2.196642,horeca
Rasoi,41.3919611,2.1485349,horeca
Tonkotsu Ramen Dou,41.3847838,2.169467,horeca
Eldiset,41.3849901,2.1833885,horeca
Cafe Kafka,41.386519,2.1832457,horeca
Restaurante Nervión,41.3842047,2.1791191,horeca
Doner Hut Pizzeria,41.440766,2.215471,horeca
Feroz,41.3965882,2.1508404,horeca
Pepa Tomate,41.3767661,2.1627826,horeca
Tàber,41.3815208,2.1614871,horeca
Restaurant Japonès Xiang,41.386221,2.0533893,horeca
Fismuler,41.3901336,2.1799602,horeca
Coco Vintage Market,41.3959776,2.1481192,horeca
Gelateria Giovanni Artgelato,41.3841121,2.1741647,horeca
Bliss,41.3830971,2.1783628,horeca
The FRESH POKE,41.3975268,2.1644457,horeca
Nicasso,41.4072456,2.1873211,horeca
Yoi Yoi Gion,41.3965593,2.1606187,horeca
Gokoku,41.384177,2.1589709,horeca
Toyodo,41.3866914,2.1375355,horeca
La Muscleria,41.3964826,2.1662428,horeca
el Racó,41.3936585,2.1491807,horeca
Last Monkey,41.3792363,2.1603365,horeca
Bar Granja Oasis,41.3505068,2.1127043,horeca
Sushi Yaki II,41.384566,2.1578701,horeca
Petit Montjuic,41.3709606,2.158546,horeca
Mikawa,41.3852158,2.138751,horeca
Timesburg,41.3868242,2.1366866,horeca
La Tagliatella,41.4049918,2.1923017,horeca
La Ya Ya del Poblenou,41.4050315,2.1963811,horeca
Poké Sí,41.4052321,2.1924708,horeca
Isami,41.4018825,2.2003717,horeca
Zozan,41.398306,2.2050982,horeca
Sundown,41.401992,2.1998344,horeca
Panet,41.3861845,2.1430687,horeca
Scobies Irish Pub,41.3863223,2.1662298,horeca
Brina,41.408676,2.186104,horeca
Arc iris,41.3998386,2.1715382,horeca
KFC,41.3922057,2.1450145,horeca
Akashi Sushi Bar,41.3923045,2.1558108,horeca
Colmado,41.3916963,2.1577094,horeca
La Burguesa Garden,41.3946185,2.1343899,horeca
Boston Pizza,41.3857618,2.1369114,horeca
Tayu,41.3904131,2.1433108,horeca
La Piamontesa,41.3919296,2.1571666,horeca
El Calafate,41.3914207,2.1501165,horeca
Les Vinyes de Muntaner,41.3918268,2.1523908,horeca
Little Andaman,41.3923371,2.1521283,horeca
La Coma,41.3401472,2.1265697,horeca
la Zona,41.3460291,2.1439158,horeca
Estrella de Istanbul,41.4098375,2.1751296,horeca
Cremeria Toscana,41.3913646,2.1528321,horeca
SandwiChez,41.3926469,2.15897,horeca
SINERA Brases Cafè,41.3874741,2.136485,horeca
Luri,41.3977931,2.1514901,horeca
Wok To Box,41.3962921,2.1500989,horeca
Pummarola,41.377499,2.164177,horeca
La Plata,41.3804049,2.1805946,horeca
in blue,41.3877036,2.1368756,horeca
Miss Misi,41.4027019,2.1627543,horeca
Kawamura,41.3896091,2.1611831,horeca
Roman Pizza,41.3786638,2.1337561,horeca
OhBo Organic,41.3932561,2.1349545,horeca
Restaurante Cafetería La Isla,41.3897552,2.1592002,horeca
Parallelo,41.3969954,2.1563634,horeca
Taco Bell,41.4042287,2.1739462,horeca
Farggi,41.3580485,2.1291985,horeca
Syra Coffee,41.3865348,2.1667428,horeca
Quin Café,41.3823503,2.1579746,horeca
El Sabrosón,41.3823335,2.1277612,horeca
Can Pizza Prat,41.3253802,2.0989043,horeca
Pompapi,41.3902138,2.1909083,horeca
Sakura Y,41.3739771,2.1362087,horeca
Cerveseria El Tap,41.3880943,2.1361855,horeca
La Mezcla,41.3892336,2.1791039,horeca
Bodega Salvat,41.3711848,2.1345217,horeca
Jaqueline's,41.3682256,2.1345214,horeca
La Bodegueta de Sants,41.3710695,2.1344235,horeca
Sushi Kokoro,41.3869632,2.1298219,horeca
Pizzeria Buon Appetito,41.3850199,2.1850428,horeca
Port Vela. La cerveseria del rompeolas,41.3671038,2.1892356,horeca
El Glop De La Rambla,41.3911808,2.1629291,horeca
Gallo Santo,41.4003306,2.1595242,horeca
Roma Bella,41.403636,2.1986181,horeca
Cuvi,41.398765,2.1506251,horeca
Sam By Ja - Samgyetang restaurant,41.3971991,2.174042,horeca
La Malandrina,41.3782387,2.1886331,horeca
Al Jaima - Els Encants,41.4010063,2.1880935,horeca
Seoul,41.4105472,2.1745413,horeca
Casa de Tapas Cañote,41.3742115,2.1546082,horeca
Pervers,41.4027639,2.1396634,horeca
Xanc i Meli,41.4034492,2.1460354,horeca
Quimet & Quimet,41.374222,2.1657389,horeca
L'Òstia,41.3799304,2.1880541,horeca
Bar Nostàlgic,41.3767751,2.1613364,horeca
Bar Industria,41.3536882,2.1075682,horeca
Il Golfo di Napli,41.3724021,2.1553214,horeca
La Kuineta,41.3650228,2.129442,horeca
Izakaya,41.3653174,2.1303009,horeca
A Ruta Galega,41.3652447,2.1305357,horeca
"Amsterdam burgers, beers & steaks",41.3948,2.1680782,horeca
La Leggenda di Napoli,41.4067427,2.1888311,horeca
Híbrid Cafè Restaurant,41.3771219,2.1203336,horeca
Miss Simona,41.4045717,2.1770727,horeca
Gravin,41.3838629,2.183524,horeca
Luris III,41.3827107,2.1428189,horeca
Pizza Market Sants,41.3760249,2.1236335,horeca
Gresca,41.3912981,2.1571401,horeca
SandwiChez*,41.3934249,2.1780775,horeca
CoCo Fresh Tea & Juice,41.3771528,2.1904181,horeca
Docket,41.3807402,2.1807539,horeca
Honest food,41.3872682,2.1133177,horeca
Musarel·la,41.3917308,2.1736515,horeca
La Paradeta,41.3766194,2.1383174,horeca
La Paradeta,41.3750254,2.1721048,horeca
Magnate Vinoteca Restaurante,41.3927085,2.1489423,horeca
Billy Brunch,41.3977251,2.1693445,horeca
Can Pic's,41.4377896,2.2239521,horeca
Maranpau,41.3954,2.15725,horeca
Pecat,41.3661164,2.128038,horeca
La burgesa,41.4095749,2.2158258,horeca
U-NICO Vinoteca Restaurante,41.3646927,2.0538331,horeca
La picanteria de l'Escribà,41.4020593,2.2020302,horeca
Cabo,41.3964797,2.1851438,horeca
La Cereria,41.3815426,2.1767152,horeca
Syra Coffee,41.3971587,2.1720755,horeca
Escola Sinaí,41.4090867,2.1725048,horeca
El bund 18,41.4050649,2.176049,horeca
Matcha Gracias,41.3803038,2.156769,horeca
Cafè Joventut,41.3658093,2.1274549,horeca
Guanabara by El Rodizio,41.3954094,2.1711715,horeca
San Fermín,41.3906484,2.1603919,horeca
El Boliche del Gordo Cabrera,41.3929298,2.1683606,horeca
Tu Asador,41.4455985,2.2090124,horeca
Calabrasa,41.3853196,2.1829992,horeca
Monopol,41.4012613,2.2011848,horeca
Gula Bar,41.3974321,2.1556856,horeca
Casanova City,41.4009476,2.1385961,horeca
Sintonia Restaurante Barcelona,41.3951884,2.1590627,horeca
Restaurante Solomillo,41.393196,2.1614227,horeca
Corner Sagrera,41.4225537,2.1895862,horeca
Bodega Montferry,41.3764154,2.1350804,horeca
El Candil,41.3717907,2.1292095,horeca
Bar Alfredo Restaurant,41.3711115,2.1295782,horeca
Bar Sugranyes,41.3731088,2.1290611,horeca
Cru Sants,41.3721342,2.1286919,horeca
Kangnam,41.3759545,2.1264655,horeca
A Casa da Fonte,41.3747782,2.1278873,horeca
Riko's - Braseria i Restaurant,41.3753702,2.1272383,horeca
Eqvilibrivm Café,41.3973065,2.1697662,horeca
Tapas Season,41.3914018,2.1551129,horeca
Cal Pesca,41.4300087,2.1859994,horeca
Café Lilo,41.3998061,2.179381,horeca
Lilo brunch,41.3873718,2.1627034,horeca
Bellillo,41.3879362,2.1620483,horeca
Doroteo,41.4029636,2.2006718,horeca
Café 85º,41.3520509,2.1080401,horeca
El Mesonero,41.3508194,2.1091535,horeca
Bodega Bar Ermita,41.3483415,2.1083995,horeca
7 días,41.3482836,2.1081634,horeca
Restaurant del Barri,41.390899,2.1856108,horeca
Cafè de la Plaça,41.3636129,2.1277533,horeca
n9u,41.419214,2.0969687,horeca
Kuna Bistro,41.3964519,2.1489596,horeca
Menjars Anet,41.3773657,2.1337581,horeca
Piazzolla,41.4019649,2.1704987,horeca
Casa Palet,41.3998829,2.1507857,horeca
ESPAIS VIDA,41.3533638,2.0840769,horeca
Bodega Fermín,41.3791443,2.1895401,horeca
Koh-ndal,41.4110605,2.1381084,horeca
Parlament,41.3762307,2.1624957,horeca
Tungu Ramen,41.4115726,2.1750757,horeca
Il Piccolo Focone,41.4091014,2.1795778,horeca
KFC,41.35783,2.1290718,horeca
Burg o’clock,41.3870791,2.0595328,horeca
52 moments,41.3872105,2.0594531,horeca
Dino,41.3996919,2.1217865,horeca
Rouras,41.3945992,2.1211015,horeca
El celler de sarria,41.3939715,2.1257063,horeca
Wynwood,41.3957191,2.1492165,horeca
Dionisos,41.3738084,2.1689979,horeca
Salad Market,41.3960864,2.1526993,horeca
Zuum,41.3960988,2.1510749,horeca
Thai Cafe,41.3962652,2.1505407,horeca
Il Giardinetto,41.3967321,2.1522796,horeca
Monocrom,41.398058,2.1485635,horeca
Bar La Masia,41.3832372,2.1683172,horeca
Casa Jaime,41.3859267,2.1590448,horeca
Croq & Roll Croqueteria,41.403814,2.1616022,horeca
El Desván Barcelona,41.3791521,2.1541078,horeca
Il Fuocco,41.3999408,2.1492148,horeca
Tento,41.3961231,2.1514996,horeca
Zero Barcelona Cafe,41.4004191,2.2058638,horeca
Syra Coffee,41.3752406,2.1386258,horeca
Türk Kebab,41.3895713,2.1835338,horeca
Tumatey,41.3974961,2.1644077,horeca
Twice,41.39489,2.1509231,horeca
Soluna,41.3911024,2.1510665,horeca
Maro Azul,41.3999562,2.1712429,horeca
Kitsune Sushi Bar,41.4018047,2.1543773,horeca
Barra Perelló 1898,41.3884097,2.1544818,horeca
La Viblioteca,41.403273,2.1567918,horeca
La Bikineria,41.388228,2.1542836,horeca
Boa-Bao,41.3885429,2.1612359,horeca
kook,41.3979314,2.1710292,horeca
Ginos,41.4094576,2.2165471,horeca
Bravo,41.409565,2.2172073,horeca
Grill Corner,41.4094833,2.2173547,horeca
La Tagliatella,41.4088129,2.2165752,horeca
Casa Carmen,41.4089906,2.2165465,horeca
Five Guys,41.4090951,2.2164705,horeca
Green Vita,41.4095341,2.2166545,horeca
Cañas Y Tapas,41.4096079,2.2170023,horeca
Aloha,41.3897217,2.1546674,horeca
Dr. Zhang Dumplin,41.381717,2.1603359,horeca
El Tigre,41.3909365,2.1878885,horeca
Vegan Junk Food Bar,41.3834485,2.1803594,horeca
La Modesta,41.3758758,2.1335064,horeca
La Güerita Mexicana,41.3777094,2.1617424,horeca
InTrigo,41.4186895,2.139576,horeca
Bracafè,41.3952949,2.1484952,horeca
el Fornet,41.3941642,2.1467224,horeca
Boston Pizza,41.3978937,2.1501066,horeca
Uribou,41.3996315,2.1504862,horeca
Shokudo II,41.4357724,2.1908356,horeca
Al Jaima,41.3895015,2.1593043,horeca
Bar La Julia,41.375411,2.1014622,horeca
Billy brunch & garden,41.3738687,2.1642659,horeca
Vicio,41.397144,2.1543435,horeca
Vegetarium,41.3896012,2.1204787,horeca
ArteSants,41.3749282,2.1390366,horeca
DUNKIN',41.3856392,2.118231,horeca
Vivari Bakery & Coffee,41.3853383,2.1253901,horeca
La Forneria,41.3910318,2.1242602,horeca
SandwiChez,41.3889977,2.1265377,horeca
Fargo Café,41.4050307,2.1739513,horeca
A estrela Galega,41.4107246,2.1713233,horeca
Bar Serra,41.367187,2.1271547,horeca
Arde,41.3957986,2.1497176,horeca
Monster Sushi,41.3994602,2.1520488,horeca
The Fish & Chips Shop,41.386737,2.1567554,horeca
Estraperlo Barceloneta,41.379154,2.1901117,horeca
Syra Coffee,41.3737594,2.1636857,horeca
Honest Greens,41.3953484,2.1529933,horeca
Sartoria Panatieri,41.4066455,2.1603218,horeca
Peking Siglo XXI,41.3787527,2.1453699,horeca
Pizzeria Eden,41.3972085,2.1649596,horeca
Shu Hero Hot Pot,41.4005634,2.1675573,horeca
Taco Bell,41.382146,2.1726322,horeca
Bar Fluvià,41.4147615,2.1969566,horeca
Can Galan,41.3504487,2.1132446,horeca
Compá Barceloneta,41.3796318,2.1912811,horeca
Zizinia,41.407283,2.1590669,horeca
Steam City Cocktail Bar | by COBA,41.3850996,2.1549228,horeca
Escaleta del Guinardó: Cuina de Mercat,41.4149332,2.1654571,horeca
Soul Argento,41.3725975,2.1623201,horeca
Paellería Gaudí,41.3956447,2.1624849,horeca
The Vegan Corner,41.3813792,2.1784211,horeca
Pizzería Carlos,41.3756287,2.1081181,horeca
Lady Dumpling,41.3799992,2.17684,horeca
Dues Sicilies,41.3892588,2.1797139,horeca
La Perra Verde,41.3987525,2.1611465,horeca
Golfo de Bizkaia,41.3839894,2.1830381,horeca
Faire,41.395186,2.1703106,horeca
Filmanila,41.3838513,2.1691697,horeca
Radio Nossa,41.3743758,2.1673941,horeca
Blai Stop,41.3731376,2.166118,horeca
La Petite Artiste,41.3783,2.1702776,horeca
Lonja de Tapas,41.3844484,2.1820837,horeca
LES COSINES,41.4033498,2.1535956,horeca
Melo-Jia,41.3934683,2.1554833,horeca
Oblicuo Hi-Fi,41.3984717,2.1549883,horeca
El Cau,41.3678951,2.1310569,horeca
Karamba,41.3902959,2.1580769,horeca
Las Cazuelitas Mexicanas,41.396656,2.1523431,horeca
Acero,41.3832518,2.1823366,horeca
Undeas,41.3799227,2.1335676,horeca
Restaurants japones Meshi-ya SAKAMOTO,41.3896369,2.1466336,horeca
Rostisseria Europa - Pollastres a l'ast - Comidas caseras,41.3546117,2.1131257,horeca
Les Délices de France,41.4011344,2.1399586,horeca
Burritos - Sant Pere,41.3884785,2.1719138,horeca
Kinza,41.3842285,2.1812325,horeca
Jijonenca,41.3548983,2.1113542,horeca
Üla Café Cafetería,41.4304927,2.1855621,horeca
Pueblo Libre - Taberna Peruana,41.3823507,2.1611439,horeca
Los amigos,41.357049,2.1091781,horeca
La Farola,41.3511982,2.1056615,horeca
Bar La Bodeguilla,41.350365,2.1135011,horeca
Bar Ribadeo,41.3514173,2.1058694,horeca
Chivuo's,41.3829239,2.1699799,horeca
Norimaki i Comida Ucraniana,41.384484,2.0502587,horeca
El Sazón de Isabel,41.3712573,2.0989468,horeca
Suís & Bowls,41.4009132,2.1570599,horeca
Cafeteria Facultat d'Economia 690,41.3854897,2.1138243,horeca
El Mesonet,41.3759066,2.1526002,horeca
Bonavida,41.3893117,2.1708667,horeca
Muysca,41.3786255,2.1894581,horeca
Cyclic Beer Farm,41.4245412,2.1891418,horeca
Koy Shunka,41.3858105,2.1752967,horeca
La Burrata,41.4009121,2.1477485,horeca
Syra Coffee,41.3984998,2.1599232,horeca
Kibuka Ramen,41.4002042,2.156994,horeca
Viena,41.3856874,2.1660628,horeca
Green&Berry,41.3944923,2.1533242,horeca
Green&Berry Corner,41.4085093,2.1375559,horeca
A la turca,41.3736682,2.1688262,horeca
Secrets del Mediterrani,41.3930244,2.1784815,horeca
Manbok,41.3943832,2.179443,horeca
Canton Food,41.3849221,2.1680834,horeca
London Bar,41.3781187,2.1731479,horeca
The Coffee,41.3953856,2.1705987,horeca
Bandarra,41.4045637,2.1575283,horeca
Lee CUINEM - comida casera coreana para llevar,41.4100447,2.1748769,horeca
Good News,41.3953752,2.1482162,horeca
El Xiringo de la Barceloneta,41.3795119,2.190774,horeca
Baby Jalebi,41.3788155,2.1546304,horeca
La Cholita,41.4285464,2.1766788,horeca
Boro Bar,41.3925304,2.1701036,horeca
4 Capellans,41.3848022,2.1750684,horeca
Can Majó,41.3776529,2.1907594,horeca
Casa Fernández,41.3960352,2.1454595,horeca
Da Paolo,41.3781664,2.1264841,horeca
La Taula,41.4044372,2.1380107,horeca
PAI MEI,41.386651,2.1658882,horeca
The Sopa Boba,41.3963086,2.1666656,horeca
We love Italy,41.3986453,2.1640587,horeca
Giromaki,41.3998746,2.1641567,horeca
Barra Alta,41.3996974,2.1505717,horeca
Veggie Garden,41.3867786,2.1652521,horeca
Levante,41.3732405,2.1094831,horeca
Ripa Coffee,41.3884871,2.1620623,horeca
Bubbolites,41.3839799,2.1699098,horeca
Dellaostia,41.4025213,2.1568442,horeca
Nebula Shisha Lounge,41.3656491,2.118924,horeca
La Fonda de Pirenaicas,41.402436,2.1572425,horeca
Organic Ume,41.4155021,2.1756033,horeca
El Pollo,41.3821716,2.1640706,horeca
Syra Coffee,41.3977838,2.1228028,horeca
Syra Coffee,41.3871101,2.1303485,horeca
Syra Coffee,41.3881324,2.1763779,horeca
Syra Coffee,41.3843275,2.1587585,horeca
Syra Coffee,41.3938808,2.1515273,horeca
Syra Coffee,41.3991177,2.1439185,horeca
Syra Coffee,41.3908585,2.1542993,horeca
Syra Coffee,41.3992322,2.2045093,horeca
Syra Coffee,41.3889315,2.1682652,horeca
Hiro,41.402293,2.1900478,horeca
Pez Bruja,41.4004487,2.1598594,horeca
El Xulo,41.3813785,2.1836623,horeca
Ibericus,41.4098771,2.2170008,horeca
Havanna,41.4102269,2.2177983,horeca
VIVARI,41.4096569,2.2155044,horeca
Nespresso,41.4096997,2.2156922,horeca
Bombon Boss,41.4099511,2.2159067,horeca
KFC,41.4098577,2.2152662,horeca
Foster's Hollywood,41.4095261,2.2154022,horeca
UDON,41.4095212,2.2155593,horeca
Goiko,41.4094623,2.2156905,horeca
Brasayleña,41.4093688,2.2158686,horeca
Pure Cuisine,41.4092905,2.2160734,horeca
Giovanni,41.4096397,2.2161115,horeca
Wok Street,41.4097526,2.2165641,horeca
Häagen-Dazs,41.4098322,2.2168345,horeca
Pollo Campero,41.4099269,2.2159339,horeca
Dunkin' Coffee,41.4098923,2.2157326,horeca
Smudy Juice Bar,41.4098613,2.215663,horeca
Taberna Etxea,41.4099022,2.2155765,horeca
Frankfurt’s Original,41.409989,2.2155539,horeca
Taco Bell,41.4101124,2.2154448,horeca
Vioko,41.4101985,2.2175985,horeca
Japonesa,41.41502,2.1812894,horeca
Parallelo,41.3928276,2.1773806,horeca
Red Garter,41.3775898,2.1788976,horeca
Don Kilo,41.3983215,2.1676922,horeca
El Parc,41.3895642,2.1838271,horeca
Taima,41.3988547,2.1600938,horeca
La dehesa,41.3631556,2.1000268,horeca
Bar Córdoba,41.3714737,2.103493,horeca
La Sagrada,41.3791771,2.1890259,horeca
Paris,41.393579,2.1528003,horeca
Brisa do sil,41.3743187,2.1594487,horeca
Pacifico Cantina & Taqueria,41.3746833,2.156544,horeca
Xurreria San Roman,41.3850104,2.1574184,horeca
Magna Roma,41.3844257,2.1430666,horeca
Club del café,41.3864146,2.1464525,horeca
Antiobiotic,41.3844722,2.1462745,horeca
Casa Moon,41.3811632,2.1511413,horeca
Can brasa,41.3817049,2.1419837,horeca
Pizzería Lucania II,41.4031661,2.1582356,horeca
Grosso Napoletano,41.3939737,2.1472671,horeca
Taverna la Bauxa,41.3786456,2.1374281,horeca
El Passadís,41.3762234,2.1385146,horeca
Destápate,41.3760818,2.1402239,horeca
Casa Astor,41.3780065,2.1372878,horeca
food point,41.3819275,2.1687484,horeca
La Penela,41.3910618,2.1691058,horeca
La Eulàlia - Brunch & Specialty Coffee,41.4025319,2.1762303,horeca
Malvón,41.394896,2.1637595,horeca
Malvón,41.3877043,2.1283006,horeca
Malvón,41.3541782,2.0878853,horeca
iaia’Nita,41.4238456,2.1912098,horeca
La Mala Vermut & Tapas,41.3856632,2.1541666,horeca
El Villa — Vermuteria del mar,41.3996132,2.1592608,horeca
Denassus,41.3742854,2.1627613,horeca
Bar Centre Cívic Guinardó,41.4163131,2.172093,horeca
Entre Catas,41.4168566,2.1952814,horeca
Zero 20,41.36986,2.1435137,horeca
El Rellotge,41.3769303,2.1218884,horeca
Liuzhou Rice Noodle,41.3919153,2.1683766,horeca
La Ikas,41.4036935,2.1576856,horeca
La cuineta de Gràcia,41.4019991,2.160044,horeca
Barna Bites,41.3904858,2.1623312,horeca
Gondola,41.3924575,2.2005534,horeca
Maison Cafe,41.3878817,2.1525995,horeca
Tastan's,41.375371,2.1205392,horeca
Paraíso VIP,41.3712484,2.1293747,horeca
Casa Guijarro,41.3259224,2.1049813,horeca
Beirut Barcelona,41.3865374,2.134232,horeca
EatMyTrip Brunch & Coffee,41.405174,2.1501916,horeca
Yamada Ya,41.4171304,2.1977714,horeca
Tropihospi,41.3644726,2.126374,horeca
Teikit,41.4247092,2.1909283,horeca
Honest Greens,41.3699702,2.1882856,horeca
Honest Greens,41.3919577,2.1807452,horeca
Bodegón Club,41.3749103,2.1390115,horeca
Planet,41.3812026,2.1568931,horeca
Priscilla Cafè,41.3876718,2.1609609,horeca
Oggi Gelato Barcelona,41.3865699,2.1733829,horeca
WenZhou Ramen II,41.3939338,2.1809932,horeca
Café Siena,41.3845821,2.0735535,horeca
DOLE,41.3933584,2.1249629,horeca
Ichiban,41.399023,2.156631,horeca
Market Cuina Fresca,41.3983531,2.1955936,horeca
Més de grandi,41.3586155,2.0946089,horeca
Cañas y Tapas,41.3580562,2.1293477,horeca
Bo&zin,41.4081725,2.2046194,horeca
El Cangrejo Loco,41.3878636,2.2022425,horeca
El cullerot de Sants,41.3704015,2.1375444,horeca
Santo Antojo,41.4032213,2.1620559,horeca
RAMEN-YA,41.4076137,2.1722232,horeca
26KG,41.4039668,2.196784,horeca
Divuit 18 Cafe,41.3915307,2.1985619,horeca
BPM Bar,41.4068168,2.1841962,horeca
Cristis Cocktail Bar,41.3766244,2.1630259,horeca
Khao Thai,41.4073149,2.1889886,horeca
Wild Rover,41.3774478,2.1753125,horeca
Casa Florita,41.3908803,2.1581039,horeca
Corner Bar i Restaurante,41.4050195,2.177747,horeca
Catalunya Pita House,41.372885,2.1203218,horeca
Saona,41.3885325,2.1322666,horeca
Can Ricard,41.3655792,2.1309808,horeca
Padel Bar Cafeteria,41.4159115,2.175078,horeca
Cavina,41.4016351,2.2062989,horeca
Out of India,41.3790271,2.1431966,horeca
Brunchies,41.3768347,2.1257214,horeca
Okinawa,41.3935175,2.177817,horeca
SandwiChez,41.3992439,2.1195973,horeca
GinaBalmesina,41.397788,2.1566279,horeca
Vereda Bar,41.3838885,2.1581374,horeca
Grill Arts,41.4687054,2.0799195,horeca
Masaya,41.3929923,2.1670718,horeca
Parking Pizza,41.3943528,2.1657398,horeca
La briciola,41.3737308,2.1365182,horeca
Vivari,41.4692361,2.0801998,horeca
Neverland Cocktail Bar,41.4088531,2.1792682,horeca
Bocca di Bonifacio,41.3924987,2.1767089,horeca
Checkpoint Diner,41.3914037,2.1827009,horeca
Cal pinxo panxo,41.408608,2.1803282,horeca
Bocca di Bonifacio,41.3924703,2.1767719,horeca
CASA CHELI,41.4012061,2.1697621,horeca
Amo Brunch & Wine,41.3895005,2.1588854,horeca
Aeroplano,41.4005109,2.1408141,horeca
Casa Julio,41.3716464,2.1465965,horeca
Mescladis,41.3818829,2.1568682,horeca
Rosa Barcelona,41.3788706,2.1592458,horeca
POLLASTRES A L'AST,41.4116489,2.1712212,horeca
La Tropa,41.4337603,2.1894599,horeca
GinGin Gay Queer Bar,41.387636,2.1605547,horeca
Plata Cocktail Bar,41.3858971,2.1585295,horeca
Moeem Barcelona,41.3840599,2.1626231,horeca
Honey Bears Barcelona,41.3862819,2.1613266,horeca
Chinese Tofu Magician,41.394602,2.1701779,horeca
Bar los Pinos,41.432995,2.1432326,horeca
La Terrasseta de Montbau,41.4322173,2.1413017,horeca
Udon,41.4410961,2.1984183,horeca
La Tremenda,41.452011,2.2061788,horeca
Candy Darling,41.3849766,2.163026,horeca
nectar,41.3601873,2.1076837,horeca
ENJOY IT,41.4396731,2.1988107,horeca
Wok To Go,41.3805628,2.1743752,horeca
Pizzeria Verona,41.4057382,2.138001,horeca
Desoriente,41.3898521,2.1592682,horeca
Mango and Caoba,41.3718512,2.1650214,horeca
Voyager Cocktail Bar | by COBA,41.3848931,2.1547206,horeca
Tapas Nolla,41.3905888,2.1648334,horeca
Lombarda,41.3930229,2.1899157,horeca
Le Bistrot,41.3790522,2.1494457,horeca
Bodega Borràs Restaurant,41.3861887,2.1575334,horeca
Mad Mad Vegan - Barcelona,41.3887124,2.1587,horeca
Club Sauvage - Live Music & Club Sessions,41.3805508,2.1751888,horeca
Lazeez,41.4016599,2.1512154,horeca
Craft Pizza Entença,41.378646,2.152107,horeca
Dolcevita Boqueria,41.381859,2.170819,horeca
Cal Soci,41.3763829,2.1614216,horeca
Bar Restaurante Fortuna,41.3843829,2.1528649,horeca
La Parra,41.4141689,2.168496,horeca
Marta's Lemon Pie (L'illa Diagonal),41.3895131,2.1355992,horeca
Ocho Bcn Gastrobar,41.3759881,2.1572553,horeca
Greensland,41.3949084,2.1479332,horeca
CHILA,41.3894867,2.1569858,horeca
La Klaka,41.4245979,2.1901442,horeca
Las Tres Mentiras,41.376222,2.1390964,horeca
Ganàpia Bodega,41.323804,2.0936419,horeca
La Centena,41.4213781,2.1821412,horeca
La Legggenda di Napoli,41.3929844,2.171038,horeca
Morgan's,41.3844644,2.1375076,horeca
Couleur café,41.3918572,2.1898351,horeca
Natury,41.4084993,2.1884483,horeca
Kruda,41.3850016,2.141394,horeca
Spice n Brunch,41.4013433,2.1966833,horeca
Wonw sushi,41.4431722,2.2017604,horeca
Brina,41.3927641,2.1541694,horeca
Mama Gorda,41.4012341,2.1620359,horeca
Joia Suprema Restaurant,41.3899568,2.1759115,horeca
Lanto,41.4116711,2.1887552,horeca
Kobuta ramen i més,41.3785817,2.1533372,horeca
IPPUDO,41.3836008,2.1582506,horeca
Sushi He VI,41.3869777,2.1524125,horeca
Restaurante Santa Magdalena,41.4036423,2.1526802,horeca
Patat BCN,41.3999732,2.1681974,horeca
Gloria Osteria Barcelona,41.3929583,2.1558176,horeca
Charlie's Tea,41.3898866,2.1665547,horeca
La Paella de Su,41.3972698,2.1615344,horeca
El Pollo a l'Ast,41.4441093,2.1759601,horeca
El Ländle,41.410245,2.1914692,horeca
Shian,41.3826116,2.1691111,horeca
Nappuccino,41.3852617,2.1616,horeca
Masia Can Trabal,41.3572171,2.0677786,horeca
La Font del Gat,41.3678086,2.1576038,horeca
Can Portell,41.4186465,2.054036,horeca
Ateneu de Sant Just Desvern,41.3816867,2.0766452,horeca
Amaltea,41.3836428,2.1583028,horeca
La Marina de l'Hospitalet,41.3394689,2.1077536,horeca
Hanibishi,41.3895184,2.1621769,horeca
El Jardí de l'Abadessa,41.3942273,2.109899,horeca
Pacha,41.3857491,2.1970415,horeca
Carpe Diem Lounge Club,41.3849749,2.1962697,horeca
Bar Tomás,41.3975532,2.1230797,horeca
La Señorial,41.3877781,2.1932776,horeca
Las Mañanitas,41.3979078,2.1789017,horeca
Bar Almogávares,41.3962323,2.1890864,horeca
Restaurant Can Cases,41.4343886,2.0985275,horeca
Lugar de Tapas,41.3774104,2.1373163,horeca
L'Obra,41.4495927,2.2110739,horeca
Casa Victoria,41.4510116,2.2089817,horeca
Ca n'Armengol,41.4546029,2.2065971,horeca
Xòcala Bar,41.4518329,2.2084357,horeca
Restaurant La Font,41.465379,2.1949147,horeca
El Racó Torribera,41.4654774,2.2124232,horeca
El cafè de les delícies,41.3781559,2.1704778,horeca
La Piazzenza,41.406511,2.1742446,horeca
KFC,41.4047602,2.1746628,horeca
Viena,41.36914,2.0798655,horeca
La Amistad,41.4441619,2.2215987,horeca
El bon menjador de Loli i Marlon II,41.4438241,2.2201184,horeca
Euro Bar-Tapas,41.4342324,2.2161197,horeca
Joan Figuera,41.4336545,2.2169391,horeca
Can Manel,41.442276,2.2165561,horeca
Bar Somni d'estiu,41.4382361,2.2166687,horeca
Zim,41.3830486,2.178292,horeca
La Tagliatella,41.3769784,2.0972201,horeca
L'Ovella Negra Marina,41.3960727,2.1900086,horeca
Bocatapa Can Manel,41.4413833,2.2212875,horeca
El Fornet,41.404858,2.1941868,horeca
Planxados,41.4035018,2.1977649,horeca
Boadas,41.3846643,2.1702706,horeca
Nuria,41.3851596,2.1698748,horeca
Café Zurich,41.3858504,2.1694606,horeca
Starbucks,41.3888305,2.1719117,horeca
Burger King,41.3875862,2.1678985,horeca
Ciutat Comtal,41.3888272,2.1668833,horeca
Bar Frankfurt Cafeteria Fabregada,41.3561951,2.1108122,horeca
Bar Geminis,41.3976224,2.1807778,horeca
Garden Pizza,41.4642945,2.0884634,horeca
Les 15 Nits Bar,41.3804529,2.1749778,horeca
Cubeliña,41.3899336,2.1570349,horeca
Caleuche,41.3761526,2.1686172,horeca
Honest Greens,41.3835738,2.1710953,horeca
Bar Restaurant Angela,41.4043015,2.1949428,horeca
Restaurant Vertex,41.390457,2.113664,horeca
Casa de Cantabria,41.3908693,2.1131647,horeca
Bar de Camins,41.3882463,2.1118134,horeca
Kiwami,41.4069321,2.1784908,horeca
Cafeteria del Parc Sanitari Pere Virgili,41.4145364,2.141809,horeca
Cafe Flanders,41.407343,2.1584049,horeca
Rocxi Sant Joan,41.3769295,2.0605441,horeca
Starbucks,41.3852913,2.1771925,horeca
"Restaurant ""La Masia""",41.3803207,2.096396,horeca
Unity Sodexo,41.3888077,2.1126443,horeca
Quimet i Quimet,41.3739942,2.1655692,horeca
La terraza,41.3528752,2.0853531,horeca
Frankfurt Urgell,41.3881857,2.1509332,horeca
Restaurant Isalba,41.4542684,2.2071806,horeca
Sala Casino,41.3278544,2.0899287,horeca
Más que sushi,41.387064,2.1670471,horeca
Jazz Sí Club,41.3798228,2.1641449,horeca
Restaurante Rehman,41.4479278,2.2194465,horeca
Bó de B,41.3811969,2.1811013,horeca
El Celler del Museu,41.3587078,2.0955786,horeca
Carballeira,41.4442679,2.2217701,horeca
Bén,41.376012,2.150997,horeca
La Trattoria,41.350964,2.089284,horeca
Wok Teppanyaki Nova Cornellà,41.352996,2.086066,horeca
La canyella,41.4512858,2.2108949,horeca
Font d'en Fargas,41.4213762,2.1645677,horeca
365,41.3775442,2.1261576,horeca
Il Giardinetto di Gracia,41.4053041,2.1599362,horeca
Taverna El Glop,41.4049058,2.159524,horeca
Cafetería universitaria,41.4037433,2.1938343,horeca
Raïm,41.4007753,2.1594619,horeca
Al Norte,41.4007694,2.1592894,horeca
La Pita Bonita,41.4016993,2.1575736,horeca
Dos Manos,41.3984057,2.1612354,horeca
La Tagliatella,41.3896548,2.1242989,horeca
Bar Mariscal,41.4497454,2.2188824,horeca
Wen Zhou,41.4488957,2.2185568,horeca
el Xalet,41.3693715,2.1640713,horeca
La Bombeta,41.3805658,2.1877114,horeca
Restaurant Japonés Tian Fu,41.4091985,2.1763844,horeca
Marisquería Brasería Loli y Valentín,41.4525743,2.2190417,horeca
Restaurant Cent 15,41.3878991,2.0564112,horeca
El Porxet,41.3826235,2.161544,horeca
Can Santi,41.3786578,2.1905772,horeca
El Racó de la Mercè,41.4110416,2.1770036,horeca
La Granja...,41.4110399,2.1769705,horeca
El Resolís,41.4011691,2.1609951,horeca
Bracafe,41.3948025,2.1817533,horeca
La Catrina,41.3971799,2.1817149,horeca
Joys cafe,41.3962559,2.1802227,horeca
La Rambleta,41.450932,2.214959,horeca
Piola,41.3895668,2.1598274,horeca
Jardín Pekín,41.3979036,2.1476613,horeca
Jamaica Coffee Shop,41.3953273,2.1573402,horeca
La nostra Carta,41.3635793,2.1660207,horeca
Madame Jasmine,41.3779772,2.1696941,horeca
Tempura Ya,41.3909575,2.1534749,horeca
Koyuki,41.393013,2.1548767,horeca
Bar Fidel,41.3819082,2.1653476,horeca
Viena,41.3479517,2.0783905,horeca
La Tagliatella,41.3471662,2.0788821,horeca
McDonald's,41.3755539,2.1832688,horeca
Galeno,41.4060496,2.1651571,horeca
Bar Jai-Ca Barceloneta,41.3816466,2.1881927,horeca
Restaurant La Cantonada,41.4400736,2.1704373,horeca
La Llavor dels Orígens,41.3840164,2.1825456,horeca
Rebeka,41.3967185,2.1890325,horeca
Coffee,41.3894566,2.1839803,horeca
Bodega Monumental,41.3751125,2.1445538,horeca
365,41.3750944,2.1710992,horeca
Bar Barça,41.3830564,2.139438,horeca
El Muntal,41.3762641,2.1390916,horeca
Xurreria Sant Andreu,41.4349497,2.1895577,horeca
El Paraguayo,41.3774531,2.1784062,horeca
Pizzeria Bar Divina Pedralbes,41.3863754,2.1123914,horeca
Bosco,41.3852432,2.174473,horeca
La nueva Marquesa,41.3774672,2.1192038,horeca
N.A.P,41.3867889,2.1787946,horeca
Inka Burger,41.4077361,2.1478148,horeca
Cafè d'Estiu,41.384443,2.1770622,horeca
Ginza,41.3921824,2.1579396,horeca
Casa Pagès,41.3998447,2.1613114,horeca
Bar Bodega Bartolí,41.3793105,2.1370157,horeca
Restaurante Porvenir,41.3875558,2.1534652,horeca
Restaurant Gaig,41.3882509,2.1599648,horeca
Bar de la FIB,41.3894239,2.1132363,horeca
La Divina,41.4319624,2.1863569,horeca
L'Brasseria,41.4067629,2.1516314,horeca
Sesamo,41.3789496,2.163784,horeca
Restaurant Pipa,41.3997461,2.2003004,horeca
Restaurante Hanoi,41.3895258,2.1607458,horeca
Wow!,41.3912435,2.1575751,horeca
Arce,41.4027075,2.1977649,horeca
Bar LaLola,41.4521168,2.2083769,horeca
Burger King,41.3884832,2.1731191,horeca
Burger King,41.3917726,2.1640539,horeca
Indochine,41.3981879,2.1467723,horeca
Tapa Tapa,41.3762094,2.1500463,horeca
Restaurant Regàs,41.3995411,2.1508105,horeca
Tlaxcal,41.3848871,2.1844705,horeca
On Café,41.398798,2.1708209,horeca
Carrot Café,41.3990466,2.1884623,horeca
El Rey de la Gamba,41.3773258,2.1886316,horeca
The Pink Elephant,41.3841661,2.1582883,horeca
Ocaña,41.379674,2.1755608,horeca
A' Cañota,41.415307,2.1820581,horeca
Alchemika,41.4156421,2.1817807,horeca
Burger King,41.405107,2.1919659,horeca
Teatro,41.3752209,2.156807,horeca
El Casal,41.3829782,2.18114,horeca
El Paraigua,41.3819109,2.1767686,horeca
"Linea 6,25",41.3913626,2.1578937,horeca
Un Posto al Sole,41.3878501,2.1513375,horeca
Anta,41.405558,2.1507903,horeca
La Llavor dels Orígens,41.3840982,2.1827414,horeca
The Food Truck Store - Barcelona,41.3897832,2.1455817,horeca
El Manolo,41.4148588,2.1946058,horeca
Quinabarra,41.402164,2.193314,horeca
Martin Wood's,41.3814134,2.1355963,horeca
Mistral,41.4126124,2.1594734,horeca
La Bella Napoli,41.3743686,2.1637621,horeca
Fresc Co,41.3898804,2.1715988,horeca
Manchester Bar,41.3806481,2.1789874,horeca
365,41.3752071,2.1635151,horeca
Bar Lennon,41.4028901,2.1612576,horeca
McDonald's,41.3883669,2.1707319,horeca
El Laurel,41.3812739,2.1624122,horeca
Con Gracia,41.3990704,2.1600617,horeca
365,41.392208,2.167538,horeca
McDonald's,41.4049285,2.1919361,horeca
PÖTSTOT,41.3824236,2.1687015,horeca
Foc i Oli,41.3900022,2.1570892,horeca
Belushi's,41.3860376,2.1674444,horeca
Casa Ovidio - Lugo II,41.4305688,2.1475918,horeca
Pai Mei,41.4051863,2.1931071,horeca
Papa John's,41.4113285,2.138563,horeca
Empanada Club,41.410279,2.1375042,horeca
Ciabbatta,41.3784537,2.0790071,horeca
Redpizza,41.3867896,2.054546,horeca
Ciabbatta,41.3849536,2.0738213,horeca
365,41.4108881,2.1382796,horeca
Kois,41.4119723,2.1394678,horeca
La Verema,41.3829179,2.1577887,horeca
Las Euras,41.3998785,2.1577187,horeca
Don Zangano,41.397507,2.1418498,horeca
Milk,41.3813306,2.1801063,horeca
Restaurante Pasa Tapas,41.382275,2.1871782,horeca
Mesón Castellano,41.3896689,2.1834095,horeca
Cup and Cake Barcelona,41.3941983,2.1536306,horeca
Mazorca,41.42964,2.16372,horeca
La Casa de la Pradera,41.3770172,2.168176,horeca
Doña Rosa,41.3825502,2.16647,horeca
23 Robadors,41.3796029,2.1708903,horeca
Ámbar,41.3777666,2.1707826,horeca
Bar Marsella,41.3782418,2.1712432,horeca
Dr. Beer & Mr. Fried,41.3803903,2.1657298,horeca
Shôko,41.3854991,2.1969746,horeca
Don Bratwurst,41.431733,2.1636207,horeca
Don Jabugo,41.3964077,2.1542968,horeca
Fresc Co,41.3825937,2.1708246,horeca
Vivari,41.4041841,2.1565913,horeca
Polleria Fontana,41.4043866,2.1585437,horeca
La Sirena Verde,41.4027605,2.1657128,horeca
Cuina Xinesa Tradicional,41.4008948,2.1680147,horeca
Café del Sol,41.401784,2.1565238,horeca
Sur o no sur,41.3764704,2.1322752,horeca
Bar Restaurant Virona4 Pizzeria,41.4115483,2.1931733,horeca
Bodega Sopena,41.4078382,2.1881211,horeca
Celler Panotxa,41.4086673,2.1927392,horeca
Tot Gelat,41.4507615,2.2120866,horeca
Una mica de Japó,41.3836934,2.153832,horeca
Restaurant Arayan,41.4501064,2.2137375,horeca
Fleca Artesana,41.3913512,2.1686154,horeca
Marlen Tastets,41.4089676,2.1885858,horeca
la Salut,41.4427619,2.2232841,horeca
Caña + Tapa,41.3599997,2.0827498,horeca
Restaurante Bitacora,41.3821116,2.187671,horeca
El Petit Bangkok,41.4037728,2.1480693,horeca
Marina Bay By Moncho's,41.3863077,2.1975017,horeca
Los Inmortales il Ristorante,41.3942373,2.144896,horeca
Bar Olimpia,41.3758411,2.1660642,horeca
Jonny Aldana,41.3757556,2.1659373,horeca
Gran Vía 4,41.3762006,2.166117,horeca
Nostrum,41.3764213,2.1657818,horeca
365,41.3482922,2.1079142,horeca
Boxer Bar,41.3847826,2.1592727,horeca
Bar Restaurant Nàutic,41.3806088,2.1408397,horeca
Como,41.3798223,2.140222,horeca
Can Margarit,41.3732173,2.1601153,horeca
Cafè l'Artesà,41.3295414,2.0954314,horeca
Audrey brunch & coffee,41.3753048,2.1465312,horeca
Luigi,41.3862659,2.1753788,horeca
Ávalon restaurant,41.3851014,2.1780191,horeca
KOKU KITCHEN,41.3798961,2.1792406,horeca
Nou Candanchú,41.4005128,2.1576475,horeca
Khalijia,41.390237,2.1706202,horeca
La Báscula,41.3854015,2.1819519,horeca
gourmet KEBAB,41.375925,2.1147922,horeca
Depósito Legal,41.3587653,2.1013178,horeca
Güelly Sandwichpark,41.4119021,2.1504302,horeca
Santos Tapas,41.3818417,2.1745121,horeca
Artesans,41.3841996,2.1831308,horeca
FRATELLI LA BUFALA,41.3893126,2.1718736,horeca
Bar Los baratos,41.4356384,2.2142191,horeca
Mixtel·la,41.3945998,2.1644337,horeca
Portalón,41.3829111,2.1746298,horeca
Chao Pescao,41.3861408,2.1840991,horeca
Centre Cívic Can Deu,41.3869027,2.1327794,horeca
La Mestressa,41.3758754,2.1386156,horeca
Àpat's,41.3757617,2.1419109,horeca
El Bon Menjador - 2,41.4388101,2.2172863,horeca
Sant Jordi Granja Bar,41.437706,2.2181061,horeca
Bar Paula's Tapería,41.4385437,2.2175484,horeca
Frankfurt de La Salut,41.4417161,2.226823,horeca
La Ginesta,41.3852198,2.1678125,horeca
Nos vemos,41.3511307,2.1085031,horeca
Bar Familiar,41.4359163,2.2182018,horeca
La granja de Casablanca,41.4357671,2.2189395,horeca
Hamburgueseria Frankfurt Toni,41.4434496,2.2191119,horeca
"Bar ""Elvis""",41.4429767,2.2183196,horeca
El Callejón,41.3807163,2.1798299,horeca
Bar-Granja Maribel,41.4399092,2.2235793,horeca
Rostisseria Moral Blanca,41.4402011,2.2237044,horeca
Shalimar,41.3806903,2.1677463,horeca
Starbucks,41.3887239,2.1307802,horeca
Chito's Bar,41.3816344,2.1888164,horeca
La Rita,41.3931568,2.1659406,horeca
Bakery Delicious Coffe,41.3781845,2.1556094,horeca
Starbucks,41.4023115,2.1740935,horeca
Ramen-ya Ajisen,41.3808977,2.1338083,horeca
La Bella Napoli,41.3850552,2.1567958,horeca
Kapadokya,41.3812734,2.1809075,horeca
Río Dragón,41.4204726,2.1793795,horeca
EsPan's,41.4349094,2.2194667,horeca
Cervecería Vendimia,41.3811751,2.1812291,horeca
Samurai Ramen,41.3736753,2.1548947,horeca
The Box Social,41.3717264,2.1663111,horeca
Raimon Social Club,41.379361,2.1757821,horeca
Buenos Aires,41.3894013,2.158697,horeca
Marisquería Melchor,41.4401715,2.2266602,horeca
La Carrà,41.385625,2.1610238,horeca
Santa Lola Brasa & Burguers,41.4496291,2.2112494,horeca
Quimet,41.4306564,2.1607362,horeca
Modena,41.3723739,2.1305377,horeca
Characato,41.4046885,2.1836218,horeca
Les Dues Sicilies,41.3866097,2.1802613,horeca
Domino's,41.4136746,2.1813514,horeca
Mister Pollo,41.4396917,2.2152885,horeca
El racó de les Glòries,41.3986109,2.1978895,horeca
Heliogàbal,41.4035629,2.1603403,horeca
Burger King,41.377745,2.164666,horeca
Bar Andrade,41.4106891,2.1948579,horeca
Mariscco,41.3804885,2.1753271,horeca
Pizzeria La Mamma,41.3917387,2.1479326,horeca
El Traguinyol,41.4051481,2.1589868,horeca
Sucre Cremat -  Autèntica Crema Catalana,41.3830565,2.1819357,horeca
Futami,41.3885948,2.1615756,horeca
Dream Cafe,41.3757246,2.1627293,horeca
True Artisan Cafe,41.3905438,2.1791837,horeca
SKYE Coffee,41.3970017,2.1913538,horeca
La Familia del Raval,41.3777089,2.1689256,horeca
Bodega Oliva,41.3797776,2.176063,horeca
Dunne's Irish Bar & Restaurant,41.383583,2.1790088,horeca
Elsa y Fred,41.3897918,2.1797847,horeca
Ale&Hop,41.3886068,2.1801679,horeca
Garriga,41.3907821,2.165454,horeca
La Flauta Rambla,41.3929021,2.1606395,horeca
Bar Scorpio,41.3914649,2.178304,horeca
La Bodegueta,41.3935425,2.1603166,horeca
La Palmera,41.3907965,2.1581652,horeca
Restaurant La Plassohla,41.3869391,2.1742811,horeca
La Pastisseria Barcelona,41.3893918,2.1614957,horeca
Bar El Velodromo,41.3934442,2.1501395,horeca
Nola,41.3980613,2.1596685,horeca
Els Sortidors de Parlament,41.3775379,2.1638201,horeca
Bar Sort,41.4405391,2.2163536,horeca
Cafeteria El Metro,41.4415159,2.2177363,horeca
La tasqueta de Blai,41.3733347,2.1652358,horeca
Rosa Negra,41.3819164,2.1687596,horeca
La tavern de barcelona,41.387328,2.1679739,horeca
365,41.3893923,2.1743981,horeca
Bar Casi,41.4091892,2.1558181,horeca
Naturalesa,41.4412438,2.2204418,horeca
Entre Olivas,41.441967,2.2202718,horeca
Kebabish,41.4409198,2.2217884,horeca
Si lo sé no vengo,41.4415205,2.2202721,horeca
Bar Alegria,41.450166,2.2187289,horeca
Piratas,41.3978175,2.184081,horeca
Bar La Paradeta,41.4337773,2.2167771,horeca
Bar Montaña,41.4423945,2.2185711,horeca
Horchatería Sirvent,41.3773962,2.1640074,horeca
Sonora Sport Tavern,41.3978888,2.189968,horeca
Assunta Madre,41.3953194,2.1624677,horeca
Foxos,41.4170583,2.2042342,horeca
Santé gelato,41.3986554,2.1642081,horeca
La Tagliatella,41.3662673,2.1369987,horeca
Bros bar,41.3842189,2.1693908,horeca
Brunch & Cake,41.3882834,2.1615596,horeca
Le Cyrano,41.3922227,2.1544994,horeca
Alsur,41.3865283,2.1799001,horeca
PURA BRASA,41.3762687,2.1502472,horeca
Bar Santa Fé,41.3920883,2.1857854,horeca
Palosanto,41.3808122,2.1772701,horeca
365,41.3999382,2.1529022,horeca
Bar Santa Fe,41.3920465,2.1857395,horeca
Pizza Circus,41.3778452,2.1728957,horeca
Subway,41.3859305,2.1658522,horeca
Frankfurt La Llesca,41.3774405,2.1218676,horeca
La Pepita,41.3820116,2.1554409,horeca
Hidden Cafe Barcelona,41.3882773,2.1358855,horeca
la buena tapa,41.4102585,2.1709633,horeca
Wok Dao,41.3804685,2.1628171,horeca
Teixindó,41.39893,2.1748831,horeca
Dans Le Noir Barcelona,41.3878475,2.182336,horeca
Champanillo el Menorca,41.4213856,2.1993078,horeca
Pulpero de Lugo,41.4299071,2.2194499,horeca
Raspall,41.401192,2.1605852,horeca
Cal Manel,41.3945093,2.1803997,horeca
Buon Appetito,41.3812277,2.1902148,horeca
Pizzeria Totò,41.3764039,2.1172217,horeca
Agust Gastrobar,41.3773285,2.1639287,horeca
Restaurante Riu Miño,41.3719459,2.0701516,horeca
Restaurant Bianco,41.372258,2.0696987,horeca
Garage Beer Co,41.3870022,2.1600957,horeca
Buen Bocado,41.38018,2.1792363,horeca
L'Antic Bocoi del Gòtic,41.3820722,2.1795271,horeca
Pannus,41.3863691,2.1726728,horeca
Vivari,41.3853698,2.1606738,horeca
La Chapelle,41.386746,2.1590623,horeca
Il Caffè di Francesco,41.3908733,2.1652201,horeca
Anahuac,41.3965161,2.1513989,horeca
Gracia Latina,41.4044763,2.1568671,horeca
Mesón Gallego,41.3818896,2.0709288,horeca
Casa Pepe,41.4066981,2.1340582,horeca
Boldú,41.3973783,2.1517865,horeca
Frankfurt Vallespir,41.3815088,2.135881,horeca
Can Oliva,41.4071483,2.2032044,horeca
Cachitos,41.3953057,2.1536913,horeca
McDonald's,41.3960635,2.1566762,horeca
La Informal,41.3776904,2.170023,horeca
Colom,41.400387,2.2023554,horeca
Margarit,41.3723023,2.1629951,horeca
Creperie Les 3 Pommes,41.3856808,2.1564651,horeca
Paella Bar Boqueria,41.3814366,2.1719721,horeca
Otafuku Daifuku,41.3861633,2.1813225,horeca
Tairyo,41.3793382,2.1544055,horeca
Llop,41.3818789,2.1693939,horeca
365,41.3783455,2.1632846,horeca
Bismillah Pizzeria,41.3747762,2.1679121,horeca
365,41.3866168,2.1754164,horeca
Amable,41.3762,2.1640309,horeca
Pans & Company,41.380802,2.1412595,horeca
La desayunería,41.3783287,2.1611692,horeca
Cerveseria Universitat,41.3861736,2.1646996,horeca
Orxateria la Valenciana,41.3863413,2.1622578,horeca
Sor Rita,41.3809099,2.1808768,horeca
Balius,41.4022025,2.2016256,horeca
Cafe Emma,41.3938502,2.1658322,horeca
El Trapío,41.4046732,2.1277667,horeca
TKO Tacos Barna,41.380636,2.1746909,horeca
Palacio Oriente,41.3830779,2.0505612,horeca
majide,41.3849224,2.1674688,horeca
Asador de Aranda,41.3936034,2.1511958,horeca
Ramen Shop,41.3805038,2.1794005,horeca
Organic Barcelona,41.3817907,2.1710896,horeca
Casa Falcón,41.4045622,2.1832598,horeca
Casa Francis,41.4039861,2.1826919,horeca
Ribas D'o Sil,41.4054293,2.1844074,horeca
Yuste,41.3981541,2.1778188,horeca
Restaurant Asiàtic Yunlai,41.4202268,2.181675,horeca
Vivari,41.3866625,2.178509,horeca
He Cheng,41.4079592,2.1843217,horeca
Cafè Arrels,41.4137041,2.1809929,horeca
Bar Borrell,41.3751759,2.1668331,horeca
Paddock,41.3752214,2.1663889,horeca
Coroto,41.3908369,2.1490262,horeca
Polaroid bar,41.3793301,2.1787723,horeca
Port Bay,41.3810908,2.1857114,horeca
I'll Pomo d'Oro,41.3926987,2.1585151,horeca
Grill Restaurante - Steak house,41.3837493,2.177219,horeca
Brewdog,41.3857301,2.1581661,horeca
Morro fi,41.3833069,2.1550311,horeca
Hamburguesería El Niu,41.3858988,2.1540644,horeca
Dos Coyotes,41.4236902,2.1812602,horeca
La Empanaderia,41.4001265,2.1581223,horeca
Bar Pietro,41.4025961,2.159745,horeca
365,41.383148,2.1639249,horeca
Índigo Café,41.3874831,2.1626443,horeca
Little Corea,41.385228,2.1565798,horeca
El Quatre,41.4031267,2.1333762,horeca
Manolo Bakes,41.4114575,2.1384357,horeca
Panna,41.4026713,2.1584373,horeca
Segovia,41.441514,2.2181756,horeca
Bar El Racó,41.4417497,2.2212713,horeca
La Gratitud,41.3998511,2.1600282,horeca
Gloria,41.3846973,2.1775099,horeca
Shôko,41.3853718,2.1971997,horeca
Kop de mà,41.3756537,2.1384003,horeca
W Lounge,41.3691792,2.1897373,horeca
Mamarosa Beach,41.3690801,2.1906631,horeca
Restaurant el Magatzem,41.3805096,2.1863595,horeca
HYPE - Sant Andreu,41.4206053,2.1822324,horeca
Mount Everest,41.3785275,2.1589684,horeca
La Paradeta,41.4264305,2.1874519,horeca
L'Olivera,41.4058547,2.1893093,horeca
Señor Pollo,41.4173587,2.1959039,horeca
Chao Pescao,41.391831,2.1669262,horeca
Hammock Juice Station,41.3971863,2.1671778,horeca
Isabella's,41.3959982,2.1368917,horeca
Auto Rosselló,41.3924862,2.1565837,horeca
Bao Bar,41.4033245,2.1359893,horeca
Kao Dim Sum,41.4038701,2.1338775,horeca
Shingari,41.3595832,2.080241,horeca
Cervecería Miranda,41.3605982,2.0846273,horeca
Alsur Café (Palau),41.3871399,2.1753762,horeca
Brunch & Cake by the sea,41.3809714,2.1872568,horeca
Kao Dim Sum,41.4041334,2.1343716,horeca
Cervecería-Frankfurt,41.4394391,2.2207951,horeca
Bar La Unión,41.4379371,2.2212465,horeca
Max Bar,41.4401476,2.2214687,horeca
Acuario,41.4407587,2.221976,horeca
Tot Pollastre,41.4403836,2.2226643,horeca
Bar R'Aurora,41.4400582,2.2213943,horeca
Trocadero,41.4385047,2.2204982,horeca
El buen gusto,41.4411919,2.2225719,horeca
Bar Junior Bodega,41.4417139,2.2225318,horeca
Bar Los Amigos,41.4381238,2.2211044,horeca
Westfalia,41.4409151,2.2222115,horeca
"tapa ""pa"" ti",41.4325592,2.2180657,horeca
365,41.4403303,2.2225575,horeca
La que hemos liado BDN,41.439266,2.220602,horeca
Petit Bangkok,41.39234,2.1588,horeca
365,41.3786642,2.1443804,horeca
Bol,41.3911356,2.158222,horeca
La Tabla,41.3592961,2.1252297,horeca
Casa Varela 1986,41.3600899,2.1278879,horeca
Rostiseria Avui no Cuines,41.3627763,2.1232184,horeca
Noga Café,41.3611725,2.1223347,horeca
El Rusc,41.4081602,2.1574261,horeca
Geladeria orxateria turroneria Sirvent,41.4083516,2.1604811,horeca
Marisqueria Lloritu,41.4067138,2.1596113,horeca
El Col·leccionista,41.4059162,2.1606083,horeca
La Torreta de l'Escorial,41.4101134,2.1589228,horeca
Al Waha,41.4034839,2.1573337,horeca
Creps Barcelona,41.4033763,2.157295,horeca
Afterlife E-sport Bar,41.3948273,2.1437133,horeca
La Golosa Vegan Vurger,41.4023753,2.156805,horeca
Thai Noodles,41.3900956,2.1601122,horeca
Kaitensushi He,41.3892294,2.171995,horeca
Ogura,41.3986785,2.1748355,horeca
El Racó de Dalt,41.4093432,2.1549658,horeca
vullSUSHI,41.4090375,2.1542011,horeca
Bar Plaza Azorín,41.4401922,2.2154926,horeca
Caracas,41.4020908,2.1601676,horeca
L'Amélie,41.4005265,2.157477,horeca
DIP Dumpling,41.4038545,2.1605533,horeca
Elephanta,41.4047833,2.1584509,horeca
El Café del Teatre,41.4040247,2.1581401,horeca
Restaurant Casa Pepe,41.4506084,2.20822,horeca
Bar Rincón Gallego,41.4520144,2.2021432,horeca
Restaurant El Cruce,41.4510242,2.2158873,horeca
Bodega Cal Pep,41.4068358,2.1537705,horeca
Equinox,41.4036906,2.1569828,horeca
Dino,41.4029634,2.1581087,horeca
Ben Tips,41.4113755,2.1451655,horeca
Los Pergaminos,41.3796649,2.1793303,horeca
Sol de Nit,41.4018346,2.1569169,horeca
.IT,41.4051381,2.1548128,horeca
The Hip Fish - Poke Bowls & Sushi Burritos,41.4056347,2.1552548,horeca
Le P'ty Mon,41.3931869,2.149395,horeca
El Rincón Persa,41.3793231,2.1592795,horeca
La Principal,41.3835427,2.1632145,horeca
El Glop,41.3894471,2.1706178,horeca
Thailandès Restaurant,41.39661,2.1609195,horeca
Kebab Bocateli,41.4426035,2.2166674,horeca
Granja Modesto,41.4343689,2.2158958,horeca
Bar Julio,41.4348299,2.2151483,horeca
365,41.3799247,2.1688204,horeca
Gabi,41.4372105,2.2199582,horeca
Mokka,41.4371063,2.2201689,horeca
Topping Circus,41.3857575,2.1797495,horeca
El Taller,41.3808484,2.1631595,horeca
Pans House,41.3811145,2.1632083,horeca
Fast Eddie's,41.3859222,2.1799684,horeca
El petit racó,41.3857092,2.1797099,horeca
Mediamanga,41.3862458,2.1619575,horeca
Bracafé,41.3807177,2.1601937,horeca
Bodega Berlanga,41.3825733,2.165664,horeca
Viena,41.3924529,2.16276,horeca
Llagurt,41.3832233,2.1774851,horeca
Starbucks,41.3825115,2.1766198,horeca
Rosal 34,41.3733324,2.1665157,horeca
Celler de tapas,41.3854081,2.1644331,horeca
Green's,41.3959672,2.1496553,horeca
Restaurant Cinc,41.4520925,2.2086979,horeca
Braseria la Cumparsita,41.4074015,2.1879005,horeca
Cafeteria H,41.4074633,2.1835657,horeca
Restaurant Elkaissi,41.4074871,2.1834914,horeca
El Mercader de L'Eixample,41.3923492,2.1603386,horeca
Bar Cafeteria Borrell,41.3780666,2.1614839,horeca
Forn de pa Degustació,41.399064,2.1608163,horeca
Almalibre Açaí House Barcelona,41.3970942,2.1682789,horeca
Cafeliz,41.3925114,2.1700923,horeca
Elocuente,41.3943609,2.1670678,horeca
Café Café,41.4679949,2.0783733,horeca
El Meu Poble,41.403514,2.1497995,horeca
MyKasa,41.4176968,2.1879726,horeca
Florida,41.3861093,2.1671854,horeca
Bodega J. Cala,41.4139281,2.20632,horeca
El Gallinero,41.3818706,2.1694244,horeca
Kyoza,41.3851407,2.1643909,horeca
Pelai,41.3849968,2.166888,horeca
Crudo Bar,41.3908134,2.1705787,horeca
Lio de 4,41.402716,2.1346228,horeca
Bar-Bero,41.4034818,2.1333701,horeca
Cafe Dore,41.4033319,2.1335324,horeca
Chennai Masala Dosa,41.3862863,2.1312449,horeca
Bitacora,41.4009899,2.2047175,horeca
365,41.3975054,2.1521741,horeca
Conecta,41.4388265,2.2253266,horeca
Sweet dolç,41.4385456,2.2254351,horeca
La Crema,41.3604198,2.0760413,horeca
Bar La Tasquista,41.3593705,2.0799384,horeca
Bar Joshua,41.367175,2.1021309,horeca
Bodega E. Marin,41.4025586,2.1609645,horeca
Istanbul Grill,41.3881301,2.1742413,horeca
Tasmango Dessert,41.3909254,2.1784375,horeca
Pizzería Peccato Italiano,41.4124758,2.162905,horeca
Anduriña,41.3866593,2.1739528,horeca
sushifresh,41.3870153,2.1299857,horeca
People Cafe,41.3818105,2.157367,horeca
Próspero,41.4382431,2.2237839,horeca
Somewhere,41.4693351,2.0805618,horeca
Bar Playa,41.4363354,2.2221903,horeca
Bar Crack,41.4343466,2.2189911,horeca
Badalona Grill,41.4340129,2.2183936,horeca
El Reencuentro,41.4347008,2.219111,horeca
Granja-bar Els Molins,41.4374549,2.2231622,horeca
Santa Caterina Cuines,41.3861655,2.1780161,horeca
365,41.3789307,2.1718613,horeca
Giovanni,41.3824738,2.1738867,horeca
Pizzeria Michelle,41.3790974,2.1743579,horeca
Yamadori,41.3888257,2.1590285,horeca
Taperia Princesa,41.3851961,2.1803933,horeca
Istanbul,41.3753233,2.1454279,horeca
Frankfurt Station,41.3750168,2.1472163,horeca
El Bou Lomoteca,41.4201445,2.1818488,horeca
Paradiso,41.3836737,2.1837007,horeca
Summak,41.3759367,2.1743394,horeca
Japonés Machiroku,41.3871971,2.1729227,horeca
CoCo Fresh Tea & Juice,41.3898132,2.1638114,horeca
The Chipirón,41.3749029,2.1820279,horeca
365,41.3863718,2.1653635,horeca
Restaurant Xinès,41.3880668,2.1590053,horeca
Bar Restaurante Jairo,41.4511422,2.2152364,horeca
Frankkingfurt,41.4509756,2.2108647,horeca
Sushi-Soba Si,41.4504441,2.2106133,horeca
Centro Aragonés,41.450251,2.211724,horeca
Caffé Illusione,41.4548893,2.2081533,horeca
IO BAR,41.4528121,2.2069936,horeca
San Carlos Park,41.4528114,2.2071363,horeca
Les Tannines,41.453201,2.206947,horeca
The 1982 birres&burgers,41.4512272,2.2045593,horeca
Bar Casa Felix,41.455198,2.207695,horeca
Bar Lorenzo,41.4556802,2.2069718,horeca
Restaurant German's,41.4512864,2.2196403,horeca
El Racó de Tots,41.4557338,2.209242,horeca
Tot Carbó Coloma,41.4532725,2.2086562,horeca
Pizzicato,41.4529575,2.2089057,horeca
Restaurante La Vaca,41.4501105,2.2139853,horeca
Vermuteria,41.4505814,2.209707,horeca
Mio Gelato,41.450488,2.2097507,horeca
Granja Bar Les Tulipes,41.44673,2.2106806,horeca
Arribes del Duero,41.44974,2.210299,horeca
Frankfurt's Santa Coloma,41.4504479,2.2097833,horeca
Bar Pujadas,41.4513393,2.2064627,horeca
El Platazo,41.4513184,2.2176638,horeca
Bar Piscis,41.4542566,2.2064641,horeca
Bar La Cantonada,41.4215977,2.2069455,horeca
Cerveceria PH,41.4564411,2.2092607,horeca
Bar Noel,41.460349,2.209391,horeca
Comida de Olla,41.4121042,2.1642642,horeca
Il Mercante,41.377457,2.1778922,horeca
Pasta Madre,41.3846728,2.1700499,horeca
B Restaurant,41.3845148,2.1458994,horeca
La Gamba,41.420563,2.1811438,horeca
Cecconi's,41.3784379,2.1795362,horeca
Cafeteria La Dona,41.4396715,2.2242727,horeca
Rio Azul Restaurant,41.3914461,2.1600868,horeca
TuCachapa.com,41.386393,2.1622001,horeca
Atrapatapa,41.3832362,2.1568636,horeca
Delabuela,41.3757465,2.164919,horeca
Carne a La Brasa Iguazu,41.3780456,2.1887098,horeca
Cervecería Amoretty's 3,41.4412382,2.2200117,horeca
Sincopa,41.3803881,2.1789886,horeca
Amateur,41.3967536,2.1962847,horeca
Starbucks,41.3926932,2.1653219,horeca
Koko Restaurant Barcelona,41.3910317,2.1568166,horeca
Goiko Grill,41.3909023,2.1558732,horeca
CACHO,41.3931048,2.1910878,horeca
Somewhere,41.394568,2.1683482,horeca
Vivari,41.3819079,2.1278291,horeca
bar/restaurant El Lliure,41.3705762,2.15776,horeca
La Celeste,41.384794,2.0529601,horeca
La Gastronomica,41.3755253,2.1535315,horeca
Zed,41.4012867,2.1745507,horeca
Cruix,41.3781721,2.1522428,horeca
Lokal Bar,41.3962599,2.1671226,horeca
365,41.3896241,2.1620063,horeca
Restaurante Mano Rota,41.3743699,2.1618162,horeca
La Platilleria,41.371618,2.1654532,horeca
Silverados,41.3521602,2.1084731,horeca
Café Vienés Jazz Club,41.3980104,2.15797,horeca
citizen,41.3893805,2.1727722,horeca
Canteira,41.4021815,2.1653756,horeca
Urgell Café,41.3825771,2.1582753,horeca
La Palmera,41.4089664,2.1487577,horeca
Dishi Sushi,41.408277,2.1493589,horeca
Don Asador,41.3844787,2.1551473,horeca
El Mirador del Carmelo II,41.4170868,2.1588316,horeca
Cacao's - Gelato Siciliano,41.4098462,2.1737487,horeca
Colombia Pan y Sabor,41.3902984,2.1503194,horeca
Mr Kakigori,41.4000567,2.1580076,horeca
Bodega Vasconia,41.3810082,2.1798816,horeca
Bar Castells,41.3841472,2.1698121,horeca
La Republica,41.3801404,2.1802477,horeca
Yayo Juan,41.440799,2.2158885,horeca
Santagloria,41.3970837,2.1236387,horeca
Pez Gordo,41.3815588,2.1721595,horeca
el Fornet,41.3882003,2.1723419,horeca
Can Cargolet,41.3799804,2.1611891,horeca
La Turuleca,41.3761656,2.1250764,horeca
Pa de Sucre,41.4049252,2.1462587,horeca
Son Hao,41.387047,2.1590958,horeca
Ramen House,41.3814151,2.1616485,horeca
Chongging Liuyishou Hotpot,41.3888461,2.1625336,horeca
Bar Avenida,41.4371962,2.2238498,horeca
Bar Trébol BCN,41.4352675,2.2193633,horeca
La Caña,41.4343632,2.2185056,horeca
Bar Rala 2,41.3867174,2.1235758,horeca
Boca Grande & Boca Chica,41.3945282,2.159919,horeca
La Federica,41.3744951,2.1667538,horeca
Viena,41.4050517,2.1926832,horeca
La Pepita,41.3979638,2.1610245,horeca
Vivari,41.3866199,2.1295185,horeca
Alsur,41.3856816,2.1851737,horeca
Liangpier Xiansheng,41.417281,2.1962747,horeca
M Kapadokya,41.3810423,2.1770783,horeca
The Kebab Factory,41.4471318,2.220899,horeca
MutiClub,41.3973502,2.1607595,horeca
Motta,41.4052843,2.1473276,horeca
SandwiChez,41.3770707,2.1513294,horeca
Burger King,41.3798641,2.1438451,horeca
Rainbow,41.3843,2.1604818,horeca
Dalin i Vanessa,41.3972986,2.1766221,horeca
Belles Arts II,41.3872827,2.1361782,horeca
Il Caffe di Francesco,41.3930707,2.1642758,horeca
La Picnic,41.3810738,2.178812,horeca
Devil's Kitchen,41.3736438,2.1452333,horeca
Las Sorrentinas,41.3892784,2.1793817,horeca
Ikibana,41.3858921,2.1850041,horeca
Little Fern,41.4020955,2.1973671,horeca
Estragón,41.3988828,2.19682,horeca
Catalunya Pita House,41.3507242,2.1126111,horeca
Nara,41.4521008,2.2101677,horeca
Milano,41.4522088,2.2103159,horeca
El Racó del Frai,41.4514379,2.2150111,horeca
Casa Marina,41.4518339,2.2199692,horeca
La Taula Vella,41.4527142,2.2103595,horeca
La Cartuja,41.4577561,2.2049609,horeca
Airiños de Nosa Galicia,41.4498909,2.2065622,horeca
Yesterday,41.4534386,2.2075157,horeca
Blue Monk,41.4513012,2.2100329,horeca
Y se llama Perú,41.4521943,2.2171864,horeca
Mediterraneo,41.4497351,2.2139221,horeca
La Tasca dela Gemma,41.4543578,2.2073024,horeca
Calfred,41.4521455,2.209644,horeca
Brasa Rio Restaurante,41.4459885,2.2131215,horeca
Sporting,41.4541061,2.2047724,horeca
Olimaja,41.449912,2.2120178,horeca
Montferry,41.4579029,2.2014955,horeca
La Cantonada,41.4415858,2.2099712,horeca
Enriqueta,41.4457373,2.2069211,horeca
Casa Yexu,41.4509614,2.214649,horeca
Can Pitu,41.461902,2.2063583,horeca
Bar Calduch,41.4528717,2.2069611,horeca
Bar La Caña,41.4459885,2.208838,horeca
Bar Jota,41.4532472,2.2087321,horeca
Bar Boni,41.4465626,2.2061947,horeca
Isalba Café,41.454282,2.2072019,horeca
Vinoteca la Rambleta,41.4507945,2.2136338,horeca
El Cantó del Vi,41.4533989,2.2075888,horeca
Bodega Termes,41.4497893,2.2073366,horeca
Domino's,41.3800563,2.0543711,horeca
Soco,41.408139,2.1634921,horeca
Nostrum Escudellers,41.3796548,2.1763278,horeca
Palo Verde,41.4047343,2.1968042,horeca
El Cine,41.3993226,2.1603032,horeca
El Sahara,41.4093474,2.1808802,horeca
Cervecería Plaça,41.4064798,2.1488104,horeca
Taco Bell,41.3882932,2.1705399,horeca
Kasa,41.3861348,2.1656868,horeca
Budy Café,41.3985271,2.1500212,horeca
Level,41.3935276,2.157906,horeca
Xix Kebab,41.3902582,2.1508339,horeca
Domino's,41.3874828,2.1444566,horeca
Los Jardines,41.389813,2.1404758,horeca
Luna Turca,41.3875568,2.1432651,horeca
Trigoolas,41.3873198,2.1445333,horeca
Nepolis,41.3879283,2.1454477,horeca
Las Muns,41.3925286,2.1491222,horeca
La Desayunería,41.3906904,2.147446,horeca
Atelier Pan&Cook,41.3746391,2.1559647,horeca
Bond Café,41.3956052,2.146301,horeca
La Svolta,41.4061025,2.1515184,horeca
La Papa,41.3898088,2.1577366,horeca
Monchito,41.3809757,2.179848,horeca
Vivari,41.3862892,2.1379001,horeca
Fermentum Italian Bistrot,41.3930663,2.1552715,horeca
McDonald's,41.3920984,2.1445773,horeca
La Zona,41.3458816,2.1439725,horeca
Gilda,41.3807065,2.1802665,horeca
Strass Barcelona,41.3837626,2.1588913,horeca
Antigua Rioja,41.359361,2.079982,horeca
Orimaki,41.3949256,2.1474503,horeca
Rafael,41.3945564,2.1473774,horeca
Dino Pan,41.3824376,2.1318622,horeca
365,41.3784255,2.13365,horeca
Pizza Palace Donner Kebab,41.3621494,2.1394542,horeca
El Racó del Foc,41.3563428,2.1423387,horeca
Vivari,41.3605765,2.1402916,horeca
La Sal del Port,41.3564587,2.1425766,horeca
La Plaça,41.360249,2.1394382,horeca
Cafeteria Melody Bar,41.3779464,2.1338934,horeca
365,41.3594116,2.1421522,horeca
365,41.3853379,2.132912,horeca
Pasta-Pizza Amassame,41.3750575,2.1326865,horeca
mindona,41.3785996,2.1675992,horeca
Gats,41.3829971,2.170653,horeca
Bar 1800,41.3798131,2.1685175,horeca
Zia carolina,41.4045137,2.2081001,horeca
N.A.P.,41.3774834,2.1900137,horeca
Pizza Marina,41.3594798,2.1406582,horeca
Pizza CityBcn,41.435967,2.1697452,horeca
Raco del Poble Nou,41.4014849,2.1895987,horeca
SandwiChez,41.3941488,2.1694356,horeca
Bingbing Cafe,41.3896358,2.1741484,horeca
La Tagliatella,41.3901645,2.1738401,horeca
52 moments,41.3905194,2.1742385,horeca
La gormanda,41.3923909,2.1542732,horeca
La Tagliatella,41.4104247,2.137107,horeca
Kak Koy,41.3854737,2.1755152,horeca
365,41.4110539,2.1739831,horeca
Pio Pio - Rostisseria Pizza Kebab,41.3603294,2.1339844,horeca
Foc Blau,41.3602569,2.1394803,horeca
Bar Jaume,41.3600319,2.1377656,horeca
Café & Té,41.396093,2.1567917,horeca
Lizarran,41.3835555,2.1310328,horeca
Hola Manito,41.4030218,2.1522341,horeca
Rincón de Sanabria,41.3687124,2.1333825,horeca
Navia,41.4053905,2.1621433,horeca
365,41.3860344,2.177176,horeca
Llegums Cuits Vargas,41.3756077,2.1336006,horeca
Pizzería Da Nanni,41.3831626,2.1773855,horeca
Ca La Margui,41.4068698,2.1864777,horeca
Cafeteria Samy's,41.3637433,2.1369241,horeca
Madacafe,41.3837296,2.1378172,horeca
Birrasterium,41.3819502,2.1379269,horeca
Bar Montevideo,41.3693939,2.1342386,horeca
Bar Alegría,41.3629394,2.1373301,horeca
El Gran Petit,41.3599037,2.1414312,horeca
LABARRA,41.3938766,2.1579225,horeca
Curtidillo,41.386596,2.1324476,horeca
La Muns,41.3871022,2.1304181,horeca
tantarantana,41.3866781,2.1814478,horeca
Bar But,41.3979648,2.1593688,horeca
El Petit Galileu,41.3843235,2.1322177,horeca
Rodeo,41.3678883,2.1338688,horeca
The Fresh Poke,41.3981112,2.1529026,horeca
la Salut,41.4104432,2.155289,horeca
Rosmay,41.4095451,2.1605136,horeca
MDL,41.439316,2.2285031,horeca
Cactus,41.3981094,2.1493053,horeca
Camisu,41.3995652,2.1501774,horeca
Vieth thai,41.3826198,2.156924,horeca
Mare Meva,41.4021166,2.1898084,horeca
Sancho,41.3971005,2.187613,horeca
Vrutal,41.3856913,2.1610224,horeca
Massamara,41.3865392,2.1621723,horeca
La Flek,41.3879488,2.1642047,horeca
Tovar,41.4013195,2.1887189,horeca
Ramen Casolans Restaurant,41.4013749,2.1887841,horeca
Can Miguelín,41.4014243,2.188848,horeca
Bar La Porteña,41.445796,2.2068837,horeca
La Victória va al mercat,41.4502839,2.2108859,horeca
Cafetería Janis Degust,41.4530042,2.2088491,horeca
Malpaso,41.394222,2.1716963,horeca
El Sopapu,41.381695,2.1889625,horeca
Acuario,41.4285385,2.1838771,horeca
nevermind,41.3806023,2.1760057,horeca
Kahiki,41.3856178,2.162618,horeca
sons in law,41.3741025,2.1638157,horeca
Can Ugal,41.3826069,2.1372452,horeca
365 Cafè,41.3646745,2.128033,horeca
Ruta 66,41.3657305,2.1299663,horeca
Il Mago,41.3658726,2.1291179,horeca
Aire,41.3659412,2.129565,horeca
El Farolito,41.3660055,2.1297089,horeca
Rostisseria El Caliu,41.3660597,2.1298292,horeca
BerSo,41.3658809,2.1298448,horeca
Mosaic,41.3657832,2.1299237,horeca
Bar Deportivo,41.4459448,2.2101919,horeca
365 Obrador,41.4043447,2.1785638,horeca
L'Obrador,41.4062641,2.1810842,horeca
Vegan Mount,41.404929,2.1798232,horeca
La Mare Cuina,41.403426,2.1803842,horeca
Xurreria Jessy,41.3971962,2.1719178,horeca
Lasun,41.399663,2.1745187,horeca
Madrid-Barcelona,41.3924382,2.1655498,horeca
Takumi Tonkatsu Ramen,41.3900308,2.1623517,horeca
SandwiChez,41.4054943,2.177702,horeca
Granja La Cantonada,41.3775755,2.1361806,horeca
La Branqueta,41.3990319,2.1510578,horeca
TaColmado,41.3290415,2.0936922,horeca
Pasta Madre,41.3819909,2.1696625,horeca
365,41.3820297,2.1697221,horeca
El Cafè de l'Eixample,41.4043328,2.1770515,horeca
El Nero,41.404399,2.1369555,horeca
La Corrala,41.4008944,2.1656529,horeca
Casa Mariol (Wine bar),41.4071285,2.1759578,horeca
Bardeni el meatbar - Caldeni,41.4029445,2.1771469,horeca
La Xurreria de Maria,41.4050102,2.1750002,horeca
Eivissa,41.3646162,2.1309707,horeca
Florent,41.3647611,2.1308177,horeca
El Mexicano de Arizala,41.375879,2.1253627,horeca
Murivecci,41.3874075,2.1828282,horeca
La Patatona,41.3604651,2.1400108,horeca
El Raconet,41.3755448,2.1236049,horeca
Bar Sandwicheria Enka 3,41.3758876,2.1221107,horeca
Tanti Gusti,41.3872362,2.130904,horeca
Vivari,41.3815279,2.1355291,horeca
Rincón de Cornellà,41.3605895,2.0727119,horeca
Al Taglio BCN,41.3871867,2.1129744,horeca
Cremat 11,41.3855109,2.1810205,horeca
Berenguer,41.460311,2.2071341,horeca
La Senda,41.4527863,2.2104135,horeca
Luna de Istanbul,41.3755254,2.1706594,horeca
Village Spicy Restaurant,41.3730985,2.1666137,horeca
Umaimon,41.3862961,2.1623291,horeca
Orange Coffee,41.4052864,2.1712189,horeca
Tandoor,41.3798786,2.1488052,horeca
Nirala Family Hall,41.4340442,2.2178579,horeca
Bar Betis,41.4402748,2.2197864,horeca
Rostisseria Pit i Cuixa,41.4570968,2.2087448,horeca
Pizzamanía,41.4557723,2.2070959,horeca
Jiao Zi Q,41.3833115,2.1545535,horeca
Yoüme,41.3835882,2.1541892,horeca
Gatblau,41.3818725,2.1568973,horeca
Foster’s Hollywood,41.3921,2.14477,horeca
Hamburgueseria,41.3932,2.1488,horeca
San Fermin La Teresina,41.3906382,2.1604036,horeca
La Tagliatella,41.3946812,2.1638876,horeca
Goiko Grill,41.396393,2.1740555,horeca
Gelida,41.3830616,2.1569618,horeca
Nou Mon,41.3785395,2.0726848,horeca
Argentinisimo,41.3853997,2.158972,horeca
Perúcho,41.4032874,2.1784787,horeca
Teikit,41.3956267,2.1490602,horeca
Galileo,41.392175,2.1545647,horeca
Colmado Wilmot,41.3942298,2.1443078,horeca
Tincset i més,41.3973992,2.1738962,horeca
Espai Diandé Africa,41.3769505,2.1697552,horeca
Mukcafé,41.4099478,2.1697421,horeca
Vivari,41.4087561,2.1713508,horeca
El Capricho,41.4463625,2.2106284,horeca
MSON,41.3729254,2.128668,horeca
Honest poke,41.4039082,2.1954534,horeca
Morro Fi,41.3833811,2.1551748,horeca
Restaurante La Flama,41.3514861,2.1114722,horeca
365,41.3998561,2.20256,horeca
El Pellizquito,41.3501292,2.1105817,horeca
Los Tres Pinos,41.4427461,2.1843361,horeca
Burger King,41.4301713,2.1742231,horeca
Pickwick,41.375111,2.1337793,horeca
Cafès Caracas,41.3748038,2.1328052,horeca
La cantonada de Bacardí,41.3727248,2.1281872,horeca
La tasqueta de Sants,41.3723546,2.1282725,horeca
La Panotxa,41.377342,2.1263136,horeca
La Chacana Gastronomía Peruana Barcelona,41.3774069,2.1262826,horeca
Sazón y rumba,41.376726,2.1256136,horeca
La cáscara,41.3757251,2.1253583,horeca
Bar - Restaurant Arizala,41.3761219,2.1253683,horeca
Las Hermanas de los Ancares,41.3762571,2.1260139,horeca
La Branca,41.3762279,2.1256003,horeca
Yamada Sushi Restaurant,41.3994821,2.1557385,horeca
Thai Korat,41.3745557,2.128068,horeca
Santin,41.3749859,2.1271152,horeca
Bar Gaudí,41.3747571,2.1265776,horeca
Gonzalez & Co,41.388652,2.162293,horeca
El petit de Casajuana,41.4072713,2.1731912,horeca
Lepanto,41.4054856,2.1750907,horeca
Play Point,41.4118451,2.1732318,horeca
Ourense,41.4097252,2.1764852,horeca
Wonderland,41.4105877,2.175583,horeca
Trencadís,41.4111423,2.1740186,horeca
Santa Maria,41.3824905,2.1657495,horeca
Camelia Art Café,41.4066962,2.176104,horeca
Ramen House,41.4056012,2.1748791,horeca
Telepizza,41.407037,2.1714094,horeca
La Boulangerie,41.406442,2.1722412,horeca
El Felino,41.4050648,2.1734853,horeca
El Turco,41.4060042,2.1474736,horeca
Bricks,41.3970406,2.1999855,horeca
Blancaneu,41.4081422,2.1668153,horeca
Coliseum Café,41.3503077,2.1094584,horeca
Bar Rambla,41.350231,2.1091555,horeca
Little Fern,41.4023415,2.1975419,horeca
Sports bar,41.406702,2.2015437,horeca
Granja Fina,41.3518992,2.1079204,horeca
Bar de La Central,41.3835795,2.1688486,horeca
La Escuineta,41.4007782,2.2038067,horeca
Bar Vulcano,41.40051,2.1622329,horeca
Corgi Cafe,41.4056894,2.1695447,horeca
Sagradas Tapas,41.4085399,2.1745509,horeca
Coffee & Pizza,41.3982503,2.1514084,horeca
Trencalòs Vermuteria,41.3804345,2.1362058,horeca
Yifan sushi,41.400066,2.1510108,horeca
Ramen Shifu,41.3896025,2.1635389,horeca
El Rebost d'en Xavi,41.4315087,2.1783327,horeca
Las Cuevas de Los Rajahs,41.380344,2.1794211,horeca
Smith,41.4241062,2.1472093,horeca
Green Kiss,41.4108351,2.1741045,horeca
Xocolateria Carrió,41.4097041,2.1725591,horeca
Nakamura,41.4059497,2.1716832,horeca
Dante,41.4058184,2.1741583,horeca
Churrería Antonio,41.3620309,2.1396718,horeca
Celler Miquel,41.4098546,2.1736868,horeca
Kenko II,41.4082524,2.1807071,horeca
COFFEE & PÂTISSERIE,41.4117588,2.1753486,horeca
Jardinet d'Aribau,41.3918967,2.1545262,horeca
La Fábrica del Taco,41.3925534,2.1879202,horeca
Trifàsic,41.362832,2.1005534,horeca
Bella Istambul,41.3970388,2.1722424,horeca
Obrador De la Crem,41.3970756,2.1721943,horeca
La Patsa Lab,41.3869811,2.156921,horeca
Fermí Puig,41.3961986,2.1533947,horeca
BierCaB,41.3862283,2.1597509,horeca
Camelia Art Café,41.391969,2.169325,horeca
Bykate,41.3993326,2.1628231,horeca
Vivari,41.3993766,2.1629196,horeca
G&P,41.3959881,2.1509765,horeca
Gelati Dino,41.3755038,2.1363681,horeca
Pannia,41.4118391,2.1777254,horeca
A Vocados,41.3960875,2.1515531,horeca
Lambicus,41.3759389,2.157176,horeca
Curtis audiophile cafe record store,41.39006,2.1577608,horeca
La Dama,41.3946253,2.1529623,horeca
Balthazar,41.3919539,2.1553223,horeca
Banh Mio,41.3872027,2.1626173,horeca
Enjyu,41.3789828,2.1375191,horeca
Desdejunis Parera,41.4015349,2.1592828,horeca
Bar Brutal,41.3852677,2.1805362,horeca
El racó de Gràcia,41.4005497,2.1531433,horeca
Bar Omar,41.3950945,2.1448798,horeca
Bubar,41.3909909,2.187867,horeca
La Whiskeria,41.3842445,2.1697428,horeca
Bar Hao,41.3579994,2.1195805,horeca
4 Latas,41.3955414,2.1523165,horeca
Mojo,41.3953178,2.1485336,horeca
La Petita Vegana,41.4212964,2.1774159,horeca
La Tagliatella,41.3813131,2.1852561,horeca
demasie,41.383399,2.1816366,horeca
El Gat Rumberu,41.3869718,2.1810871,horeca
Via Galicia,41.3808319,2.1635876,horeca
Patapollo,41.3832787,2.1634932,horeca
Gringa,41.390137,2.177109,horeca
Le Grand Café Rouge,41.4118938,2.2190616,horeca
Comoloco,41.3764927,2.1472468,horeca
HolyMadre,41.3896486,2.1597296,horeca
Tiago la Pizza,41.3862411,2.1550818,horeca
Bar La Libertad,41.3723093,2.1093562,horeca
Lounge Restaurant,41.3963512,2.1922632,horeca
Raven Poblenou,41.3988768,2.1953173,horeca
El rey del kebab,41.3983197,2.1942274,horeca
Starbucks,41.3747518,2.1826554,horeca
Bar Conquero,41.4164183,2.2130607,horeca
La Tagliatella,41.3562616,2.0670027,horeca
Teoric Taverna Gastronomica,41.3977846,2.1692651,horeca
Restaurant La Taverneta Barcelona,41.3843695,2.1729219,horeca
Aloha Poké,41.3950128,2.1525379,horeca
Dunkin' Coffee,41.3585506,2.1293218,horeca
El Trisquel,41.3720141,2.1201905,horeca
SITAKE YA,41.3884123,2.157844,horeca
Kaguya Hime,41.4003083,2.1593509,horeca
PHILOSOFIA Book Café,41.3864068,2.1229868,horeca
Popeye,41.3853773,2.1308973,horeca
Can Fusté,41.3834858,2.1287232,horeca
El Caliu de Les Corts,41.3810721,2.131363,horeca
Secret Mediterrani,41.3819851,2.1314419,horeca
Good news coffee,41.4031583,2.1269245,horeca
Starbucks,41.4334279,2.0784717,horeca
Can Nanclares,41.3681417,2.0706171,horeca
El Brot de l'All i Oli,41.3516055,2.0762998,horeca
Muns coffee,41.3655687,2.1260668,horeca
Vivari Coffee & Bakery,41.3770842,2.1302299,horeca
Baskònia Restaurant,41.3579266,2.1292028,horeca
Tosca Del Carme,41.3819444,2.1698396,horeca
Rita's Coffee,41.399763,2.1498749,horeca
Tramendu,41.3702958,2.1336169,horeca
Revoltosa,41.3741762,2.1326736,horeca
Pitta hot döner,41.3718612,2.1267139,horeca
Lucciano's Barcelona,41.3886109,2.1664952,horeca
Burger World,41.3869017,2.1599613,horeca
La Traviesa,41.3962698,2.1516852,horeca
Liukoushui,41.3944636,2.1695497,horeca
SandwiChez,41.3900011,2.1439157,horeca
Papa John's Pizza,41.3912934,2.1503358,horeca
Pizzeria Carlos,41.3899251,2.1486225,horeca
Papa John's,41.3659682,2.136604,horeca
Kibuka,41.3995409,2.2000183,horeca
Fabrik,41.400448,2.2012449,horeca
UDON,41.3946128,2.1474595,horeca
Gatsby,41.3961844,2.1514201,horeca
La Bodegueta,41.3932765,2.1593357,horeca
La República del Taco,41.4129049,2.1790916,horeca
Valls & Co,41.3835328,2.1390243,horeca
Cuina natural,41.390572,2.1376354,horeca
Alice,41.3901892,2.1708409,horeca
La Lonja,41.3850971,2.1429297,horeca
Malasaña,41.3772034,2.1575968,horeca
Can Lampazas,41.3908197,2.1451496,horeca
Sakura,41.3911321,2.140697,horeca
Blat i Café,41.3777201,2.1556065,horeca
Restaurant Hostal Cornellà,41.3634958,2.0745773,horeca
El Villano,41.3719599,2.0698964,horeca
La Deskomvnal,41.3759065,2.1322658,horeca
Maccabi Restaurant Tapas,41.3814545,2.1727031,horeca
La Tagliatella,41.3321732,2.0527539,horeca
A' Lareira de Ancares,41.3501858,2.1126075,horeca
Honest Greens,41.4050488,2.1925174,horeca
Consonn's brunch & lunch,41.3797197,2.146341,horeca
Cervecería Conde Drácula,41.4410273,2.1772714,horeca
Cocina Hermanos Torres,41.386502,2.1401156,horeca
Walló,41.3924727,2.1513916,horeca
Happy Rock,41.3761382,2.149656,horeca
Rostisseria Major,41.3311411,2.0934562,horeca
El Gall i la Gallina,41.3303357,2.0933675,horeca
Cal Xica,41.3304501,2.093368,horeca
Cafetería La Vila,41.3305014,2.0929028,horeca
Bar Hinojosa,41.4499012,2.2165104,horeca
Saluka,41.3760125,2.1494252,horeca
Rias do Miño,41.3789324,2.1917455,horeca
Desoriente,41.4007266,2.2037657,horeca
Empanada Club,41.3888661,2.1792287,horeca
La Tagliatella,41.3962492,2.1742316,horeca
Fella,41.3886892,2.1791207,horeca
mamacafé,41.382727,2.1688066,horeca
Can Pizza,41.3868614,2.1676652,horeca
Porto Rico,41.3595487,2.0998244,horeca
Napoli centrale,41.3723464,2.1627273,horeca
365,41.4137602,2.1617555,horeca
Apriori,41.3967089,2.1524358,horeca
Madre Lievito,41.3976809,2.2032493,horeca
Catering Chef,41.3876885,2.1586125,horeca
Granja Stop,41.3545559,2.113154,horeca
Chez Lola,41.4320393,2.1838933,horeca
Nikkis Kitchen BBC,41.3808439,2.1898027,horeca
"Craft 19 - Pastrami, Burgers & Beers",41.3968391,2.164455,horeca
Xurreria Xocolateria Niza,41.3582195,2.1025525,horeca
Punto de Encuentro,41.3533165,2.1137253,horeca
Xurreria La Confiança,41.3534108,2.1136827,horeca
Bar Soniajero,41.3498735,2.1129618,horeca
Bodega La Tinaja,41.3843404,2.1831014,horeca
Empanada Club,41.3846315,2.1624217,horeca
Tibidabo Brewing,41.359258,2.1108351,horeca
Hosomaki,41.3721866,2.0984793,horeca
Jabato taperia,41.4045657,2.1619108,horeca
Retruc,41.3768861,2.1511233,horeca
La Perla,41.4134561,2.1694985,horeca
FIKA,41.4342344,2.1881155,horeca
La Parrillada Grill Steak House,41.3808173,2.1908353,horeca
La Sastrería,41.386245,2.1590499,horeca
Bracafè,41.437796,2.1906165,horeca
Bracafé,41.4390363,2.1886368,horeca
Direkte,41.3814374,2.1720836,horeca
Espit Chupitos,41.3879388,2.1617272,horeca
El Arbol,41.3874158,2.1610751,horeca
Bar lucky,41.3798892,2.1551297,horeca
Salta Food,41.3747665,2.125122,horeca
McDonald's,41.3826,2.1853399,horeca
Pizza Natura,41.3945052,2.1645638,horeca
Kasbah,41.3744509,2.1683103,horeca
Hiraya,41.3962526,2.1819795,horeca
Domino's,41.39621,2.1803338,horeca
365,41.3956271,2.1793694,horeca
Vivari,41.3947182,2.180505,horeca
Cafès Novell,41.3994705,2.1802547,horeca
D@niel Café Restaurant,41.4043895,2.1931922,horeca
Zenzoo,41.3844102,2.1702416,horeca
Jijonenca,41.3756654,2.1829676,horeca
Manga Rosa,41.3815703,2.1628315,horeca
Belbo dos besos,41.388072,2.1672595,horeca
Shuler Hotpot,41.3933266,2.1739732,horeca
Acqua & Farina,41.3810227,2.190187,horeca
El Medi (Pub Mediterraneo),41.392897,2.1575663,horeca
El Rincon del Cava,41.3727574,2.1626286,horeca
Diversus Hospitalet,41.3501502,2.1199078,horeca
Ben cuit,41.4111806,2.1718106,horeca
My Friend,41.3893661,2.1470542,horeca
La Gossa,41.4005965,2.162953,horeca
Cambur Pintón,41.3909131,2.1984874,horeca
Harry's,41.3951595,2.1607634,horeca
The EggLab,41.3783892,2.1564476,horeca
COYOTE D7 POOL,41.3873567,2.1520576,horeca
HFC Halal Fried Chicken,41.3747737,2.1679907,horeca
La Taquería,41.4023238,2.1749467,horeca
Can Boneta,41.3936719,2.1566831,horeca
Gran Torino,41.378057,2.1789373,horeca
Bar La Camila,41.4018317,2.1626196,horeca
Especialitats Artesanals,41.375347,2.1440082,horeca
Sol,41.3753455,2.1440995,horeca
Gocce di Latte,41.3832104,2.1824309,horeca
Dionisos,41.3805703,2.1770185,horeca
La Lucha,41.3791775,2.175871,horeca
Robert's,41.3770591,2.1213892,horeca
La Gastronomica,41.3766725,2.15202,horeca
Santuari,41.3985614,2.161075,horeca
Rumba,41.3958243,2.1994522,horeca
Darvaza,41.3905856,2.1580147,horeca
Restobar Lascaleta,41.4138626,2.1432185,horeca
Los Olmos 2,41.4317585,2.2179611,horeca
NoruBar,41.4016391,2.1969559,horeca
Abba mia,41.3825629,2.1400934,horeca
Coffee & Co,41.4101645,2.2176131,horeca
KHENYAN Coffee & Brunch,41.4098689,2.2163897,horeca
Starbucks,41.4095395,2.215722,horeca
Seoul Nadri,41.3909111,2.171967,horeca
Xurreria Sarrià,41.4012099,2.1221571,horeca
Benvenuti al sud,41.3993463,2.1784883,horeca
Mescladís Bostik,41.4244918,2.1930221,horeca
L'illa,41.4418775,2.1921238,horeca
Fêrrum,41.4000871,2.1644214,horeca
Marisma,41.3802284,2.1894914,horeca
Can navas,41.3740554,2.1595911,horeca
Soban de Jo Lee,41.3847027,2.1464562,horeca
Qing Tian Ramen,41.3820089,2.1420349,horeca
El teu moment,41.3793524,2.1332531,horeca
El Garden Barcelona,41.3890579,2.1404618,horeca
Conese Beer Barcelona,41.3852192,2.1592787,horeca
Vermut i força al canut,41.3795544,2.1371771,horeca
Delizuchi,41.3732141,2.1066094,horeca
La Fuga,41.3936322,2.1692813,horeca
La Antigua de México,41.4038731,2.1584159,horeca
La Cukita,41.4032727,2.1586244,horeca
Ad fundum,41.3761519,2.1382764,horeca
Seixanta Quaranta,41.3762219,2.1385908,horeca
La Cantina,41.3900391,2.1770942,horeca
Good News,41.4012091,2.1536941,horeca
Adlivitum,41.3932964,2.1705787,horeca
Arts,41.3278061,2.0948673,horeca
Cafe Cometa,41.375859,2.1620242,horeca
KASA RAMEN,41.3876436,2.1289819,horeca
Boka,41.3761378,2.1492536,horeca
Ca La Tresa,41.4002878,2.1212138,horeca
Tio Bigotes,41.410258,2.1472321,horeca
Na tazzulella e café,41.4131821,2.1698817,horeca
Lord Byron,41.3981735,2.1704068,horeca
Pans & Company,41.4349283,2.180849,horeca
El Racó del Mariner,41.4153888,2.227806,horeca
Cocoa Cabana,41.3989181,2.1623026,horeca
LA CIGARRA,41.3851453,2.1781346,horeca
Caua,41.3878661,2.1612033,horeca
Bar El Racó del Perill,41.3994145,2.1616352,horeca
Bar Café Alexia,41.3717557,2.1187814,horeca
Stereo Bar,41.3738796,2.1690488,horeca
La clave,41.3739943,2.1283309,horeca
Ramen tan tan,41.3765928,2.1456084,horeca
Señor Piña,41.3814923,2.1740428,horeca
Vrutal,41.3983471,2.205045,horeca
365,41.3887328,2.1332799,horeca
Bar Gracia,41.4278556,2.1657378,horeca
Cafetería Andrés,41.4282195,2.1655827,horeca
Heymei,41.386593,2.1126557,horeca
Los Tortillez,41.3886982,2.1623496,horeca
Vivari,41.4258827,2.174203,horeca
Diània,41.3994869,2.1581862,horeca
La Informal,41.3963712,2.1670062,horeca
Bar Antonio,41.4173037,2.1704767,horeca
Los Panas,41.4092577,2.1715132,horeca
Bodega Iturre,41.4057074,2.1700289,horeca
Casa Club Montjuïc,41.3622097,2.1448294,horeca
Kala Brunch,41.4020935,2.1752399,horeca
Bar Metro L1,41.3753494,2.1493304,horeca
"super be - juice, food & good mood",41.3916891,2.1972141,horeca
La Uramakeria,41.3902369,2.1766228,horeca
La traga Street Food,41.3749745,2.1270816,horeca
Polleria Lisboa,41.4295053,2.158878,horeca
Trieste Horta,41.4297563,2.1602722,horeca
Buga Ramen,41.4293902,2.1618886,horeca
Fast Bites,41.4000408,2.2024253,horeca
JJ i amics,41.4035832,2.1620092,horeca
Diavolo Rosso,41.4188107,2.1825231,horeca
Salvadiscos,41.3734375,2.1562024,horeca
Guacho,41.4206068,2.1810874,horeca
Bubita Sangria Bar,41.385687,2.1816538,horeca
Honest Greens,41.3879186,2.1287929,horeca
Carita Bonita,41.3902648,2.1611361,horeca
Paninheart,41.3763654,2.1569713,horeca
Takearte,41.3761883,2.1623977,horeca
Pastel & Co,41.377532,2.1598875,horeca
Flipá,41.3756701,2.164001,horeca
Jiribilla,41.3788149,2.160494,horeca
Kiena Kiena,41.3765488,2.1630207,horeca
Los Juanele,41.3754494,2.1659979,horeca
El bon menjador de Loli i Marlon,41.444856,2.218027,horeca
La Uramakeria,41.4033425,2.1557744,horeca
Choripa,41.4030264,2.1606511,horeca
Almendra Brunch,41.3980372,2.1702283,horeca
Antonia's Burger Putxet,41.405692,2.1380979,horeca
Bar Rincon Aki Me Planto,41.3846698,2.1411788,horeca
La Fábrica del Taco,41.376908,2.1583773,horeca
Kefir Coffee & Bakery,41.4247051,2.1916178,horeca
Petit mÓn,41.3839566,2.1324134,horeca
Casa Petra,41.3900342,2.1257645,horeca
Lupara,41.3854345,2.1786214,horeca
Palacio Hermoso 2,41.3640488,2.1274827,horeca
Bar Endor,41.4010299,2.140719,horeca
McDonald's,41.4510043,2.206466,horeca
Mibarna,41.4118389,2.1800314,horeca
Modoki Funky Roll,41.3879526,2.1518629,horeca
Loro Charly,41.3539141,2.0933816,horeca
Maki Yaki,41.3738573,2.1558238,horeca
Asiatik,41.3590013,2.1299239,horeca
El Nido,41.38299,2.1577089,horeca
Hungry Eyes,41.3832732,2.1355885,horeca
Vietnam authentic,41.4051999,2.1736914,horeca
Buenas Migas,41.404163,2.1914358,horeca
Shall we meet,41.4057463,2.1713819,horeca
Espiga Craft Beer Shop,41.384104,2.1566271,horeca
La Balsa,41.4108495,2.130259,horeca
Chesebakers,41.399937,2.1667957,horeca
Jiao zi,41.3834959,2.1542598,horeca
Eurodoner,41.4437212,2.1767246,horeca
365,41.3804895,2.14044,horeca
Granier,41.375358,2.1329452,horeca
365,41.3504837,2.1097289,horeca
Trigo,41.3997444,2.1799959,horeca
Bar Bernat Pescaire,41.3873632,2.1634594,horeca
Restaurante Chino Feliz,41.3656821,2.1191023,horeca
Por Sant,41.3925031,2.158814,horeca
Syra,41.3931766,2.1578307,horeca
Enlagloria,41.399162,2.1953158,horeca
La Vivi,41.4071317,2.1591482,horeca
365,41.440218,2.1758943,horeca
The Ranch Smokehouse,41.3868338,2.1676098,horeca
Domino's,41.3765971,2.1538274,horeca
Ginos,41.3882602,2.1728382,horeca
Pepe & Lepu,41.3751188,2.1420675,horeca
Som la Casa dels Gelats,41.4154776,2.1861472,horeca
Dulce María,41.4023886,2.1691807,horeca
Bar Muñoz,41.4177606,2.1712845,horeca
Don Chingon,41.3620015,2.1086555,horeca
Vivari,41.3631086,2.1004174,horeca
La clave,41.3991021,2.1708201,horeca
Istanbul Grill,41.3787412,2.1427173,horeca
Shanghai,41.4300173,2.186143,horeca
Bcoffee,41.4187835,2.1787877,horeca
Jon Cake & Wines,41.3887492,2.1427497,horeca
Totoro,41.4091313,2.1630936,horeca
La Masovera,41.4684178,2.0799193,horeca
Frankfurt Verín,41.4161624,2.2000061,horeca
Bella Italia,41.395121,2.1659929,horeca
Anime Ramen,41.4112123,2.1746361,horeca
Funicular,41.3737595,2.1566771,horeca
Agachaito,41.3916665,2.1916656,horeca
Starbucks,41.3914089,2.1626643,horeca
Osom Nou,41.4043004,2.1981787,horeca
La - Barra del 7 Portes,41.38202,2.1836062,horeca
Trigo,41.386702,2.1740599,horeca
El Fornet,41.3864386,2.1656043,horeca
Cafe Fit Club,41.3997138,2.1433672,horeca
Doppietta,41.3760699,2.1628711,horeca
Smash Burger House,41.3799608,2.1799486,horeca
Fronda Pasaje BCN,41.3840215,2.1814732,horeca
Gelato Turín,41.4117058,2.1406608,horeca
el Sazón de Isabel,41.360181,2.1281049,horeca
Aloha Poké,41.3956303,2.1254743,horeca
Aloha Poké,41.4296779,2.1897706,horeca
Aloha Poké,41.3657762,2.1356468,horeca
Aloha Poké,41.3863414,2.1653319,horeca
Can Tornem-hi,41.3862796,2.1119205,horeca
MONTALBO,41.360466,2.1113896,horeca
Sabor De Etiopia,41.3743329,2.1087856,horeca
La Llama,41.4140338,2.1841148,horeca
Frankfurt's Balmes,41.4066333,2.1388881,horeca
Pizzeria Nana,41.4176717,2.1877391,horeca
El Racó de L'Avi Antonio,41.4437824,2.1768238,horeca
Asante Cafe,41.3739895,2.1601439,horeca
Bar Manolo,41.3717363,2.1655443,horeca
The Florentine,41.403905,2.1966998,horeca
El Vintidós,41.3991552,2.1885,horeca
Frankfurt Sant Andreu,41.4346419,2.1894997,horeca
Sandwich Club,41.397334,2.1703085,horeca
Imprevist,41.3971764,2.170543,horeca
Clorofila,41.3916085,2.198415,horeca
Candy Darling,41.3850898,2.1629545,horeca
Jacaranda,41.4305818,2.1587542,horeca
Apurado Café,41.4030872,2.1667554,horeca
Ginos,41.4399676,2.1977503,horeca
Rias do Miño,41.432869,2.1437457,horeca
Noush,41.3708085,2.1373783,horeca
Muérdete | Taller de Cuina,41.3822098,2.1628118,horeca
El cafe de tots,41.4146527,2.1637653,horeca
Doña Jacinta,41.4057736,2.2036618,horeca
El Punto,41.3862965,2.1522626,horeca
365,41.3790511,2.1602014,horeca
Racó d'Àngel,41.4078959,2.1361919,horeca
Cal Robert,41.3796106,2.1638554,horeca
La Cobra,41.3829313,2.1652706,horeca
KFC,41.435566,2.1807522,horeca
All you eat is love,41.3917096,2.1914167,horeca
Shawarma Haifa,41.4039993,2.1825886,horeca
Sushiko,41.4352012,2.1814534,horeca
Merle Speciality Coffee,41.4073937,2.1729745,horeca
Vraba,41.3776945,2.1842041,horeca
Falafel Of Shani,41.3819016,2.171333,horeca
Backstage,41.3751921,2.1569045,horeca
Anxoveta,41.3934116,2.1621855,horeca
La Miyuky,41.4359822,2.160365,horeca
OKasional Beer,41.3823408,2.1625065,horeca
Lagar,41.4312286,2.1888912,horeca
La Tapadera de Sant Andreu,41.431577,2.191448,horeca
Foochee Ramen,41.3925725,2.1693696,horeca
L'Osteria del Prat,41.3285975,2.0977437,horeca
MONARQ Tapas & Grill Barceloneta,41.3791887,2.1879918,horeca
Perlazul Tapas & Grill Barceloneta,41.3759781,2.1892578,horeca
Vivari,41.3975957,2.1321014,horeca
Las Mañanitas,41.3978384,2.1790515,horeca
Yoüme Sushi,41.4125205,2.16276,horeca
Xurreria Xocolateria Raul,41.363289,2.1032577,horeca
Cabana de los angeles,41.3822506,2.1683859,horeca
El Trencadís,41.4110215,2.1738753,horeca
La Floresteca,41.4451438,2.0725193,horeca
Brunch & Cake,41.3804441,2.1747139,horeca
FOCO,41.4065603,2.1604196,horeca
Lonely Bar Hi-Fi,41.3987602,2.1552434,horeca
Granja Cafeteria,41.3956845,2.1761644,horeca
MEZZ // VINTAGE HI-FI BAR,41.3975934,2.1568971,horeca
El celler dels avis,41.4311411,2.192245,horeca
Ox Lan,41.4010984,2.173907,horeca
Jijonenca Cres,41.3656025,2.0531435,horeca
Bar Granja Nou,41.4277593,2.1666466,horeca
Bodega Prat,41.3826789,2.1316867,horeca
Billy Brunch & Park,41.3879249,2.1787868,horeca
Henry‘s Bar,41.4027338,2.1969691,horeca
Bar Xatu,41.4095046,2.1843077,horeca
Cafe Siroko,41.3962337,2.1694514,horeca
MASA,41.3991289,2.195278,horeca
Bornès Restaurant,41.3844945,2.1802556,horeca
La Dan Café,41.3880164,2.1369176,horeca
Lof bakery,41.3720265,2.1623313,horeca
Tio Bigotes,41.3816723,2.1273664,horeca
La Gran Finestra,41.3820175,2.1305886,horeca
la Torreta,41.4024027,2.1217172,horeca
Restaurant La Dama,41.3850856,2.1892748,horeca
Quiosc-bar Ciutadella Cascades,41.3890529,2.1866163,horeca
AcontraLuz,41.3983498,2.1301321,horeca
Font de Les Planes,41.4281465,2.0879675,horeca
McDonald's,41.3804543,2.1741843,horeca
KFC,41.3803081,2.1743286,horeca
Burger King,41.3747708,2.1658516,horeca
Central Rambla,41.3782716,2.1761732,horeca
L'Escamarlà,41.3925012,2.2046705,horeca
Can Fisher,41.3946058,2.2062439,horeca
El Jardí de les Aigües,41.3557021,2.0637713,horeca
Mimosa,41.3915134,2.1670239,horeca
Els Tres Tombs,41.3789202,2.1633344,horeca
El Rincón Maya Restaurant,41.3889964,2.1580817,horeca
Bar Cansalada,41.4160589,2.0588281,horeca
Espai Plaça Mireia,41.393228,2.0937558,horeca
Banker's Bar,41.3913422,2.1666269,horeca
Blanc,41.3912828,2.166787,horeca
El Parador de Sant Just,41.3824951,2.0740747,horeca
McDonald's,41.3529038,2.1055568,horeca
Font de Les Planes,41.4280945,2.0881135,horeca
Dos Torres,41.3980785,2.1289601,horeca
Terrassa Bar-Ri,41.3967119,2.1283154,horeca
Nýos,41.3965955,2.1269615,horeca
La Granjeta de Sarrià,41.3962719,2.1272029,horeca
Moncho's House,41.3899967,2.1318367,horeca
Can Jané,41.444643,2.1173269,horeca
Mendizabal,41.3803452,2.170768,horeca
La Base by Farré,41.3967826,2.2102263,horeca
El 9 Carrer,41.4523112,2.2083833,horeca
Burger King,41.3337628,2.0510786,horeca
Pans & Company,41.3307404,2.0533912,horeca
McDonald's,41.3793927,2.065821,horeca
Chiribito,41.4304493,2.1743213,horeca
La Flor,41.4320716,2.1737237,horeca
The New Orleans Coffee & Tea Company,41.4305166,2.1725195,horeca
Cotxeres,41.4281914,2.1757408,horeca
Palacio de China,41.3934539,2.1881434,horeca
Bar Nuria,41.3932336,2.1884994,horeca
Restaurant Can Valldaura,41.447858,2.1319638,horeca
Restaurante Chino Peking - 北京酒楼,41.3210506,2.0998481,horeca
Peter Pan,41.3215818,2.1017266,horeca
El Nou Buddha,41.3218741,2.1026431,horeca
La Moreneta,41.3231631,2.105161,horeca
El Capitán Garfio,41.3224502,2.1038954,horeca
Sant Bartomeu,41.3755248,2.1346488,horeca
Venècia,41.3774031,2.1340291,horeca
HotDoks,41.375545,2.1344972,horeca
Cal Boter,41.4021663,2.1623411,horeca
Fenicia,41.3767803,2.1365656,horeca
Orhan,41.3759838,2.1350831,horeca
Sar,41.3770535,2.1338807,horeca
IQRA Kebab,41.3771257,2.1339113,horeca
El Racó de la Xemenea,41.3770183,2.1352388,horeca
Tapa Tape,41.3775028,2.1374276,horeca
Pub Gris,41.3772743,2.1371527,horeca
Hoja Verde,41.3771427,2.1369905,horeca
Disco Bar Joe's,41.3770927,2.1369201,horeca
La Maria del Rocxi,41.3770424,2.1368715,horeca
CaFeniciana,41.3768914,2.1366906,horeca
El jardi de Sants,41.3769402,2.1367319,horeca
Via Fora!,41.3773381,2.1372296,horeca
Calero's,41.3772237,2.1370878,horeca
Ciutat Comtal,41.3760228,2.1358001,horeca
Lunatic,41.3773962,2.1237141,horeca
La Cigale,41.4018928,2.1619419,horeca
La Fourmi,41.4019257,2.1616543,horeca
Bar Seco,41.3720275,2.1671353,horeca
A'Feira,41.4421429,2.0673026,horeca
Tapes Gaudí,41.408243,2.1745267,horeca
Aladdin,41.4086056,2.1745607,horeca
Pans & Company,41.4107436,2.1745558,horeca
Babilonia,41.4050316,2.1742781,horeca
Wok,41.4432704,2.2009662,horeca
Delta Restaurant,41.3283817,2.10877,horeca
Restaurant Buffet,41.3742363,2.1522045,horeca
The Garden,41.3823948,2.1100706,horeca
Las Palmeras,41.4434344,2.2207562,horeca
Rallyes,41.4441699,2.2209227,horeca
Can Farines,41.4375434,2.2185286,horeca
McDonald's,41.4292075,2.2113815,horeca
Burger King,41.4268185,2.2100477,horeca
Italo,41.3814704,2.1757171,horeca
Incognito Bar,41.3865807,2.1836862,horeca
Cerveceria Taller de tapas,41.386132,2.174026,horeca
Extremeño,41.434321,2.216215,horeca
El rincón de Willy,41.4380246,2.2180623,horeca
Antic Tapas Ferran,41.3823086,2.1765833,horeca
Starbucks,41.3771539,2.0985205,horeca
Enrique Tomas,41.3772654,2.0978565,horeca
Ingredients,41.3768213,2.0988109,horeca
Dunkin' Coffee,41.3769497,2.0980215,horeca
McDonald's,41.3772391,2.0981285,horeca
Udon,41.376838,2.097805,horeca
KFC,41.3768441,2.0976369,horeca
Casa Carmen,41.3768662,2.09739,horeca
Blue Frog,41.3771431,2.0972314,horeca
Frankfurt's Original,41.3772144,2.0973756,horeca
Comtu bar,41.399002,2.1943999,horeca
La Fontana,41.3675103,2.0587209,horeca
Tasca i Vins,41.4257463,2.182961,horeca
Rambla Poblenou,41.4046882,2.1967694,horeca
braseria xorus,41.4029,2.1986522,horeca
La broqueta,41.4027269,2.1989008,horeca
Tierra da Lua,41.3962523,2.1830333,horeca
Ca la tata,41.4225659,2.2115743,horeca
Dunkin' Coffee,41.3819524,2.1723439,horeca
Bocatta,41.3818518,2.172403,horeca
Sukaldari,41.381736,2.1724342,horeca
Pita Inn,41.3816636,2.1725305,horeca
Hummus & company,41.3809714,2.173182,horeca
Kubik Restaurant,41.3796645,2.1743205,horeca
Ramblejant,41.3794478,2.1745096,horeca
Genové 1911,41.3812802,2.1728591,horeca
Bello Italy,41.3812444,2.1728937,horeca
Hogan's,41.3814211,2.1727465,horeca
Egipte,41.3813446,2.1728162,horeca
La Granja 1872,41.3820651,2.1753232,horeca
Dalston Coffee,41.384535,2.1684343,horeca
Kasparo,41.3844847,2.1690087,horeca
Bonatapa,41.3826567,2.1716972,horeca
cent111onze,41.383726,2.1709656,horeca
La Poma,41.3843881,2.170482,horeca
Los Toreros,41.382919,2.170821,horeca
L'Ovella Negra,41.3844667,2.1695575,horeca
Organic,41.3832659,2.1701667,horeca
Bar Lobo,41.3832611,2.170504,horeca
Sagarra,41.3831077,2.1703808,horeca
Cafe d'Annunzio,41.384376,2.1687566,horeca
Chelo,41.3844243,2.1688853,horeca
Mustafa's,41.3847423,2.1682309,horeca
Cèntric,41.3847302,2.1680967,horeca
Mar,41.3753694,2.1896344,horeca
Mei Hua,41.4020177,2.1457393,horeca
Bar Restaurant Vilardosa 8,41.3558273,2.1086551,horeca
La Terrassa,41.4032395,2.147158,horeca
Pizzeria Fontana,41.4034165,2.1477911,horeca
El Xalet,41.3693828,2.1640669,horeca
Pita Inn,41.3845397,2.1703802,horeca
Pans & Company,41.3845823,2.1703539,horeca
Aromas de Turquía redtaurant,41.3848666,2.170138,horeca
Canaletes Cerveseria,41.3849119,2.1701056,horeca
Jules Verne,41.385022,2.1700193,horeca
McDonald's,41.3526408,2.0770373,horeca
Cinc Sentits,41.3884807,2.1593618,horeca
McDonald's,41.385359,2.1696362,horeca
Burger King,41.3852671,2.1698477,horeca
Pans & Company,41.388488,2.172522,horeca
La Tramoia,41.3881068,2.1669465,horeca
Happy,41.3879364,2.167454,horeca
Cullera de Boix,41.387981,2.1679862,horeca
Quiet Man,41.3782645,2.1722971,horeca
Tapa Tapa,41.3916926,2.1660167,horeca
Five Guys,41.390324,2.1676904,horeca
Il Caffè di Francesco,41.390701,2.1650135,horeca
Pans,41.3890488,2.1657391,horeca
Pasteleria Lujuria Vegana,41.3540702,2.1074823,horeca
Gran Via Club Petanca,41.3633717,2.1300229,horeca
Virreina Bar,41.4049208,2.1575918,horeca
La Cafetera,41.4049767,2.1575215,horeca
Terra Bar,41.404891,2.1569592,horeca
La Penúltima,41.380488,2.1647648,horeca
Clóset Restaurant,41.3794339,2.1663575,horeca
Restaurant Follia,41.3717399,2.0555587,horeca
Gelateria italiana Pagliotta,41.3834763,2.1780262,horeca
La Cuineta,41.390388,2.15676,horeca
Pamboli,41.3907529,2.1559537,horeca
Bistronuo,41.3902199,2.1570141,horeca
Taifeng,41.3894442,2.1554485,horeca
Can Pen,41.3893351,2.1558721,horeca
Napoca,41.3900829,2.1551066,horeca
Rancho El Paso,41.446872,2.0751284,horeca
La Crema Canela,41.3803406,2.1747194,horeca
Pans & Company,41.388503,2.1519989,horeca
Travel Bar,41.381599,2.1744854,horeca
Bracafe,41.3944249,2.1675209,horeca
La Farandula,41.3751707,2.168607,horeca
Bar Cerveceria Pepe 2,41.3751693,2.1684846,horeca
Bar Mirinda,41.3830229,2.1706642,horeca
Catalan,41.4445741,2.0667015,horeca
La Casa Blava,41.4448145,2.0615995,horeca
Frankfurt Pedralbes,41.3870529,2.1126151,horeca
Bar del Pavelló Nord,41.4394006,2.1431213,horeca
Temple Bar,41.3813599,2.1763298,horeca
Dublin Sports Bar,41.3924836,2.140865,horeca
La Cava Universal,41.3768216,2.1774883,horeca
Starbucks,41.3858116,2.1679219,horeca
Pure Cusine,41.3857848,2.1681028,horeca
El Balconet,41.4160756,2.131139,horeca
Good News,41.3952169,2.155317,horeca
Marisquería Mare Nostrum,41.3611496,2.077528,horeca
Casa Los Navarros,41.4275463,2.1652639,horeca
L'altra Llosa,41.3899944,2.1736399,horeca
Bar Agapito,41.4422431,2.213545,horeca
Granja Capuccino,41.4419616,2.213502,horeca
Fernandes,41.4028795,2.1719474,horeca
La llavor dels origens,41.402144,2.1579689,horeca
Bar Restaurant Oliver,41.3469285,2.154697,horeca
Taverna del Bisbe,41.3849254,2.1766628,horeca
El Cafè D'en Victor,41.3847931,2.1767008,horeca
Cerveceria El Tequila,41.3798943,2.17677,horeca
Terraza Miramar,41.3711379,2.1724826,horeca
Xurreria Cristal,41.3910494,2.1232713,horeca
Elche,41.3739754,2.1691488,horeca
ForumStation,41.4096578,2.2221588,horeca
Casa Vall,41.4074238,2.1585521,horeca
Inopia,41.3758471,2.155313,horeca
Dos palillos,41.3833615,2.1686848,horeca
Cerveceria,41.3795214,2.1753958,horeca
Chiringuito Joan Miro,41.3789958,2.1478155,horeca
Restaurant Río Miño,41.3522874,2.0857445,horeca
Tito Javi 2,41.3521343,2.0858521,horeca
Faborit,41.3504835,2.0850072,horeca
Granjas La Catalana,41.3929884,2.1485567,horeca
Restaurante Wasabi,41.3527829,2.0881909,horeca
MYFRIENDCOFFEE,41.3512244,2.0855221,horeca
Enjoy,41.3510781,2.0832613,horeca
La cuina sana,41.3511707,2.0853802,horeca
Le petit mütant,41.4023765,2.1859189,horeca
Bar Teo,41.393729,2.149521,horeca
Mannà,41.3948006,2.1940578,horeca
Casa Noni,41.4220419,2.1422715,horeca
Jericó,41.4206636,2.1395912,horeca
Kaffe Bar,41.4145439,2.1387193,horeca
La Palmera,41.4144229,2.1385123,horeca
la Clotxa,41.4027501,2.1564138,horeca
KPizza,41.451004,2.222896,horeca
Cibum,41.3523197,2.0818285,horeca
Bar Acapulco,41.3608771,2.1101417,horeca
Vall d'Hebron,41.4189129,2.139685,horeca
La Pausa,41.3881689,2.1576582,horeca
Bar Plaza,41.4218746,2.141935,horeca
Casa Noni,41.422032,2.1422214,horeca
Ikastola,41.4036871,2.1577264,horeca
Caffè Fiorino,41.3889808,2.1513529,horeca
Natura Beach. El Chiringuito,41.402893,2.2157444,horeca
L'Oficina II,41.4043193,2.1602354,horeca
Bar Trattoria El Pepino,41.4016682,2.1614481,horeca
Bar Gracia's,41.4006626,2.1591814,horeca
El Otro Bar,41.4014685,2.1578742,horeca
Xurreria,41.4165661,2.2142736,horeca
Bar Rala,41.3899136,2.1208597,horeca
Neichel,41.3894387,2.1216161,horeca
Pa de Paula,41.4229899,2.1466927,horeca
El Cau Encantat,41.4227949,2.146037,horeca
Bar Diego,41.4223735,2.1440161,horeca
la farigola,41.3896013,2.1227989,horeca
Mosaïc Restaurant,41.388496,2.1313619,horeca
Piscolabis,41.388789,2.1309125,horeca
Central Park Barcelona,41.3897612,2.1222814,horeca
Gat Negre,41.4055038,2.160265,horeca
Temporada Paradís Restaurant,41.3904694,2.121454,horeca
Bar Donosti,41.3896547,2.1201662,horeca
Elephant Club,41.3893303,2.1186526,horeca
Bar Narvaez,41.3500085,2.073126,horeca
McDonald's,41.3702338,2.0903051,horeca
Dumas Café,41.4579863,2.0680937,horeca
Bar restaurant Lliri d'Or,41.4497973,2.218908,horeca
Ítaca,41.4033419,2.1534796,horeca
Tapeo,41.4044988,2.1554811,horeca
Diamant,41.4042174,2.1555899,horeca
Orxateria Asturies,41.4040105,2.1552111,horeca
El Sabor,41.4073794,2.1678414,horeca
Oasis Restaurant,41.3827219,2.1847191,horeca
World Conexion,41.378649,2.1905467,horeca
Restaurant Terminus,41.3844325,2.1845326,horeca
Bar Teatre,41.3972642,2.1810241,horeca
Bar Lugo,41.3954743,2.1819512,horeca
Bar Norte,41.3974156,2.1815331,horeca
Bar Territori,41.3955442,2.1810719,horeca
Rosmarin,41.3970321,2.1835763,horeca
Bar Restaurant Bin,41.3851458,2.1288972,horeca
The Dutch,41.3887646,2.1586341,horeca
Candela,41.3790126,2.1706042,horeca
Bar Central,41.3816402,2.1713753,horeca
Restaurant Pet de Llop,41.4449261,2.0581564,horeca
Bar Bilbilis,41.430896,2.1818758,horeca
Restaurant All i Oli,41.4313496,2.1812074,horeca
Bar Hot Dog City,41.4324873,2.180298,horeca
La Batllona,41.3694527,2.1362828,horeca
L'Adelita Botaner,41.3886364,2.1570128,horeca
Yamato,41.4300847,2.1822508,horeca
MAXI & MAX,41.4312348,2.1805713,horeca
Huang Cheng,41.4300894,2.1803999,horeca
TXAPELDUN - TASCA,41.4301571,2.1787115,horeca
Entresol,41.4020873,2.1569124,horeca
La Panxolina,41.4077875,2.1578191,horeca
Farga,41.395846,2.1579585,horeca
Arenal,41.3820204,2.1942551,horeca
Mimos Born,41.3834281,2.1805838,horeca
Citrus,41.3916701,2.1661502,horeca
Sagardi,41.3834986,2.1809045,horeca
Yokohama Wok,41.3597645,2.066698,horeca
La Concha,41.3777911,2.1738295,horeca
Dau's,41.4677908,2.0795625,horeca
Norte,41.3716053,2.1821776,horeca
Sol soler,41.4015756,2.1563406,horeca
Secuita,41.4077814,2.1625342,horeca
Mediterraneo,41.3883226,2.1516987,horeca
San Basilio BCN,41.3983766,2.1678633,horeca
Ginos,41.3477062,2.0789144,horeca
Frankfurt's Original,41.3476045,2.078894,horeca
Taco Bell,41.3475402,2.0788335,horeca
Burger King,41.3474739,2.0788679,horeca
Starbucks,41.3475311,2.0784239,horeca
González & Co,41.347582,2.0784632,horeca
Häagen-Dazs,41.3476637,2.0784006,horeca
Mango Biche Mia,41.3477909,2.078307,horeca
Manolo Bakes,41.3477336,2.0784396,horeca
Coffee&Company,41.3478057,2.0774151,horeca
Ai Cha,41.3471422,2.0771194,horeca
Enrique Tomás,41.3480761,2.0775112,horeca
Hi Cream,41.3478671,2.0774026,horeca
Dunkin' Coffee,41.3471816,2.077174,horeca
Pai Mei,41.3471771,2.0783256,horeca
Chalito,41.3471603,2.0781973,horeca
Pans & Company,41.3471457,2.0780513,horeca
Berto's Milanesa,41.3472944,2.0783735,horeca
San Pankracio,41.3473486,2.0783339,horeca
McDonald's,41.3474487,2.0783415,horeca
Carl's Jr.,41.3472776,2.0789078,horeca
Foster's Hollywood,41.3470708,2.0788598,horeca
UDON,41.3469998,2.0788436,horeca
Seoul Station,41.346822,2.0785489,horeca
Kasa Japo,41.3468264,2.0784051,horeca
Kurtz Gut,41.3468051,2.078262,horeca
Ribs,41.3467954,2.0781083,horeca
Santa Gloria,41.3468124,2.0779753,horeca
Dreams,41.3475282,2.0769605,horeca
Gelati Dino,41.347748,2.0773899,horeca
La Burguesa,41.3475835,2.078345,horeca
Jijonenca,41.3477167,2.078437,horeca
Casa Carmen,41.3479506,2.07839,horeca
Meu Gusto,41.3469473,2.0774932,horeca
Torrades,41.4375721,2.1566095,horeca
El Café de la Plaça,41.4362048,2.1571406,horeca
La Panera,41.4374756,2.1563359,horeca
Amparito,41.4375399,2.156529,horeca
El Foc del Canigó,41.4374615,2.156749,horeca
Pomo di Oro,41.3941537,2.1582856,horeca
Granja Bar Torrent,41.403376,2.159999,horeca
Pipus Barcelona,41.3789147,2.1187793,horeca
Restaurant Ca la Montse,41.3820657,2.1882839,horeca
Tip-Top,41.3685819,2.1475946,horeca
Aglio e Peperoncino,41.3794504,2.1664898,horeca
El Quinto Pino,41.4005832,2.1496097,horeca
Les Moreres,41.4471641,2.075242,horeca
Restaurant Comtes d'Urgell,41.4393943,2.1666628,horeca
Restaurant Casa Castro,41.4394371,2.170337,horeca
Puerto Hurrako,41.4000046,2.20645,horeca
Divinus,41.3938956,2.157961,horeca
Bar restaurante Blanquita,41.4489613,2.2145359,horeca
Burger King,41.4511051,2.2072084,horeca
Telepizza,41.4510756,2.2069218,horeca
Bar Rambla,41.4508173,2.2118528,horeca
El nou de la Rambla,41.4511257,2.2099783,horeca
Subway,41.451157,2.2097816,horeca
Pizzeria Noelia,41.4531113,2.2172676,horeca
Forastera,41.3972738,2.1884132,horeca
Café Babel,41.3818704,2.1799219,horeca
Vila Florida,41.4080488,2.1459403,horeca
Claudia,41.404992,2.1325631,horeca
Albaycin,41.3537342,2.0874088,horeca
Cerveceria Milenium 2,41.3534566,2.0866307,horeca
El Galeón,41.3535572,2.0869311,horeca
Cerveceria Milenium,41.3540163,2.0874514,horeca
La Perla,41.3841945,2.138251,horeca
Bar Ramón,41.3787446,2.1606289,horeca
Tres Vilas,41.3826857,2.1382842,horeca
365,41.3832695,2.1386857,horeca
taste of India,41.3744728,2.1349721,horeca
Starbucks,41.3911922,2.1363766,horeca
Bar Restaurant Viladrosa,41.4428831,2.1756301,horeca
Sandor,41.3932981,2.1444398,horeca
La Botigueta,41.4270319,2.0891192,horeca
Espai Grill,41.3863503,2.188721,horeca
Terrari,41.386379,2.1914173,horeca
LaLola,41.4064023,2.1619676,horeca
Thales,41.3818693,2.1782832,horeca
Matsuri,41.3817598,2.1787307,horeca
Shinjuku,41.3818627,2.1785643,horeca
Can Pichurri,41.4283564,2.0903101,horeca
Aragall,41.3772873,2.1164304,horeca
Racó del cargol,41.3738959,2.1220027,horeca
CASA TEVA,41.3752815,2.1166845,horeca
Bar Chile,41.3763785,2.1172529,horeca
Carmesí,41.3737373,2.1644452,horeca
Cafe Caribean,41.4056446,2.1761931,horeca
El hornero,41.4054765,2.1754445,horeca
Cafés Caracas,41.4063383,2.1767925,horeca
El Café de la Bota,41.4065727,2.1771955,horeca
Mare,41.4041884,2.1764982,horeca
La Bicicleta,41.4041496,2.1764496,horeca
Tossa,41.4066105,2.1772525,horeca
Café dels Jardins,41.4079597,2.1705575,horeca
Bar del Convent,41.3875681,2.1811672,horeca
Snack 55,41.3969023,2.1724905,horeca
Snack Bar Nevada,41.4050291,2.1750593,horeca
Bilbao Berria,41.3836361,2.1800339,horeca
George‘s Bar y Cafetéria,41.390451,2.1981964,horeca
Baribar Istanbul,41.3929208,2.1566606,horeca
Café Bar R-207,41.3927554,2.1564351,horeca
Casa Ho,41.3929615,2.15671,horeca
VIVARI,41.3923818,2.1581651,horeca
Nostrum,41.3922702,2.1580421,horeca
El petit forn,41.3922665,2.1566442,horeca
El Sanabrés,41.3866396,2.140418,horeca
Papa John's,41.3838377,2.1630268,horeca
Bar Cancelada,41.4344074,2.1778813,horeca
My House,41.4248859,2.1400088,horeca
Mirasi,41.4245884,2.1403185,horeca
Ginesta,41.433996,2.1442895,horeca
Caprixo Gallego,41.423512,2.1454878,horeca
Kebab Turca,41.4245124,2.1401204,horeca
La taverna de Vall d'Hebron,41.4248063,2.1409093,horeca
Pollo Campero,41.4403977,2.1973797,horeca
Pollo Campero,41.4348789,2.1807879,horeca
Pans & Company - Pollo Campero,41.3763336,2.1359734,horeca
Pollo Campero,41.374786,2.1695624,horeca
Taverna Blai Tonight,41.3735656,2.164687,horeca
Cafeteria UPF Jaume I,41.3900298,2.1901118,horeca
Cafeteria UPF Roger de Lluria,41.3886776,2.1915119,horeca
El Pati de Bell-Lloc,41.380898,2.1369427,horeca
Bar Restaurant,41.380148,2.1367187,horeca
Café Adonis 1940,41.4012594,2.1650904,horeca
Café El Gust,41.4012654,2.164692,horeca
Snack 325,41.3991473,2.1670867,horeca
Café Caracas,41.3970204,2.1680205,horeca
O Rincón da Terra,41.3794217,2.1379073,horeca
Glug,41.3881654,2.14568,horeca
El Fornet d'en Rosend,41.3897367,2.1477303,horeca
Juan Sebastian Bar,41.3896615,2.146494,horeca
Xiali,41.4117061,2.1641043,horeca
El Trobador,41.4149698,2.1778049,horeca
Cerbeseria Lesseps,41.4073551,2.1514486,horeca
La Terraza,41.4350956,2.1916255,horeca
L'Orfila 9,41.4358114,2.191112,horeca
Ikero,41.4372492,2.1913439,horeca
Cerveseria deCandela,41.4089551,2.1637942,horeca
Cornelia,41.380997,2.1334827,horeca
O Toxo,41.3810185,2.1681882,horeca
Can Lluc,41.3781123,2.1653718,horeca
Shalimar kabab,41.4035591,2.2028602,horeca
La Mossegada del Poblenou,41.4012569,2.1966826,horeca
Burger King,41.3814233,2.1871181,horeca
Burger King,41.4548762,2.2261339,horeca
Ali,41.3911741,2.1576621,horeca
Bambú Beach Bar,41.3906905,2.1983305,horeca
Café & Té GR Compañia del Tropico,41.3931786,2.1608204,horeca
Burger King,41.3857499,2.1765663,horeca
casa do açaí,41.3822789,2.1467385,horeca
La Garrotxa,41.3820813,2.1476394,horeca
Lonja de Tapas,41.3832994,2.1828533,horeca
Villa del Segre II,41.3820085,2.1476297,horeca
Abissínia,41.4061411,2.1601816,horeca
Pizzeria Trattoria La Gioconda,41.3826149,2.1524189,horeca
Dionisio,41.3833862,2.1512066,horeca
El Pozo,41.3816083,2.1505784,horeca
Cafè Bar Alegria,41.3809083,2.157432,horeca
La Bodega,41.4007447,2.1472543,horeca
l'estació,41.4351647,2.14809,horeca
Bar Belice,41.3957221,2.145884,horeca
Bar Daytona,41.3794465,2.1507855,horeca
Koitton Club,41.3736626,2.1374042,horeca
Frankfurt Pedralbes-2,41.3871596,2.1129069,horeca
Putxinel·lis,41.3762752,2.1374173,horeca
Casa Amirall,41.3823021,2.1659029,horeca
24 mm,41.4047259,2.1943414,horeca
Yoshinoya-8,41.4065574,2.1938192,horeca
Frankfurt Diagonal,41.4053062,2.1939024,horeca
Portobello,41.403492,2.1960854,horeca
El rincón de Glorias,41.4054932,2.1943451,horeca
El Duende,41.4055556,2.194455,horeca
Can Pizza,41.4043344,2.1967134,horeca
Beercelona bar,41.40326,2.1985353,horeca
Sant Martí,41.4049762,2.1976093,horeca
Espress a Té,41.4036263,2.1981913,horeca
Llacuna,41.4026626,2.1971936,horeca
L'altre Romero,41.4021933,2.1993724,horeca
3E sushi,41.4045879,2.1958203,horeca
L'Enxaneta,41.4034953,2.1962008,horeca
Tierra del fuego,41.4016702,2.2016399,horeca
Casa Pardo Marcelino,41.3848466,2.1570598,horeca
Restaurante Aitor,41.4038074,2.1730598,horeca
El pibe,41.3797832,2.1326894,horeca
Pollo Rico,41.3791045,2.1721976,horeca
Restaurant Ca l'Antoni,41.3550218,2.0860619,horeca
Colombo,41.3867234,2.1839669,horeca
Blondie Bar,41.3823214,2.1730348,horeca
Bracafé,41.3949532,2.1746886,horeca
Riff Rock Bar,41.428232,2.1759583,horeca
Da Vinci,41.3253224,2.1044047,horeca
El Bosc de les Fades,41.3771412,2.1773093,horeca
Venezia,41.3940517,2.1739923,horeca
Rangoli,41.3750955,2.1885746,horeca
La Taggliatella,41.3750077,2.1885458,horeca
Makamaka Beach Burger Cafe,41.3757239,2.1885823,horeca
Jerusalem,41.3758021,2.1880694,horeca
McDonald's,41.3926063,2.2037697,horeca
El Pozairon,41.3801904,2.1532352,horeca
Pebete,41.3799199,2.1528402,horeca
La font de l'art,41.3799996,2.1526335,horeca
Can Maño,41.3811949,2.1884561,horeca
Bar El Roble,41.3983327,2.1554282,horeca
Musical Maria,41.399127,2.1570891,horeca
L'Enric,41.3900878,2.1591292,horeca
Bodega Marcel Cava-vino,41.4082453,2.1842843,horeca
El talismán 2,41.433281,2.094801,horeca
Bokiva,41.3994642,2.1200991,horeca
Telepizza,41.3747533,2.1586505,horeca
Le Kasbah,41.3808944,2.1861911,horeca
Eix Cèntric,41.3940946,2.1581889,horeca
Can Punyetes,41.4038361,2.134901,horeca
Busan BBQ,41.3885585,2.1604056,horeca
Granier,41.3807094,2.1326084,horeca
Masedy,41.3811202,2.1328335,horeca
Pa i Trago,41.3771746,2.1633193,horeca
Ca L'Àvia,41.3786444,2.1659188,horeca
Taoyaca Japón,41.4053824,2.1553228,horeca
El Pati,41.4006365,2.1961225,horeca
Casa Martelo,41.3815695,2.141187,horeca
Taverna La Parra,41.3749914,2.140961,horeca
Shunka,41.3851338,2.1751913,horeca
Bidasoa,41.3796054,2.1790385,horeca
Los Tarantos,41.3797385,2.1751538,horeca
Ménage à trois,41.3838709,2.1723407,horeca
Ryans Irish Pub,41.3804015,2.1800772,horeca
Farga,41.3888596,2.1679512,horeca
Toca Teca,41.4235839,2.1809578,horeca
Koxkera,41.3855134,2.1393185,horeca
Pans & Company,41.3747887,2.1691119,horeca
Dumpling XI,41.3865587,2.1658694,horeca
Guixot,41.3785321,2.1676647,horeca
Kat Mai,41.4080517,2.1703488,horeca
Belladona,41.3866293,2.1622576,horeca
Bar de la Universitat,41.3867393,2.1633975,horeca
Salamanca,41.3785758,2.1911528,horeca
KFC,41.4058852,2.1929942,horeca
Escribà,41.3830392,2.1602464,horeca
Sushi & Bentos,41.383746,2.163018,horeca
Paral•lel Central,41.3752182,2.1664925,horeca
Tangana,41.3975354,2.1569575,horeca
Seneca,41.4003824,2.1841121,horeca
Immersió,41.3831905,2.174391,horeca
Chocolate Box,41.384715,2.17514,horeca
Xiringuito Aigua,41.4096717,2.1683236,horeca
Dionisos The Quick Greek,41.3802824,2.1773136,horeca
5º Pino,41.4049688,2.1209599,horeca
Pastis,41.377316,2.1750649,horeca
L'Oreneta,41.3859374,2.1443934,horeca
Brunch & Cake,41.3918546,2.1551738,horeca
Bar Eme,41.4445374,2.219648,horeca
Jazz petit,41.4093999,2.1646889,horeca
Dolça Estona,41.4117096,2.1394938,horeca
Bar Ricci,41.4082195,2.1701871,horeca
Bar Bodega Molina,41.4403298,2.1817019,horeca
Cafeteria,41.3869539,2.0755251,horeca
La pizzeria di Gianluca,41.384179,2.0769817,horeca
Bon Gust,41.4007421,2.1991334,horeca
Bar Miguel,41.4333243,2.0890523,horeca
Craywinckel Café,41.4123268,2.1396554,horeca
Bar Veni,41.3848861,2.1667078,horeca
bar1,41.4044908,2.1454409,horeca
L'Electricitat,41.379349,2.190017,horeca
Maians,41.379378,2.190448,horeca
Leo,41.379481,2.19093,horeca
Absenta,41.37951,2.19116,horeca
Manchester bar,41.3834652,2.1650488,horeca
Kata Restaurant,41.4068288,2.2077537,horeca
Restaurant Com Sempre,41.4069555,2.2079254,horeca
La bona tapa,41.4368098,2.2166172,horeca
Ba-Bar Menudo Pau,41.3971937,2.1240773,horeca
Gouthier,41.397222,2.1243756,horeca
Malaysian,41.3991923,2.1649454,horeca
Truck Civic,41.4152607,2.1029475,horeca
Julito's VAR,41.4278004,2.1377127,horeca
Hedilla,41.4363237,2.1603477,horeca
Mi bar Juan,41.4354439,2.1620513,horeca
Les Quatre Barres,41.4374824,2.1582752,horeca
Anita,41.4002244,2.1571755,horeca
Betty Ford's,41.3833249,2.1650876,horeca
Mesón Burgalés El Cid,41.3821,2.17816,horeca
Mesón Mistral,41.3760276,2.1539336,horeca
Bona Sort Eixample,41.3929566,2.1737648,horeca
Mesón Los Ancares,41.4045092,2.1693946,horeca
Mesón David,41.37683,2.16851,horeca
Lemos,41.3751459,2.1704133,horeca
Tasca La Musiqueta,41.3804705,2.1787083,horeca
Bar Can Jordi,41.41858,2.17087,horeca
Makinavaja bar,41.3770984,2.1680653,horeca
Freedonia,41.3773354,2.1670705,horeca
Bar Lupita,41.3773659,2.1674358,horeca
Raval bar,41.3828225,2.1683796,horeca
Bornēs,41.3844766,2.180301,horeca
Lilipep,41.3845612,2.1799122,horeca
Taberna La paloma,41.3825938,2.164384,horeca
La Bomba,41.3825674,2.164625,horeca
Sid bar,41.3828689,2.1642557,horeca
la Rubia,41.3825056,2.1663871,horeca
El Jardí,41.3808891,2.1702991,horeca
La Paciencia,41.3779709,2.1707303,horeca
Miniatura café,41.3805843,2.1658829,horeca
Bar Angel,41.3838435,2.1848659,horeca
Opium,41.3852778,2.1967099,horeca
Marea,41.4032756,2.2025154,horeca
Bar Restaurant Vendrell,41.4035872,2.2033968,horeca
B,41.4037406,2.2032408,horeca
Menjarbé,41.4037907,2.2033082,horeca
Bar Trébol,41.4038148,2.2033407,horeca
Spoon factory,41.4011887,2.1998376,horeca
Bar Girasol,41.4394757,2.2215013,horeca
El Capritx,41.4022886,2.1998883,horeca
La Vermuteria del Tano,41.4046804,2.1608671,horeca
Elisabets,41.3837777,2.169189,horeca
Ideal,41.3835743,2.1690981,horeca
nostrum,41.3824002,2.1764461,horeca
Amades,41.3821413,2.175238,horeca
Can Tresó,41.4028999,2.1537483,horeca
SMS Delicies,41.4033537,2.1542109,horeca
Gado Gado,41.4044112,2.1567655,horeca
2hundredburger,41.4043625,2.156667,horeca
Châtelet,41.4040697,2.1582935,horeca
Casa Inés,41.4049728,2.1625967,horeca
El viejo almacén,41.4051994,2.1629782,horeca
NAVY Coffee & Bar,41.4057451,2.163227,horeca
Wiesbaden,41.402181,2.171137,horeca
L'Encis,41.4021307,2.1710404,horeca
Cerveseria Oller,41.4018796,2.166807,horeca
Kokcha,41.4023757,2.1718369,horeca
Insbruck,41.4020744,2.1709765,horeca
Restaurante Tút,41.4015797,2.1703779,horeca
La Font,41.4018046,2.1659145,horeca
Toni,41.4010302,2.1694115,horeca
Pereira,41.4007814,2.1693528,horeca
Raíces,41.4007592,2.1693233,horeca
Pizzeria,41.4020805,2.1708319,horeca
Ciudad Nueva,41.4012937,2.169935,horeca
Café de l'Eixample,41.4005021,2.1690108,horeca
El Picoteo,41.4022509,2.152876,horeca
Les Cascades,41.3694158,2.1523757,horeca
Cèntric Cafè,41.4018585,2.1566257,horeca
La Piadina,41.4015538,2.1563707,horeca
Taverna El Disbarat,41.4017728,2.1545227,horeca
Lizarran,41.3794472,2.1747059,horeca
Tapa i Apat,41.3778679,2.1756167,horeca
la buena vida,41.4008443,2.2013842,horeca
Cafe Bobe,41.3850931,2.1805881,horeca
Al Passatore,41.3833614,2.1828957,horeca
Cafe di Francesco,41.3759887,2.1600624,horeca
Ceferino,41.3972585,2.1916091,horeca
La Dolça,41.4143338,2.1609284,horeca
Bar de Física i Química,41.3844563,2.1168299,horeca
Bar de Biologia,41.3850866,2.1190481,horeca
Bar de Farmàcia,41.3847357,2.1216951,horeca
Bodega Montferry,41.4165672,2.1628986,horeca
eat&gym,41.415572,2.1573099,horeca
Frankfurt El Racó de la Mel,41.4122211,2.1935879,horeca
Golf Restaurant,41.4116399,2.1933139,horeca
Torre Rosa,41.4226674,2.1804216,horeca
Dolmar,41.3256795,2.0956563,horeca
Rustic & Co,41.3256087,2.0957153,horeca
Can Joan,41.4148771,2.1610264,horeca
Nou Sanllehy,41.413689,2.1615757,horeca
Cadí,41.4132558,2.1608762,horeca
Pizzeria La Mia Mamma,41.4132016,2.1607958,horeca
Sakura,41.4132662,2.1605097,horeca
Casa Manzanares,41.4133326,2.1606169,horeca
Forn de pa Gil,41.4089286,2.1951206,horeca
le cinquante huit,41.4004427,2.2022947,horeca
Ideal,41.4009194,2.2037905,horeca
La pubilla del Taulat,41.3998443,2.2054629,horeca
Recasens,41.4024271,2.199798,horeca
La Lleteria,41.4077785,2.1885526,horeca
Clot76,41.4082815,2.1885259,horeca
A ruta gallega,41.4083173,2.1885217,horeca
La Clotenca,41.4077189,2.188061,horeca
Copi 2,41.4074006,2.1890534,horeca
El refugio de los 33,41.4075568,2.1891002,horeca
Sisó,41.4099761,2.1891637,horeca
Aroma de cafè,41.4130977,2.1899669,horeca
Luar,41.4132792,2.1904648,horeca
Impulse,41.3920983,2.1542338,horeca
Hoppinness,41.3979154,2.2006807,horeca
Julius Poblenou,41.3973403,2.1997469,horeca
Granja,41.397535,2.199655,horeca
Bar Restaurante Olimpiada 92,41.4037086,2.209265,horeca
Atenea,41.3608383,2.0834608,horeca
Bar la Patata,41.3613397,2.0776001,horeca
La Venta,41.4162428,2.1316956,horeca
Merbeyé,41.4163481,2.1314275,horeca
Sushi Ya,41.3810629,2.174489,horeca
Granja Avenida,41.3633511,2.0832609,horeca
Creperia Krampus,41.4034137,2.1470272,horeca
Ginos,41.3754575,2.1834919,horeca
Pans & Co,41.3756359,2.1830818,horeca
Frankfurt La Choza,41.3723191,2.1459511,horeca
Forn Baltà,41.3752817,2.134593,horeca
Can Palou,41.3687995,2.0822144,horeca
Marmalade,41.3806296,2.167222,horeca
La Mercè de Villarroel,41.3817324,2.1615071,horeca
Arume,41.3789147,2.1659179,horeca
Zelig,41.3797882,2.1662643,horeca
Bonissim,41.3791136,2.168269,horeca
La Parada,41.3873423,2.1513329,horeca
Orlyt,41.3908513,2.1513664,horeca
Bar Nápoles,41.3936635,2.1812705,horeca
L'Antic Magatzem,41.3755305,2.1661904,horeca
Els germans / The brothers,41.3759828,2.1662401,horeca
Al Bahdja,41.3765707,2.1655684,horeca
yPunt Bar,41.3871078,2.1792831,horeca
El racó del cafè,41.4510681,2.2103178,horeca
llagurt,41.4511145,2.2100566,horeca
Frankfurt La Paz,41.450116,2.2188277,horeca
La Muralla,41.4498021,2.2184295,horeca
0086,41.4504239,2.2196846,horeca
K.K.J,41.4469972,2.2157231,horeca
L'Ombra,41.4141072,2.1811729,horeca
Granja Paola,41.3603185,2.0822671,horeca
Bar Family,41.4299717,2.1433188,horeca
Right Side Coffee Bar,41.382645,2.1752356,horeca
Bar Llopart,41.3741493,2.1391662,horeca
El Delta,41.3201838,2.0965982,horeca
Cervantes,41.321039,2.1012731,horeca
Tívoli,41.3201635,2.0968448,horeca
La Parrilla,41.3215016,2.1013688,horeca
elFornet,41.3815774,2.1759038,horeca
Farga,41.4056215,2.1506656,horeca
Ambiente del Sur,41.3788249,2.1583121,horeca
OK Sarrià,41.397786,2.1238002,horeca
el atril,41.3867531,2.1801142,horeca
La Antigua Cabaña,41.3993661,2.167835,horeca
Alicia Secret Garden,41.3901375,2.1707758,horeca
Bahia,41.3803265,2.1774842,horeca
Silenus,41.3819598,2.1687235,horeca
Zona d'Ombra,41.3828281,2.1756295,horeca
Bellvitge Pita Kebab,41.3480199,2.108279,horeca
Bar Bodega Brasil,41.3519993,2.1061476,horeca
Quiosc - Bar Laberint d'Horta,41.4386346,2.1474961,horeca
kurz & gut,41.4051386,2.1928962,horeca
Trigo,41.3797754,2.1678906,horeca
Eat,41.3712163,2.1812689,horeca
Paul,41.3869942,2.11253,horeca
La Bona Sort,41.3861342,2.1800813,horeca
Farggi,41.3882179,2.1703134,horeca
La Mossegada,41.3663336,2.1281078,horeca
Can Miquel,41.4448172,2.2218633,horeca
Tablao de Carmen,41.3688816,2.1488639,horeca
Diagon Alley,41.4023666,2.1543469,horeca
Tomahawk Grill House,41.3875063,2.1737779,horeca
Trattatoria,41.3952194,2.1660394,horeca
La Cantonada,41.385651,2.180117,horeca
Bar Boente,41.3973905,2.1794099,horeca
Frankfurt El Pibe,41.4074906,2.1483999,horeca
Fo Bar,41.3762209,2.1384095,horeca
El Rincón,41.3908977,2.1900669,horeca
Sants Beer,41.3752577,2.1362877,horeca
Cafeteria Elisenda,41.4001865,2.1453223,horeca
La Florentina,41.3999298,2.1449296,horeca
SandwiChez,41.4004646,2.1461437,horeca
El Cuévano,41.4006331,2.146268,horeca
Sandwich & Friends,41.4012004,2.1503017,horeca
Farró,41.401129,2.1499132,horeca
Lo&Lo,41.4026506,2.1523098,horeca
Koska Taverna,41.3731613,2.1660298,horeca
Pharaon,41.4085046,2.1745596,horeca
AP La Bugadera,41.4307448,2.1610024,horeca
Bar Morales,41.4395878,2.2165237,horeca
Jordi y Carlos,41.4245512,2.2036372,horeca
Delicias Mediterráneas,41.4415079,2.2267435,horeca
SFC,41.441368,2.2265213,horeca
Sushibar,41.4416413,2.2265084,horeca
Tiankelong,41.4427967,2.225819,horeca
Bar de La Salut,41.4422594,2.2258792,horeca
Granier,41.4418943,2.2263361,horeca
Deseo,41.4427253,2.2189439,horeca
Sandvitxeria Alhociema,41.4443624,2.2236761,horeca
Centro Cultural Castellano-manchego,41.4390698,2.2176297,horeca
Mary Pickford,41.3604133,2.103722,horeca
Los Panda Lounge,41.4117301,2.1784624,horeca
Bar Alcázar,41.4365542,2.2183742,horeca
Jaume's,41.4065498,2.2032262,horeca
CappUKccino,41.3837923,2.1786953,horeca
Bohemia - Café Bar,41.4386145,2.1754508,horeca
Bar La Cantonada,41.4396227,2.2242325,horeca
Pita Hut Döner,41.440217,2.2237526,horeca
Slavia,41.3923705,2.1490995,horeca
Piper's,41.3922274,2.1470078,horeca
El Taller,41.377177,2.0852194,horeca
cafeteca,41.3755743,2.0849658,horeca
McDonald's,41.4554673,2.2271899,horeca
Brina,41.3602287,2.077561,horeca
El Pibe,41.3993031,2.1791647,horeca
Starbucks,41.3870241,2.1239411,horeca
Puda Can Manel,41.3765259,2.1890771,horeca
Antico,41.3964187,2.1687826,horeca
Bar Cafè i Mes,41.3957901,2.1701516,horeca
Nostrum,41.4011612,2.1693811,horeca
Ca la Cuca,41.4078204,2.1892507,horeca
Festin,41.3886216,2.1806014,horeca
Groin's,41.4108415,2.1637178,horeca
Sardenya,41.4128539,2.1621338,horeca
Pho Saigon,41.3958757,2.1701496,horeca
Frankfurt Can Eusebio,41.3747674,2.1641423,horeca
Cal Marino,41.3724947,2.1630694,horeca
Bar Calders,41.3764788,2.1623937,horeca
Parco,41.3971524,2.1581291,horeca
Territori Blau,41.4358092,2.1909325,horeca
Subway,41.4023708,2.1741726,horeca
Pizzeria Ninones,41.4163965,2.1744277,horeca
Suhi Ishi,41.4669032,2.0811774,horeca
Can Liu,41.4092369,2.2081245,horeca
Nostrum,41.4161695,2.1747045,horeca
Vandam Burger,41.4162977,2.174531,horeca
Las Delicias,41.4166353,2.1746205,horeca
La Ronda Kebabish,41.4165743,2.1745405,horeca
134,41.4027103,2.1566077,horeca
DaBüTis,41.4162425,2.1746049,horeca
Idò,41.3770582,2.1605884,horeca
La bodega d'en Rafel,41.3772265,2.161542,horeca
Pura Brasa,41.439327,2.1908313,horeca
Alta Patagonia,41.4309658,2.2193225,horeca
El Passatge del Murmuri,41.3941209,2.159701,horeca
Freiduría El Boquerón,41.4400822,2.2264769,horeca
Elhotro bar,41.4401247,2.2268506,horeca
Tipic Döner,41.4403068,2.2271972,horeca
Carte d'Or,41.4403068,2.2274065,horeca
Vivari,41.4408122,2.2271125,horeca
Pantaiberic delicatessen,41.4408174,2.2269502,horeca
Bonjour cafeteria,41.4410159,2.2268003,horeca
Rico Kebab Pizzeria,41.4410846,2.2267392,horeca
Copeta,41.403019,2.178883,horeca
Caballa Canalla,41.3802042,2.189413,horeca
Luis Vins,41.3823222,2.181995,horeca
Racó D'en Cesc,41.386201,2.16128,horeca
Restaurant Pedro-Mari,41.3941599,2.1814571,horeca
La Fragua,41.3621773,2.0753294,horeca
Liber,41.3760196,2.1452116,horeca
La Española,41.3661419,2.0824766,horeca
La Rioja Restaurant,41.3815614,2.167341,horeca
La Bodegueta de cal Pep,41.3737884,2.1323306,horeca
La Esquinita,41.35991,2.0819961,horeca
La Pepa,41.3567913,2.1272191,horeca
McDonald's,41.3572847,2.1279528,horeca
Subway,41.3580937,2.1291385,horeca
Tento,41.3565049,2.1270016,horeca
Nostrum,41.3571905,2.1269418,horeca
Frankfurt 94,41.361552,2.0803142,horeca
Bar Torrubiano,41.3625277,2.0831568,horeca
Bar Sevilla,41.361853,2.0830062,horeca
1987,41.359621,2.0817932,horeca
Ramplax,41.3912982,2.1575359,horeca
Mondo Argento,41.4006708,2.2062985,horeca
100 Montaditos,41.3890844,2.1722375,horeca
Restaurante Casa Gallega,41.3740368,2.1689003,horeca
Restaurant Kailash,41.4114676,2.1802963,horeca
Paradís,41.4397791,2.215436,horeca
Bodega Marieta,41.3959987,2.1990598,horeca
Racó de la Vila,41.3974371,2.1990673,horeca
La Bona Cuina,41.3948938,2.2009561,horeca
Frankfurt Tito Paco,41.3948671,2.2005669,horeca
El Carro Gros,41.3722112,2.1626716,horeca
Restaurant Xandri,41.3746639,2.1616971,horeca
Restaurante Los Martínez,41.3955044,2.1997211,horeca
Quiosc Bar Marcelino,41.3693232,2.1619325,horeca
El Santet,41.3947968,2.2007641,horeca
Granja Cristall,41.3770991,2.1614097,horeca
El Pibe,41.3995952,2.2029522,horeca
Xemei,41.3713842,2.1607582,horeca
Bar Cleries,41.3899349,2.1599331,horeca
Peccato di Gola,41.3748097,2.1565784,horeca
El Encuentro,41.372858,2.1668082,horeca
Casa Axin,41.3729614,2.1627274,horeca
Spin Bites,41.3739672,2.1662116,horeca
Petit Ibèric,41.3772041,2.1608779,horeca
Rías Gallegas,41.4374722,2.1965954,horeca
Rico Kebab Pizzeria 3,41.3744184,2.162718,horeca
Bar Restaurant Morenita,41.3736343,2.1629575,horeca
Bar barcelona,41.4016882,2.1757519,horeca
Rachel's,41.4103227,2.2073445,horeca
Bar Ángel,41.4578767,2.0653613,horeca
Foodies,41.4579915,2.0671378,horeca
Cèntric,41.4015434,2.1643351,horeca
Rubi Bar,41.3845299,2.1805557,horeca
Pizza World,41.3736157,2.1052262,horeca
El Timbal,41.4034227,2.19997,horeca
La XiPa cafe,41.4164118,2.1760897,horeca
UAALA Gelateria,41.4143023,2.1058393,horeca
Can Chen,41.4122341,2.1644891,horeca
4 latas beethoven,41.3925144,2.140693,horeca
Kafe Ragestán,41.3726303,2.1624193,horeca
Can Ganassa,41.3795415,2.1882532,horeca
DIECI8,41.385736,2.1823309,horeca
Cafe-bar Xador,41.3835968,2.1812069,horeca
Garzonea,41.3893347,2.1447589,horeca
Mari,41.388802,2.1449671,horeca
Bar Restaurante Perú,41.4137479,2.2028622,horeca
La Bona Tapa,41.4137109,2.2015193,horeca
Xixi,41.413658,2.2014492,horeca
La Tasca,41.4259305,2.1574333,horeca
Xixbar,41.3758485,2.1576176,horeca
Pi-Ka-Ko,41.3969644,2.1709338,horeca
BRUNCH IT,41.3964381,2.1708261,horeca
El Tunel,41.3964439,2.1710569,horeca
Vapiano,41.3788941,2.1758361,horeca
Cerveceria La Surena,41.3850373,2.1662783,horeca
Paspartu,41.3886077,2.1801454,horeca
Siberia,41.4111801,2.2062065,horeca
El Carmelo,41.42547,2.1575353,horeca
Mireya,41.4062272,2.1724898,horeca
Les Mil i Una Nits,41.4031474,2.1706525,horeca
Xurreria L'àvia,41.3737883,2.1365138,horeca
Puertecillo,41.4044841,2.1734378,horeca
Vioko,41.3769755,2.1888209,horeca
Shenanigans Irish Pub,41.3787719,2.1724896,horeca
Forneria Tiana,41.3801339,2.1796136,horeca
El 68,41.4023622,2.1612062,horeca
Bormuth,41.3858734,2.1826027,horeca
Donildo,41.3909265,2.1452061,horeca
Cervecería Frankfurt Europa,41.4396191,2.2191504,horeca
Solution Bar Shisha,41.4384997,2.217941,horeca
Flaherty's Irish Pub,41.3784323,2.1768444,horeca
First bar,41.3809266,2.1754554,horeca
Cervantes,41.3813653,2.1774484,horeca
Aragó,41.4041622,2.1816598,horeca
La Resistència,41.3796808,2.1568783,horeca
Eclipse at the W,41.3688974,2.1901038,horeca
Gurqui Restaurant,41.397029,2.1665668,horeca
,41.3972867,2.1612562,horeca
crois‘,41.3931667,2.1704917,horeca
El Bombón,41.380071,2.1801819,horeca
nose,41.3849952,2.182803,horeca
Maruzella,41.4273806,2.169481,horeca
Frankfurt Dorildo,41.3907184,2.1451768,horeca
The Shamrock,41.3850625,2.1661014,horeca
El Papelón,41.3821783,2.1711659,horeca
Can Cargol,41.3955392,2.1672692,horeca
Nata Lisboa,41.3948513,2.1637252,horeca
Pescadea,41.3903366,2.1571934,horeca
Antunez,41.3979417,2.1546769,horeca
SantaGula,41.3972346,2.1554071,horeca
Inter Tapa SL,41.4052588,2.1741651,horeca
PinchoJ,41.3737336,2.1646232,horeca
Blau,41.3857566,2.1783217,horeca
Manso's Cafe,41.3755056,2.1587547,horeca
Gran Bodega Saltó,41.3727493,2.167178,horeca
Switch Pocket Club,41.3991715,2.1592621,horeca
Crep Nova,41.3995163,2.1703903,horeca
Bio bento,41.3767349,2.1429971,horeca
Bar Nolla,41.3905504,2.1647825,horeca
Bosque Palermo,41.3881621,2.1570014,horeca
Sr. Ceviche,41.3906361,2.1790875,horeca
Colom,41.379825,2.1764897,horeca
Malika,41.3741613,2.1269683,horeca
Pastisseria Granja,41.3795042,2.1792309,horeca
La pimpa,41.3870601,2.1301717,horeca
CoCo Fresh Tea & Juice,41.3941891,2.1758677,horeca
Port Vell,41.3798048,2.1877357,horeca
El Faisán,41.3778509,2.1533258,horeca
Taco Bell,41.4393746,2.1991584,horeca
Madina Doner Kebab,41.4401701,2.2162623,horeca
Bar La Peña,41.4404265,2.2170329,horeca
Bar El Chaparral,41.4416289,2.218379,horeca
Bar El Pesca,41.4417256,2.2151354,horeca
Bar Bellavista,41.4421344,2.216011,horeca
Kebap Turca,41.4438021,2.2193473,horeca
cal mariner,41.3791754,2.1898206,horeca
Palosanto,41.3778869,2.1698052,horeca
Food Point,41.3818788,2.1688018,horeca
Pasta bar,41.3800996,2.1767848,horeca
Restaurante Margherita -italian,41.3951107,2.1595112,horeca
Cafeteria-Restaurant Sandra,41.3895849,2.150335,horeca
Boheme,41.3855731,2.1811011,horeca
Mercat Princesa,41.3857337,2.1822011,horeca
El Trencadís,41.3937976,2.1655309,horeca
Hummus,41.3912547,2.1611975,horeca
Al Baraka,41.3904473,2.1605444,horeca
Falafel Boqueria,41.3816873,2.1718376,horeca
Vicino pizza bar,41.3762335,2.1891166,horeca
Noumades,41.392924,2.175234,horeca
El Lito Lito,41.3935914,2.1855444,horeca
Bread Bucket,41.3967509,2.1929295,horeca
Espresso,41.3918333,2.1838687,horeca
Lleida,41.3917633,2.1801488,horeca
Firebug Brunch,41.3927459,2.1778691,horeca
Checkpoint Arcade,41.3936112,2.1747834,horeca
La Llesca de Bailén,41.3931457,2.1753569,horeca
Casa de Lina,41.3911175,2.1897833,horeca
Ivin,41.3915479,2.1887873,horeca
Dulce Parque,41.3917707,2.1889144,horeca
Casa Fidel,41.3925543,2.1881212,horeca
Caliu del Poblenou,41.4013499,2.2010764,horeca
Lizarran,41.3833874,2.1572177,horeca
Club Swinger Charlie Privée,41.4175581,2.1875652,horeca
Bar La Bota,41.3730845,2.1671134,horeca
Pizza Qué?,41.4114862,2.1814846,horeca
Las Fritas,41.3802954,2.1876182,horeca
Rekon,41.3742547,2.1631767,horeca
La cantina del tapeo,41.4420999,2.2200224,horeca
Giovanni,41.3824504,2.1739136,horeca
Udon,41.3757035,2.1828939,horeca
Don Vitto,41.4057554,2.1785729,horeca
Restaurante Ca L'estrella,41.4159614,2.1980819,horeca
Rad Cafe,41.387003,2.1238286,horeca
Pony Cafe,41.3887421,2.1806512,horeca
Miam,41.4020879,2.1756287,horeca
Vivari,41.410529,2.1645217,horeca
Granja Romaní,41.4348618,2.2179712,horeca
Via a Barcelona,41.3798361,2.1762245,horeca
Umma,41.3703196,2.1399724,horeca
Churrería A. Martínez,41.4181885,2.2036622,horeca
NAP,41.3752128,2.1662478,horeca
Can Canyes,41.4113766,2.2163402,horeca
Fonda Espanya,41.3799009,2.1728032,horeca
Bambú Beach Bar,41.3857313,2.1973394,horeca
Maguro,41.3908121,2.1800057,horeca
Blai 9,41.3730722,2.1658539,horeca
Bar La familia,41.4165078,2.1948482,horeca
Bread & breakfast,41.4159901,2.1945467,horeca
La Reina,41.4157165,2.1956625,horeca
Pizza,41.4172048,2.2044118,horeca
Gran Mundo,41.4146504,2.2010114,horeca
Joanet,41.3879608,2.1803902,horeca
Mordisco,41.3946552,2.1599659,horeca
Macxipá,41.3905046,2.1258559,horeca
triton,41.3867214,2.1126023,horeca
Ali Baba,41.4337672,2.2173371,horeca
Versace,41.4337089,2.2172203,horeca
Terrassa Do,41.3799799,2.1748476,horeca
Bar Alexandra,41.4161323,2.2018565,horeca
Cactus Bar,41.3848364,2.1830531,horeca
Boca Grande,41.3945664,2.1598744,horeca
Solange,41.3922388,2.1539966,horeca
Tandem Cocktail Bar,41.389688,2.1580773,horeca
Moog,41.3780728,2.1750758,horeca
La Fira,41.3904363,2.1556181,horeca
Taberna Gallega,41.3917842,2.1862048,horeca
Burger King,41.4044219,2.1741645,horeca
Bar Victoria,41.3820911,2.1685814,horeca
Ten's tapas restaurant,41.3842142,2.1843426,horeca
Fragments Cafè,41.386624,2.1324955,horeca
Bar Granja L'Espill,41.4209184,2.2056829,horeca
VIENA,41.3579934,2.1293918,horeca
El Beso y La Lluna,41.3817513,2.1769976,horeca
Bar Aribau 3,41.3858008,2.1625264,horeca
Ugot,41.3813036,2.1555631,horeca
La Tasqueta 1800,41.3819459,2.1875804,horeca
Sabor Café,41.3951144,2.1644944,horeca
Dionisos,41.38047,2.1770302,horeca
Bar Lisa,41.3805356,2.1770355,horeca
Nemrut,41.3810051,2.1772158,horeca
La Crema,41.4275533,2.1576939,horeca
Maumau,41.3722035,2.1663962,horeca
Ké=?,41.3793286,2.1891827,horeca
Mediterrani,41.3311099,2.1150177,horeca
Boviscum,41.3307025,2.1144592,horeca
Punt G,41.3307495,2.1162564,horeca
La pera,41.3306653,2.1147867,horeca
La avenida,41.3775632,2.1158346,horeca
Bar Eric's,41.3772622,2.1168539,horeca
Royal,41.3768637,2.1151348,horeca
El sotanillo,41.3769314,2.1146123,horeca
Puzzle,41.3764572,2.1141157,horeca
Pick O'Theo,41.3784875,2.1130176,horeca
Mario,41.3772783,2.1152941,horeca
La Valetta,41.3761041,2.1126252,horeca
Rostiseria,41.3775776,2.1166657,horeca
De Angelis,41.3758361,2.1191937,horeca
El area,41.3278653,2.1146435,horeca
Bar Familia López,41.3291287,2.1166492,horeca
Meson Galicia,41.3209566,2.0957477,horeca
Cerveseria d'Or,41.3939108,2.1647141,horeca
Poke Sí,41.3832407,2.1817055,horeca
K'l Pau,41.3774722,2.112605,horeca
Pronto,41.3850465,2.1318318,horeca
Ugot,41.3811408,2.1554057,horeca
Singlot,41.3679611,2.1314835,horeca
LIDO,41.3835326,2.1610122,horeca
Xiroi,41.3916487,2.2034829,horeca
La Cassoleta,41.4216574,2.1503531,horeca
LUTE Bar & Bowls,41.3742634,2.1332024,horeca
Stromboli,41.3740397,2.1432302,horeca
J.B.,41.4081797,2.1693745,horeca
Red Ant Noodle Bar,41.3880129,2.1810961,horeca
La Fabrica,41.3825181,2.176454,horeca
Espai Kru,41.3743699,2.1545356,horeca
Fa Patxoca,41.3856176,2.177588,horeca
Bar Paco,41.3321084,2.1168339,horeca
Bar Chop Chop,41.3287992,2.1174976,horeca
Bar Peter,41.3314374,2.1186946,horeca
Sancle s.a.,41.3296481,2.1191227,horeca
Pisa Morena,41.3825826,2.1822817,horeca
La Nena 1939,41.3340022,2.1131931,horeca
Europark,41.455129,2.2063325,horeca
Elya,41.3922258,2.198576,horeca
Celebre,41.3964845,2.1739332,horeca
Urretxu,41.3918921,2.1909106,horeca
Bar 72,41.4249531,2.2298325,horeca
Frankfurt el faro,41.4250738,2.2296367,horeca
Novela,41.3913246,2.1753392,horeca
Pirinev En Boca,41.3916157,2.1751732,horeca
número nueve,41.3841403,2.1829077,horeca
Unic,41.3918994,2.1841805,horeca
Luna de Istanbul,41.3787692,2.1910583,horeca
txirimiri,41.3846737,2.1795101,horeca
Kulas,41.3804417,2.1809918,horeca
El Tropezón,41.3810436,2.1800329,horeca
Inti&Chasca,41.3799192,2.1545575,horeca
Charrúa's Braseria Pizzeria,41.3712767,2.0694143,horeca
Si Chuan,41.371819,2.0702147,horeca
Barcelona beer company,41.3838486,2.1629162,horeca
Lactuca,41.4040308,2.1736755,horeca
Forn Puiggròs,41.4102615,2.1741597,horeca
Crossfit Distrito 080,41.3867975,2.1589997,horeca
La Dolça Herminia,41.3867346,2.1744184,horeca
Montferry,41.4125412,2.1902351,horeca
Burritos,41.3809206,2.1747868,horeca
El Clercle,41.3845837,2.174319,horeca
L'Antiquari,41.3839256,2.1774566,horeca
comertç 24,41.3885281,2.1813229,horeca
Senyor Vermut,41.3859021,2.1494307,horeca
El Berro,41.3847394,2.1598955,horeca
Mont Bar,41.3862444,2.1618234,horeca
El Argentino,41.3884408,2.1602615,horeca
Lateral,41.3898599,2.1638854,horeca
Santa Marta,41.3778646,2.1910298,horeca
TapaTapa Xiringuito,41.376969,2.1906382,horeca
Bar Granadino,41.4404153,2.2238276,horeca
La ciudad de oro,41.4408727,2.2240695,horeca
Cafe Bar Florida,41.4403503,2.2236929,horeca
Bar Amigo,41.4411469,2.2238965,horeca
365,41.4427196,2.2241698,horeca
Bar Frankfurt Jaime,41.4408051,2.2241201,horeca
Entre tapes,41.4423118,2.2237245,horeca
Bar Leo,41.4406309,2.2245529,horeca
Bar La Granja,41.4427953,2.2241899,horeca
LAGORDA,41.3766677,2.1383162,horeca
Txirimiri,41.3846669,2.1794746,horeca
Coffee Milano,41.4070234,2.1491229,horeca
Cafeteria de la Biblioteca Jaumer Fuster,41.4075557,2.1493457,horeca
Bar chicho,41.4115546,2.1414773,horeca
Can Solé,41.378983,2.1883542,horeca
Can Carbonell,41.3998265,2.0862506,horeca
DSB,41.382872,2.0889957,horeca
Estimar,41.384149,2.1816649,horeca
Panino Silvestre,41.4067925,2.1339225,horeca
Telepizza,41.4134853,2.1379474,horeca
Napoli prima e dopo,41.3920081,2.1475755,horeca
Panela de Barro,41.405956,2.1611993,horeca
El Rincón del Vino Dos,41.3938643,2.1718363,horeca
Toro,41.3612535,2.103797,horeca
Somy,41.3758756,2.1387336,horeca
Famdeburguer,41.377233,2.1384492,horeca
Ristorante romesco,41.3799382,2.1727068,horeca
Niño Viejo,41.3760901,2.1541438,horeca
Hoja Santa,41.3760527,2.1540206,horeca
SandwiChez,41.3893164,2.1562171,horeca
Bar Chiqui,41.4447191,2.2181683,horeca
Pizzeria,41.4028464,2.1360274,horeca
Bar Mediterráneo,41.4343007,2.2180868,horeca
La Cabrera,41.3887251,2.1646164,horeca
Salambó,41.4044546,2.1576355,horeca
Minyam,41.4023648,2.2013577,horeca
la Hacienda,41.3878619,2.1567079,horeca
RIO Okonomiyaki,41.3965073,2.1564721,horeca
Laksa,41.3886411,2.1812605,horeca
Piazza grande,41.4017771,2.2059149,horeca
Restaurant Piazza Grande,41.4017834,2.2059153,horeca
Taco Alto,41.3896941,2.1810119,horeca
Rico Doner Kebab,41.4335152,2.2166676,horeca
Bar Restaurant La Tortuga,41.4391743,2.173684,horeca
Miyazaki Sushi,41.3800276,2.1463049,horeca
La Pizzela,41.3824924,2.1471677,horeca
Cosmopolita,41.3961795,2.1743904,horeca
Bambú Beach Bar,41.399754,2.2118845,horeca
Tasca 132,41.3817389,2.1480632,horeca
Los Tres,41.4106204,2.1732837,horeca
Bar Restaurante Casa Jaime,41.3928432,2.1555697,horeca
Minyam,41.4023142,2.2014938,horeca
Bodega Sepúlveda,41.3834799,2.1625678,horeca
flamenco Córdoba,41.3790539,2.1748873,horeca
Las Fernández,41.378146,2.1664383,horeca
Lo de Flor,41.3781227,2.166257,horeca
Faborit,41.3558244,2.1249236,horeca
La Lia de'n Vicius,41.373837,2.1643515,horeca
dDivine,41.3877725,2.1649125,horeca
El Corralillo,41.3216392,2.0986023,horeca
Bar Q,41.400747,2.2135026,horeca
Croc Café,41.4012928,2.1235802,horeca
taller tapas,41.3866066,2.1738348,horeca
Pa i Trago,41.3771838,2.1633386,horeca
Els Ocellets,41.3774322,2.1644879,horeca
La Góndola,41.3760257,2.164045,horeca
El Jabali,41.3757568,2.1665436,horeca
tablao flamenco,41.3789958,2.174867,horeca
Bo di Napoli,41.3896957,2.1591286,horeca
Sal Café,41.3810054,2.1936373,horeca
Victor‘s,41.3802184,2.1771592,horeca
Red Pizza,41.3604809,2.0730818,horeca
Sanz Bar,41.3870833,2.1776131,horeca
El Cafetó,41.3816911,2.1632563,horeca
Shushi Yaki,41.38505,2.1575064,horeca
Casa López,41.4047191,2.1550626,horeca
Can Becari,41.4018245,2.1377899,horeca
Le Sucré Coeur BNC by Maria Selyanina - Pastelería Barcelona,41.3950893,2.1458989,horeca
Bar l'Escenari,41.4032528,2.1586029,horeca
Space Cowboy,41.3869809,2.1802947,horeca
Espit Chupitos,41.3803151,2.1808841,horeca
Los Cachitos,41.3754753,2.1677448,horeca
Kabab Ghar,41.3775938,2.1648996,horeca
afiparc,41.4134414,2.1527296,horeca
l'h@m,41.4041722,2.2113137,horeca
Espanyol,41.3751709,2.1693835,horeca
pummarola - pizzaria napoletana,41.3775001,2.1642309,horeca
Jomo,41.374767,2.1689118,horeca
A la Turca,41.3751717,2.1683692,horeca
Wino,41.3771929,2.1637795,horeca
365,41.377507,2.1643891,horeca
La Alhambra,41.3774355,2.1650849,horeca
McDonald's,41.374761,2.1685317,horeca
Sant Pau,41.3765945,2.1653366,horeca
Diamante,41.3775036,2.165,horeca
Días De Norte,41.375471,2.1670448,horeca
August,41.3755939,2.1668973,horeca
El Cafetó,41.3756619,2.1668052,horeca
Restaurant Ecuasucre,41.375417,2.1671228,horeca
Barraca,41.3790441,2.1919022,horeca
Bouzu,41.3798834,2.1634396,horeca
Entrepanes Díaz,41.3972943,2.1609117,horeca
Ca l'Isidre,41.3759422,2.1679447,horeca
La Barra de la d'Or,41.3759225,2.1601557,horeca
Nito 2,41.3751964,2.1628221,horeca
Basilico,41.3751907,2.1596595,horeca
Entre Tapes,41.3761676,2.1594654,horeca
La Xalada,41.3754794,2.1610292,horeca
Mai Tanca,41.3745998,2.1618768,horeca
Sun,41.3811725,2.1419017,horeca
el Fornet,41.4014791,2.1244757,horeca
Zurna,41.4010106,2.1572197,horeca
Orxateria la Valenciana,41.3857331,2.1611042,horeca
Dafu Don,41.3879122,2.1743481,horeca
The Tatami Room,41.3741468,2.1656821,horeca
Alonso's Café,41.3492635,2.1074872,horeca
Le Tigré,41.3289789,2.093904,horeca
Carlos and Mathilda,41.3818238,2.1797544,horeca
Milky Way,41.3886628,2.150302,horeca
Qiu,41.3887834,2.1500937,horeca
Burger King,41.4271241,2.2298887,horeca
Grill Corner,41.3577372,2.1289295,horeca
El castell de la fira,41.3579019,2.1306266,horeca
Bambú Beach Bar,41.4007138,2.2090612,horeca
Casa Moritz,41.391956,2.161896,horeca
Star Bar,41.3960653,2.1766182,horeca
Tibet,41.4158704,2.1581407,horeca
Iaia Cristina,41.3992398,2.2018462,horeca
Ruta de Francia,41.4037955,2.1820599,horeca
Turó,41.4159036,2.1815009,horeca
Wei,41.4167464,2.1806391,horeca
Monumental,41.3997595,2.1797349,horeca
Lucano,41.3990094,2.1788548,horeca
Els Tres Porquets,41.4071597,2.1930065,horeca
Prodigi,41.3985973,2.1659559,horeca
La Granota,41.4179311,2.1802833,horeca
Cowboy,41.4181616,2.1725485,horeca
O'Xeitoso,41.4206608,2.1736391,horeca
Chirimás Café,41.4269599,2.1756712,horeca
El Timbalet,41.4182723,2.1807695,horeca
Moreno bar tapas,41.424089,2.1757561,horeca
O'Pardal,41.4244487,2.1759678,horeca
Jordi,41.4250915,2.1766483,horeca
Charly,41.421516,2.1797115,horeca
El raconet,41.41913,2.1723528,horeca
Aquí Em Quedo,41.41757,2.1807367,horeca
El Establo cuyano,41.4168135,2.1805855,horeca
El Raconet,41.4160037,2.1809462,horeca
Le Bistrot de Pierrot,41.3861738,2.1748464,horeca
Hamburguesería Maragall,41.4205247,2.1804187,horeca
Starbucks,41.383406,2.1712564,horeca
Palacio del Flamenco,41.3936827,2.1567152,horeca
El Forat,41.3802187,2.1910003,horeca
Piñol,41.3805214,2.1916737,horeca
Taberna Gallega,41.3810963,2.1499836,horeca
Benidorm,41.3754989,2.1629173,horeca
The Good Burger,41.374768,2.1638738,horeca
Tacos99,41.3747809,2.1634175,horeca
Atenea,41.3747658,2.1652211,horeca
IMPRFCTO maison surrealist,41.3751878,2.1645189,horeca
Jia Xian,41.375183,2.164669,horeca
La Gilda,41.3995758,2.1646553,horeca
Bodega Luis,41.4179831,2.1772893,horeca
O'Rio Miño,41.4207446,2.1733701,horeca
Reca's,41.4193244,2.1757557,horeca
Kebab Pizzeria,41.4210902,2.173936,horeca
Devoto,41.3968628,2.1682496,horeca
Teruel,41.3928526,2.1735219,horeca
Andorra,41.3892191,2.1783959,horeca
Bodega Jané,41.3872998,2.1792771,horeca
Catalina Cafe,41.3862071,2.1793039,horeca
Amakó,41.397663,2.1671923,horeca
Obrador,41.3895056,2.1779383,horeca
El Rey del Bacalao,41.4059952,2.1678191,horeca
Alaska,41.4036043,2.1645801,horeca
Toni,41.4029163,2.1631401,horeca
Marisc&Co,41.4047629,2.1812614,horeca
Xurrería J. Alpuente,41.3999618,2.1845666,horeca
Da Zhong,41.3930834,2.1811654,horeca
Lluna Plena,41.4131841,2.1814167,horeca
2 Hermanos,41.4143734,2.1817362,horeca
El portal dels encants,41.4018944,2.1841775,horeca
Menta,41.3991977,2.183373,horeca
Sam,41.4027186,2.1829852,horeca
365,41.4093214,2.1842472,horeca
Esber,41.410774,2.1827069,horeca
Europa,41.408553,2.1851353,horeca
La Coruña,41.4083413,2.1851911,horeca
Asador Las Vegas,41.4106694,2.1798384,horeca
La Unión,41.4122174,2.180827,horeca
Miky,41.4169701,2.1805801,horeca
Teta de Monja,41.3762172,2.138933,horeca
Els Miralls,41.4108685,2.1795507,horeca
David,41.4111767,2.1798922,horeca
Iroue,41.3924662,2.1709164,horeca
Bodega Pardo,41.4208627,2.1607553,horeca
Taverna El Ficus,41.4182089,2.1771584,horeca
Pirineo,41.4173855,2.1748057,horeca
Porto Colón,41.3743998,2.1677116,horeca
Cervecería Frankfurt El Molino,41.3746194,2.1669636,horeca
Patchwork Concept Bar,41.3751877,2.165879,horeca
Green Bamboo,41.3827532,2.175735,horeca
La Chana,41.3744768,2.1657776,horeca
El Racó de Sants,41.3751172,2.1390006,horeca
La Catalana,41.3818446,2.1278922,horeca
Alive - Cafe and Vegetarian Restaurant,41.3824199,2.1288241,horeca
Bar YaYo,41.3809346,2.126269,horeca
Casa Pin,41.3807104,2.1259142,horeca
Telepizza,41.3845349,2.1510568,horeca
Domino's,41.3850173,2.1528067,horeca
Pans & Company,41.3843059,2.1640449,horeca
Il Fuoco,41.37511,2.1431831,horeca
Casa Escarré (Joan's),41.3747567,2.1427755,horeca
Bar timón,41.3886394,2.1739797,horeca
Blavis,41.403317,2.1471448,horeca
Drapaire,41.3845759,2.1695206,horeca
Granjas la Catalana,41.4143663,2.1057301,horeca
Casa Trampa,41.4131912,2.1044633,horeca
Savory Express,41.41121,2.1762682,horeca
Len's Comic Cafe,41.3942127,2.1739835,horeca
Bar Cafeteria Lee 666,41.396977,2.1777627,horeca
Santagloria,41.3951013,2.1746599,horeca
Bar El Buscatrufas,41.3920065,2.1721506,horeca
Chilapa,41.3826724,2.1621491,horeca
Can Alexandre,41.4242713,2.1819304,horeca
Ramen House,41.3926913,2.1730735,horeca
Puerto Príncipe,41.4240333,2.1818107,horeca
Ovante,41.4300779,2.1826793,horeca
Congrés,41.4214873,2.1810678,horeca
El Mirador de Sant Just Desvern,41.3808155,2.0681011,horeca
Sofrito bar,41.3722222,2.1605513,horeca
Sabores de Portugal,41.380075,2.1669945,horeca
Frankfurt,41.4143118,2.1807086,horeca
Maragall 78,41.4185801,2.180734,horeca
Jalisco,41.4114097,2.1766443,horeca
Kitchen,41.3805826,2.1882021,horeca
Bar l'Amistat,41.4029059,2.1592402,horeca
zentral,41.4050941,2.1635703,horeca
Tomodachi,41.4053891,2.1644663,horeca
Bar Luis,41.4102114,2.1714804,horeca
Garrofer Gaudí,41.4111044,2.1746442,horeca
Cruzeiro,41.4126587,2.1767507,horeca
Tapitas,41.415462,2.1807791,horeca
O Barquiño,41.4049049,2.1637078,horeca
Yoma,41.4052858,2.163921,horeca
Frankfurt,41.40911,2.1707234,horeca
La Graella,41.409509,2.1706685,horeca
Insòlita,41.4112527,2.1746794,horeca
SQ-47,41.4134869,2.1778053,horeca
Asian Tapas,41.4149461,2.1791262,horeca
La Font Gaudí,41.4107929,2.1745469,horeca
Granja,41.4144356,2.1821491,horeca
Gent del Barri,41.4091439,2.184618,horeca
Gran Ruca,41.4091143,2.1847405,horeca
Frankfurt,41.4090523,2.185381,horeca
Santana,41.4104348,2.1831345,horeca
Cervecería Novo,41.4148432,2.188039,horeca
Il Capriccio Napoletano,41.4143067,2.1877446,horeca
En Zhou,41.414564,2.1881498,horeca
Pika Tapa,41.4130954,2.1806328,horeca
El rovell del clot,41.4110149,2.1823682,horeca
Bar Jordi,41.4153311,2.1887063,horeca
El Ceviche,41.4143009,2.1794065,horeca
Tandoori Nights,41.3775061,2.1672286,horeca
49 robadors,41.3788852,2.1714093,horeca
Two Schmuks,41.3812476,2.1668432,horeca
El Menjador de la Beckett,41.4045885,2.1993428,horeca
Lisboa,41.4142674,2.180649,horeca
Cafè Caracas,41.3815145,2.1804022,horeca
Al-andalus bocatas,41.3777442,2.170318,horeca
La Fonda Paisa,41.4005858,2.1746042,horeca
Madonna Vegan,41.3812162,2.1671279,horeca
La Tiza,41.3737049,2.164194,horeca
Olímpic Bar,41.4422394,2.2177816,horeca
MDL,41.4424404,2.217921,horeca
Hamburgueseria CR,41.3236775,2.0912658,horeca
Bendita Helena,41.3884602,2.1407066,horeca
Hidden Coffee BCN,41.3827592,2.1824616,horeca
Supra,41.3910798,2.1613999,horeca
Agua,41.3848204,2.1960272,horeca
La Luna,41.3832968,2.1814661,horeca
Bar L'antic Teatre,41.3871699,2.1760883,horeca
El Flako Breakfast Club,41.3851592,2.1753025,horeca
La Granja,41.378763,2.154522,horeca
Can Josean,41.4128579,2.1045496,horeca
Take Eat Easy,41.3718301,2.1814451,horeca
Restaurant Reial Club Maritim,41.3755549,2.182,horeca
Casa Juanito,41.3755109,2.1875835,horeca
Bar Estació Marítima C,41.3570884,2.1782599,horeca
Restaurant Medas,41.3719767,2.1767083,horeca
BAR AGUA MARINA,41.3594025,2.1794835,horeca
Bar Colombo,41.3757705,2.1885017,horeca
Restaurant Sweet,41.3765906,2.1834781,horeca
Restaurant Cal Pinxo,41.3806265,2.1855795,horeca
Bar Casa Joan,41.3401133,2.1456557,horeca
En Bandeja,41.415497,2.1816972,horeca
Vilariño,41.4182252,2.1808719,horeca
El racó de Biscaia,41.4202645,2.1822065,horeca
Oishii,41.423324,2.1809898,horeca
El Restaurant,41.4049894,2.1286786,horeca
Al Dente,41.4022588,2.1328838,horeca
Urbion,41.4236244,2.1806093,horeca
Pizzeria El Mundo,41.3751322,2.1231212,horeca
Granja Los Pitufos,41.3785961,2.1589308,horeca
Casa Jota,41.428343,2.1640223,horeca
La Bacardina,41.4299822,2.1635276,horeca
Sierra Nevada,41.4420581,2.1834715,horeca
El Refugio del Puerto,41.376426,2.1893563,horeca
Divan,41.3843798,2.170196,horeca
Café del Born,41.3851443,2.1835937,horeca
Lodetto,41.3836098,2.1651917,horeca
dop,41.397666,2.1392351,horeca
Delizioza,41.3842656,2.1822672,horeca
Bar cooperativo,41.3758751,2.1384011,horeca
Froots & Roots,41.3810926,2.1669733,horeca
Sports bar,41.3812687,2.1804979,horeca
Tio Bigotes,41.3851919,2.1647794,horeca
Picnic,41.4179648,2.1988442,horeca
Zeferino,41.4185233,2.2043317,horeca
Saula,41.3837802,2.1695665,horeca
Bar Verín,41.4182941,2.1985814,horeca
Cafè de l'estació,41.3789252,2.1399412,horeca
Juan Kebab Pizzeria,41.3795067,2.1378615,horeca
Cafeteria tapes restaurant,41.379266,2.1379877,horeca
Taverna de Sants,41.3806156,2.1371146,horeca
Arepera del Born,41.3860934,2.1808493,horeca
The Garden Brunch,41.4064564,2.1939314,horeca
La broqueta d'or,41.3238447,2.0914781,horeca
Sol,41.3245025,2.0910031,horeca
Jijonenca,41.323906,2.091449,horeca
Nuba,41.3934147,2.1355373,horeca
Kuo,41.3965594,2.1442468,horeca
Cheri,41.3945434,2.1537648,horeca
La tasqueta de Can Felipa,41.4032881,2.2001895,horeca
Pronto,41.4025441,2.2045819,horeca
Trattoria&Pizzeria Pappapomodoro,41.4082807,2.216443,horeca
Restaurante cafeteria el Fergueda,41.3847542,2.1715098,horeca
l'Illa del Mar,41.4108088,2.2158274,horeca
Bar Las Tapas,41.442218,2.2224034,horeca
Bar Verín,41.4396911,2.2210187,horeca
Bar Márquez,41.4422739,2.2227252,horeca
El Nostre Pa,41.4408333,2.222094,horeca
Bar La Alpujarra,41.4420698,2.2228867,horeca
Sant Mori,41.4390777,2.2210618,horeca
Bar cafeteria Sant Mori,41.4400146,2.2222585,horeca
Bar Satisfecho,41.4385461,2.2198488,horeca
La crisis,41.4418359,2.221507,horeca
Bar sushi Salon,41.4425727,2.2233672,horeca
Corre que se acaban,41.4392453,2.2212328,horeca
My Burg,41.4405011,2.2229285,horeca
Bar Granja Insa,41.4394614,2.222249,horeca
Myx Bar,41.4395215,2.2216007,horeca
Las Brasas del Tío Manolo,41.410556,2.2078314,horeca
Pampa Mía,41.4085709,2.2035603,horeca
Quiosc-bar Mirador de l'Alcalde,41.367586,2.1693303,horeca
Salterio,41.3825107,2.1760837,horeca
Gastroburguer,41.3623128,2.1082251,horeca
Vivari,41.3747756,2.1644681,horeca
Vegan Junk Food Bar,41.3833546,2.1803283,horeca
Rahamkaria Donar Kebab,41.3855222,2.1401721,horeca
Bananas,41.3863929,2.1830388,horeca
La Hacienda,41.3845998,2.1835545,horeca
Pizza Paco,41.387025,2.1810401,horeca
El born minyó,41.3840979,2.1825844,horeca
Petra,41.4038883,2.1551166,horeca
"Tapas,24 de Carles Abellàn",41.3786785,2.1214859,horeca
La Vinateria del Call,41.3827003,2.1756639,horeca
Makan Makan,41.3807305,2.1665553,horeca
Central Cafè,41.3938741,2.1346748,horeca
SandwiChez,41.3815722,2.1803057,horeca
La Pantera Rosa,41.4010493,2.1525903,horeca
Kamona,41.4014477,2.1568813,horeca
Old School,41.4116246,2.1919188,horeca
Casa Delfín,41.385209,2.1833615,horeca
Suamu,41.3874344,2.1303058,horeca
Palmer,41.3563755,2.1230582,horeca
Santana,41.3591585,2.1249694,horeca
Ca l'Elena,41.359107,2.1243076,horeca
Ikibana,41.3863745,2.184376,horeca
Don Teo,41.407925,2.1605745,horeca
El Singlot,41.4077391,2.1613246,horeca
L'Escorial,41.4071086,2.1613342,horeca
La Barbacoa de Gràcia,41.4065175,2.1598237,horeca
Speed 58,41.4059084,2.1604518,horeca
Bar restaurant Amèrica,41.4087182,2.1601497,horeca
Bar restaurant la Iaia,41.4103156,2.1586187,horeca
Restaurant pizzeria cent vint-i-nou,41.4091273,2.1594261,horeca
Bodega Manolo,41.4080783,2.1582624,horeca
Blau Cel,41.4043091,2.1612896,horeca
Del Roc Bomboneria,41.4103514,2.1582552,horeca
Bar Cafeteria la Maduixa,41.4099275,2.1589953,horeca
Inch,41.4083753,2.1601301,horeca
Compà,41.4080004,2.1604993,horeca
Navia 2,41.4061628,2.1622541,horeca
Mantura,41.4060712,2.1596952,horeca
Lalola,41.406319,2.1621288,horeca
Khan Kaffrun,41.4057278,2.1606077,horeca
La Martina,41.4074138,2.1563841,horeca
Cliper,41.4082071,2.1557593,horeca
Bodega Costa Brava,41.4077693,2.1552242,horeca
Illuminati,41.407315,2.1556575,horeca
Perdem el Nord,41.4072801,2.1555409,horeca
Bertso Taberna,41.4073699,2.1534425,horeca
La Bicicleta,41.4047012,2.1558562,horeca
D. O Vins i Platllos,41.4040511,2.1567248,horeca
La Selva,41.3921711,2.1533141,horeca
Gasterea,41.4039937,2.1566215,horeca
Frankfurt Verdi,41.4034393,2.1573756,horeca
La Uramakeria,41.4033461,2.1557881,horeca
Karakala,41.4027436,2.1565881,horeca
The Dog is Hot,41.4038153,2.1559258,horeca
Ramon,41.4034089,2.1557069,horeca
La Xula Taperia,41.4023295,2.1586126,horeca
Rey del Mojito,41.3821981,2.1758384,horeca
iTapa,41.3821953,2.1726071,horeca
Bcn - Birres i Tapes,41.3957763,2.1716249,horeca
El Pintxo de Petritxol,41.3828156,2.1729085,horeca
Bar restaurant Nit,41.4085855,2.1529197,horeca
Bar El Mesón,41.4394491,2.223228,horeca
Malabar,41.4060079,2.1655839,horeca
Hansel,41.3944942,2.1371447,horeca
El Racó de Mitre,41.393307,2.1310186,horeca
El Forn del Barri,41.4042184,2.1441685,horeca
Not Only Wine,41.4031549,2.1401257,horeca
Thai Noodles del Petit Bangkok,41.4031285,2.1473567,horeca
Bodega Neus,41.4007547,2.1521499,horeca
La Farineta,41.3935897,2.1316421,horeca
Bangkok Cafe,41.3837323,2.1360353,horeca
Bar Restaurante Oliver,41.3469215,2.1546925,horeca
Cal KETO,41.407121,2.1617047,horeca
Okiru,41.400388,2.1578097,horeca
Vermuteria Puigmartí,41.4013967,2.1590604,horeca
Pyreneum,41.4002882,2.1579029,horeca
A Vocados,41.4011456,2.1586495,horeca
Pot - helados naturales,41.4007377,2.1579861,horeca
Curuba,41.3999554,2.1574731,horeca
Nostrum,41.3788312,2.1441786,horeca
La Catrina,41.4079968,2.1593468,horeca
Laila,41.4064416,2.1586102,horeca
La Juanola,41.4066765,2.1569377,horeca
Ciuri‘s,41.4052466,2.1565749,horeca
El Got,41.4084378,2.1562229,horeca
Chido One,41.4032943,2.1589741,horeca
Bobby Gin,41.3998911,2.1581751,horeca
Txikiteo,41.3772044,2.1777523,horeca
El Paisa,41.3737506,2.1242808,horeca
The Pie Shoppe,41.4048231,2.1448792,horeca
Camelia,41.4051906,2.1553839,horeca
L'Os Panda,41.4046678,2.156036,horeca
Verdi dinou,41.403589,2.157066,horeca
La Trini,41.4038895,2.1569036,horeca
El Rebost de la Plana,41.403599,2.1524498,horeca
Exquiseat,41.40375,2.1527201,horeca
Affogato,41.4057494,2.1549308,horeca
Entre Hores,41.4030943,2.1577829,horeca
Xasomo,41.4028433,2.1600141,horeca
La Taberna del Torrent,41.4084753,2.1578626,horeca
las fritas,41.383525,2.1811608,horeca
Ibèric,41.4331568,2.2167364,horeca
Gust,41.4340643,2.2178922,horeca
Blat-café Dos de Maig,41.4069087,2.1819135,horeca
Vivari,41.407369,2.1818712,horeca
Karakala,41.4027512,2.1565766,horeca
Intrèpid,41.4043018,2.1550041,horeca
La lletera de Girona,41.4022355,2.1569234,horeca
glutery,41.4016224,2.1576678,horeca
Woody,41.4017822,2.1569752,horeca
Joali,41.4017503,2.1570283,horeca
Envalira,41.4018894,2.156703,horeca
Le Standard,41.4050307,2.1549408,horeca
Frankfurt'als Barela,41.4010355,2.1576049,horeca
Tapazia,41.4048898,2.1550603,horeca
16 La Sedici,41.4018078,2.1569455,horeca
Nostrum,41.4040422,2.151722,horeca
La Trobada,41.4015625,2.1520155,horeca
Hofbräu München,41.3945459,2.1271586,horeca
Shuyu Hotpot,41.3920033,2.1526427,horeca
SandwiChez,41.3818462,2.1632223,horeca
Bracafé,41.3812195,2.1636539,horeca
Florida,41.3808501,2.1613484,horeca
365,41.3815489,2.1632268,horeca
Esterri,41.3812449,2.161753,horeca
SandwiChez,41.4050743,2.1612642,horeca
Gavarra,41.3602707,2.0766291,horeca
Bar la Esquina,41.3607615,2.0772366,horeca
El Rincón,41.4116329,2.142679,horeca
L'Obrador,41.4114374,2.1424548,horeca
El Jardín,41.439587,2.2145247,horeca
Bar Frankfurt Polideportivo,41.4429429,2.2162226,horeca
Bar Blanca Paloma,41.4391551,2.2162771,horeca
Bar Galicia,41.4398412,2.2149027,horeca
Cafeteria i Forn de pa Grey,41.4332655,2.2174982,horeca
Frankfurt Piscis,41.4360107,2.2158678,horeca
Bar Beethoven,41.4328863,2.2181523,horeca
Bar Benavente,41.4357276,2.2154134,horeca
Bar Bondia,41.4342763,2.2160261,horeca
Restaurante Ortiz,41.3618513,2.0807561,horeca
Cup&Cake,41.3851384,2.1645396,horeca
ULTRAMARINOS,41.3787828,2.1754099,horeca
Forn de pa Tot d'avui,41.4247416,2.1407708,horeca
Brazilian World Cafe,41.4090994,2.1790203,horeca
Los Pozos,41.4686572,2.0786473,horeca
Serrajòrdia taller de pa,41.4683908,2.0791272,horeca
Noah's Coffee,41.3922454,2.1771333,horeca
Creps Clot,41.4095567,2.1843056,horeca
Bar Àngel,41.4101569,2.1845389,horeca
Creps Clot,41.4095086,2.184375,horeca
Forn de pa Granier,41.4102582,2.1846624,horeca
Nuriaska,41.4103502,2.1847997,horeca
Forn de pa Colón,41.4105534,2.185069,horeca
Granja catalana,41.4105405,2.1854011,horeca
Brasseria Sushi,41.410341,2.1857716,horeca
La Estrella,41.4099227,2.1644326,horeca
Tres N,41.4096993,2.1857261,horeca
Döner kebap Màrmara,41.409538,2.1855442,horeca
Caracas,41.410363,2.1639437,horeca
Ben & Jerry's,41.4038554,2.1734054,horeca
Abanik Bar,41.3853661,2.147432,horeca
Spoonik,41.4074729,2.1512854,horeca
Thai Tuk Tuk,41.4069244,2.168328,horeca
Domino's,41.3591255,2.0714744,horeca
Bar La Imperial,41.4372451,2.2200669,horeca
Bar India,41.4420657,2.2284253,horeca
Bar Felipe,41.4421518,2.2276786,horeca
Açai & Me,41.3849239,2.1792847,horeca
Spritz,41.3846098,2.1772919,horeca
Frankfurt Villarroel,41.3805889,2.1626471,horeca
La parrila,41.3856415,2.1796609,horeca
Boria,41.3847262,2.1789496,horeca
Bar 340,41.415065,2.1896641,horeca
El Taller,41.4129849,2.189723,horeca
Toni,41.4361664,2.2293846,horeca
Las Hermanas,41.4354474,2.2286469,horeca
Loc,41.4351636,2.2283155,horeca
Sunrise Doner Kebab,41.3851287,2.1795024,horeca
The pan's club,41.384999,2.1793698,horeca
Hogar Feliz bar cafeteria,41.4157111,2.1891588,horeca
Forn Biscaia,41.414872,2.1894331,horeca
La Canoa,41.3805033,2.1627607,horeca
Ca la Carme,41.435991,2.2296834,horeca
Jalisco...no te rajes,41.4159827,2.1900064,horeca
Mellado,41.4353652,2.2287747,horeca
La Fàbrica,41.38506,2.1794274,horeca
Tower bar,41.3849827,2.1791939,horeca
Salseta del Clot,41.4156111,2.1907072,horeca
Bodega la Taberna,41.4134452,2.1895948,horeca
Bar granja Piscis,41.4123868,2.1901225,horeca
Coffee Clot,41.4092668,2.1886224,horeca
Mallorca,41.4139968,2.1896638,horeca
La K-ña,41.4112743,2.1894075,horeca
Siete y tres,41.4116268,2.1895746,horeca
Braseria Can Clot,41.411177,2.1894429,horeca
Sol,41.4109305,2.1892933,horeca
La Habana,41.4101612,2.1893062,horeca
Yuan,41.4093282,2.188652,horeca
El Nou CloTiberi,41.4090397,2.1888164,horeca
el Clot,41.4087697,2.1875592,horeca
Ca la Margui,41.4081453,2.1878004,horeca
Verd Oliva,41.4082707,2.1874132,horeca
Smart Bar,41.4082317,2.1872611,horeca
365,41.4081961,2.1871986,horeca
Galaica,41.4156876,2.1681696,horeca
Mas Guinardó Petanca,41.4185314,2.1752621,horeca
El Refugi,41.4088778,2.1625823,horeca
La Catalana,41.4098824,2.1623858,horeca
Rafa,41.4132326,2.1632293,horeca
País Diví,41.4095309,2.1627869,horeca
Forn de pa Boufer,41.4165865,2.1700489,horeca
Forn de pa Boldú,41.3951504,2.1595718,horeca
Forn de pa Boldú,41.3933424,2.1594368,horeca
Plaza,41.4679774,2.0789297,horeca
Club del Café,41.4681964,2.0798028,horeca
Mermelada Express,41.4684502,2.0797876,horeca
Cobaco,41.4683382,2.0797077,horeca
Q. S.,41.4699083,2.0802079,horeca
Amália's,41.3850874,2.1551356,horeca
Organic Market,41.3843463,2.1560296,horeca
Absenta del Raval,41.3812731,2.1638047,horeca
Bodega Armando,41.3799488,2.1648622,horeca
365,41.3803107,2.1647886,horeca
Vivari,41.3866785,2.1546034,horeca
Granja València,41.3913943,2.1618455,horeca
Plaza Café,41.3872522,2.154258,horeca
Épicerie,41.3938999,2.1651278,horeca
Vivari,41.4010019,2.1669985,horeca
Rinaldi,41.4040715,2.1628896,horeca
El Drac de Sant Jordi,41.3826475,2.17416,horeca
Colmado,41.3819235,2.1744264,horeca
Mesón del Café,41.3832429,2.1775174,horeca
Bar Brusi,41.3834934,2.1776063,horeca
La Tapería,41.3837103,2.1785663,horeca
Pans & Company,41.3829281,2.1773087,horeca
Travel Bar,41.3817497,2.1744598,horeca
PaTapas,41.3825627,2.1739891,horeca
The box,41.3814112,2.1803117,horeca
La Llavo del isi's,41.3684627,2.1467108,horeca
Lizarran,41.3899213,2.1465901,horeca
Hamelin,41.3907016,2.1468039,horeca
La Barra,41.3903775,2.1478544,horeca
Restaurante Braseria La Foixarda del Poble,41.3684679,2.1472381,horeca
Burger King,41.3898214,2.147349,horeca
Els Porxos,41.4031581,2.1751611,horeca
Arlequino,41.4037752,2.1733077,horeca
Palmer,41.3734365,2.1564367,horeca
Las Verjas,41.4066399,2.1874049,horeca
Tutu Vietnamese Cuisine,41.4071016,2.1877492,horeca
La Granjeta,41.4077873,2.1884794,horeca
Siboney,41.4083775,2.147185,horeca
Bar Rovira,41.4074258,2.1879148,horeca
Bar Clot,41.4080299,2.1885543,horeca
Catafal,41.4088089,2.1468574,horeca
El Racó de Cádiz,41.40665,2.1877545,horeca
La Mànega,41.4077441,2.188721,horeca
Soda Acústic,41.4030198,2.1570878,horeca
Casa Xef - Vi Negre,41.4033238,2.1565509,horeca
Bracafé,41.4100375,2.1458754,horeca
La Boulangerie,41.4091951,2.1468458,horeca
Delas,41.4070677,2.1827567,horeca
El Forn del Barri,41.4075161,2.1828684,horeca
Merquén,41.3767095,2.1614571,horeca
El Nilo,41.4071361,2.1816775,horeca
Casa Ángel,41.4070235,2.1818566,horeca
Brasilia,41.3785755,2.1605915,horeca
Esterri,41.3812805,2.1618108,horeca
nn,41.3779157,2.1777037,horeca
Bar Gato Pardo,41.3777448,2.1780848,horeca
365,41.3966529,2.1683349,horeca
Copa d'Or,41.3963876,2.1688461,horeca
Bar Funicular,41.3950674,2.1712309,horeca
La Graella,41.3943992,2.1719282,horeca
Gyoza Bistró,41.3940771,2.1723519,horeca
Aromes Cafe & Lounge,41.393587,2.1687413,horeca
Les Finestres de Llúria,41.3936321,2.1684591,horeca
Patachou,41.3965269,2.164517,horeca
Bauma,41.3978535,2.1627843,horeca
365,41.3981171,2.1618786,horeca
El Tarbush,41.3992169,2.1606558,horeca
El Racó de Llúria,41.3925001,2.1693822,horeca
La Trobada,41.3926341,2.1692637,horeca
Saint Honoré,41.3950141,2.1667336,horeca
Cafè Pagès,41.3993632,2.1602648,horeca
Carite Bar & Lounge,41.3960736,2.1692317,horeca
Bow Sandwich Bar,41.3923646,2.1700923,horeca
Hamburgueseria la Real,41.3952399,2.1665275,horeca
Silván,41.3957353,2.1655655,horeca
Palermo,41.395953,2.1655387,horeca
Cor Caliu,41.3960712,2.1651532,horeca
Bracafé,41.3967204,2.1637955,horeca
La Danesa,41.3977963,2.1630905,horeca
El Chiringuito Bar,41.3981841,2.1617222,horeca
La Caleta de Gràcia,41.4026832,2.1564646,horeca
Poll-bo,41.3965289,2.1682381,horeca
La Particcela,41.3961328,2.1697679,horeca
El Fornet,41.3930642,2.1691649,horeca
Os Ancares,41.396122,2.1654253,horeca
Trac,41.3897855,2.1707718,horeca
Can Tosca,41.401299,2.158147,horeca
Orgànic,41.4682048,2.079622,horeca
La Gavina,41.4015017,2.1553907,horeca
Aruku,41.4054675,2.161904,horeca
Lalola,41.4063576,2.1620608,horeca
el Fornet,41.4099406,2.1364609,horeca
Anormal La Plaza,41.4081165,2.1380988,horeca
seven7seven,41.3898868,2.1622344,horeca
Coloma,41.4091036,2.1632227,horeca
Forn Miralles,41.408653,2.16407,horeca
Calderón,41.4075212,2.1637628,horeca
Tro-BAR-se,41.4197405,2.1874968,horeca
Lafuente,41.4079174,2.1638784,horeca
Granja Bar Gero's,41.4197188,2.1875249,horeca
Navas Döner Pizza,41.4179657,2.1881169,horeca
A' Boroa,41.4178462,2.1881731,horeca
La Giralda,41.4194132,2.1879316,horeca
Il Trovatore,41.4186889,2.1886494,horeca
Stuttgart,41.4177111,2.1877943,horeca
2veinte,41.4160433,2.1872689,horeca
365,41.4153388,2.1872409,horeca
Frankfurt Monfort,41.4065794,2.1630872,horeca
Can Tripas,41.4192147,2.1865979,horeca
Máximo,41.4175801,2.1884489,horeca
De Tapa Madre,41.3969404,2.1664905,horeca
Domino's,41.4069142,2.20517,horeca
Casa Blanca,41.3785042,2.162203,horeca
Monster Sushi,41.394856,2.1712596,horeca
365,41.3848621,2.166981,horeca
Breik,41.3850958,2.1659573,horeca
Tallers 76,41.3852001,2.1649244,horeca
Nòstrum,41.3851528,2.1643213,horeca
Zenith,41.3916376,2.1705609,horeca
La Llibertària,41.3849013,2.1675981,horeca
Da Nanni,41.3851079,2.1657854,horeca
Savta Sandwich Shop,41.3851842,2.1650533,horeca
L'Àtrium,41.3909203,2.1707186,horeca
Dar el Kamar,41.3914563,2.1705551,horeca
Viaggio in Italia,41.4034097,2.1510824,horeca
Santagloria,41.4035487,2.1333087,horeca
Sanbermut,41.4033449,2.133947,horeca
Bar escocés,41.4027167,2.1341327,horeca
Bovínum,41.4025738,2.1343088,horeca
Àurea,41.403166,2.1509895,horeca
La Impressió,41.3856511,2.1302308,horeca
Forn de pa Caballol,41.3859463,2.1307695,horeca
Sense Nom,41.3843558,2.1622563,horeca
Quiroga,41.3839847,2.1615565,horeca
La Càtedra,41.3846684,2.1624728,horeca
Aljaima,41.3865549,2.164941,horeca
El Maravillas,41.3868914,2.1323626,horeca
Doré,41.3843541,2.1621253,horeca
Chiyoda,41.400527,2.154037,horeca
A la Brasa,41.3870285,2.1658627,horeca
Baden Baden,41.3869123,2.1656227,horeca
Otto Stylt,41.3880522,2.1668825,horeca
Il Fuoco,41.4016596,2.1531724,horeca
Bonastre,41.3774986,2.1587463,horeca
La Alcoba Azul,41.3828913,2.175531,horeca
Forn Verdaguer,41.3997932,2.1685537,horeca
Ciutat Bella,41.4005364,2.1675729,horeca
Gredos,41.4000239,2.1681962,horeca
Porto Bello,41.3781483,2.1641011,horeca
La Rambleta,41.4302209,2.1867737,horeca
Bar Tino,41.3777211,2.1727671,horeca
Rincon del Raval,41.3765846,2.1693534,horeca
Nyam nyam,41.4370905,2.1909925,horeca
Bar Restaurant Tres Temps,41.4359158,2.192926,horeca
Cafe Bar Parada,41.4153925,2.2118691,horeca
Adil Tandoori,41.3774567,2.1734613,horeca
Café Glacé,41.3608942,2.1233417,horeca
Rest. Chino Pekín,41.4627984,2.1691266,horeca
Morroy,41.4626618,2.1695236,horeca
"Bar-Café ""Nou""",41.4624336,2.1701163,horeca
Pixolo,41.4630718,2.1685634,horeca
Tasca del Chiquitin,41.4631964,2.1683863,horeca
Can Brasses,41.4633452,2.1683541,horeca
Cravings,41.4669977,2.0783944,horeca
Café Caracas,41.4002955,2.1534636,horeca
Xarcuteria Ayló,41.4006548,2.1540095,horeca
Agapito Musical,41.3554278,2.1076075,horeca
Zodiaco Barcelona,41.3739113,2.1637419,horeca
Cappukccino,41.3862324,2.1759654,horeca
Rodilla,41.3872289,2.1747514,horeca
Bodega Vidrios y cristales,41.3816361,2.1828064,horeca
La Perla Nera,41.3851679,2.1773397,horeca
Rosa Negra,41.3864741,2.1755926,horeca
Afecte,41.393722,2.1656331,horeca
Lennox,41.3834186,2.1829502,horeca
Bar International Beer,41.3814217,2.1734916,horeca
Asian Restaurant,41.380365,2.1724677,horeca
Bodega Montse,41.3802566,2.1725439,horeca
Crep Nova,41.3932601,2.1349335,horeca
La llum del poble nou,41.3995737,2.2056746,horeca
Restobar la Ronda,41.4119992,2.1643333,horeca
Isla Negra,41.3826601,2.1615954,horeca
Barcelona,41.4104479,2.1584852,horeca
els Àngels,41.3824523,2.1602296,horeca
Cafè a diari,41.412222,2.1610397,horeca
Kebab Inn.,41.4123373,2.1633762,horeca
Xosé,41.382299,2.1609688,horeca
Nova Camèlies,41.4113922,2.1595137,horeca
Teleferic,41.3895344,2.1608215,horeca
Jasmine Thai,41.4052238,2.2096312,horeca
Ca l'Adán,41.364141,2.0536224,horeca
Rest. Alexandre,41.4322501,2.1835476,horeca
Bar Meridiana,41.4325001,2.1835043,horeca
Chinoi,41.3857244,2.1683964,horeca
glaciers 100% bio,41.3819409,2.1795918,horeca
Tapas San Miguel,41.3818117,2.1769112,horeca
Macera Taller Bar,41.3755883,2.1703543,horeca
Tapes i Menjars Geminis,41.4166817,2.2056876,horeca
33/45,41.3811106,2.1674275,horeca
Granja Monsul,41.4437723,2.2239591,horeca
Pita Inn Llefià,41.4415744,2.2188033,horeca
Bar Salamanca,41.4388532,2.2246477,horeca
Bar Can Gabella,41.438981,2.2253292,horeca
Bar Benuga,41.4383471,2.2243229,horeca
Bar Las 3 Palmeras,41.4385702,2.2231385,horeca
Bar Rocío Los Cazadores,41.4389682,2.2252641,horeca
El Rincón Latino,41.3745292,2.1680439,horeca
Roger Coffee & Bakery,41.3932673,2.1682627,horeca
Bar Restaurante Casa Ruiz,41.43662,2.2227383,horeca
Baetulo 561,41.4339802,2.2183236,horeca
Sandwicheria Artigues II,41.4346538,2.2196198,horeca
Frankfurt Baetulo I,41.4345177,2.2193409,horeca
Snack bar Masnou,41.437696,2.2247736,horeca
Barcelona Corona Hostel,41.4344664,2.218712,horeca
Bar Americano,41.4348594,2.2199445,horeca
Can Daura,41.4358077,2.2218721,horeca
Bar La Imperial,41.4354603,2.2205399,horeca
Bar Marta,41.4349148,2.2200469,horeca
Crispan,41.4355534,2.221508,horeca
Safrà 18,41.3799813,2.1797259,horeca
Sasha Bar 1968,41.3738144,2.1635577,horeca
Casa Lola,41.3777316,2.1764257,horeca
Cala del Vermut,41.3855106,2.1751561,horeca
Bodega del Vermut,41.3859393,2.1747648,horeca
SandwiChez,41.3879003,2.1341313,horeca
Bonita,41.3788991,2.1896213,horeca
Forns del Pi,41.3821336,2.1735146,horeca
Subway,41.4106116,2.1562905,horeca
Piranya,41.41246,2.153966,horeca
Larrard 55,41.4129518,2.1530664,horeca
Bar dakmar,41.4104172,2.1560269,horeca
La Cartuja,41.4123388,2.1537559,horeca
Restaurant Parc Güell,41.4123962,2.1547264,horeca
Embrumas,41.412992,2.1530009,horeca
Yashima,41.3910395,2.1434668,horeca
Restaurant K-Nos,41.3762577,2.1475076,horeca
Las Torres,41.3784144,2.1447846,horeca
L'Estoneta,41.3813596,2.1420644,horeca
Bar 103,41.3763488,2.1473777,horeca
Bloome,41.3866475,2.1750066,horeca
SK,41.3866107,2.1750351,horeca
La Fuente,41.3711537,2.1444831,horeca
Bar Susana,41.371676,2.1442035,horeca
Forno Doro,41.3723931,2.1451476,horeca
Portonove Silvestre,41.3750112,2.1469943,horeca
La Piezetta,41.3750256,2.147695,horeca
Cheers,41.3750308,2.1475738,horeca
Albawadi,41.3876606,2.1736387,horeca
Gaudi,41.4021507,2.1715815,horeca
Fondo do mar,41.3994958,2.1675154,horeca
Ancestral,41.3977332,2.1656576,horeca
Lamenuda,41.396386,2.1638388,horeca
Praktik Bakery,41.3962197,2.1632222,horeca
Dora Tapas Bar Restaurant,41.3957983,2.1626961,horeca
ARTEspañol,41.395545,2.1623459,horeca
Tatin,41.404211,2.1679683,horeca
Churrería Pati,41.4338262,2.2165092,horeca
Bar Shisha Gold,41.434327,2.2180605,horeca
Bar Jaén,41.4452383,2.2218689,horeca
Bar Marín,41.4474106,2.2217195,horeca
Snak Picnic,41.4478997,2.2214252,horeca
Bar La Cantonada,41.4474812,2.2209325,horeca
El gran croissant,41.4359355,2.2167366,horeca
Pink Buda,41.4038385,2.1567925,horeca
Churrería Montse,41.3845871,2.1337944,horeca
Panorama Bar,41.3979363,2.1720846,horeca
Diamantico,41.4004924,2.1903645,horeca
el Jardí,41.4004229,2.1906076,horeca
"El plan ""B""",41.4347895,2.2152266,horeca
Las Marismas,41.3701297,2.1215161,horeca
Restaurante Koh-i-noor india,41.3755898,2.1634835,horeca
Macrobiotic-Zen,41.3843977,2.1625573,horeca
La Tarántula,41.3779852,2.1370944,horeca
El Yate,41.4039787,2.1367463,horeca
Gelati Dino Italia,41.3782283,2.1884099,horeca
La Pampa,41.3793623,2.1879402,horeca
els maians,41.3786757,2.1882219,horeca
no30,41.3791653,2.1879988,horeca
Lolita,41.3783615,2.1882936,horeca
Toc de mar,41.378976,2.1881069,horeca
Reina Margherita,41.3792655,2.1879835,horeca
Japonés Machiroku,41.3872118,2.172886,horeca
Bar Bodega Quimet,41.3992157,2.1546399,horeca
Taquerías Tamarindo,41.3900057,2.1622843,horeca
Maramaia,41.3992406,2.1546063,horeca
Fresc Co,41.3757365,2.1827027,horeca
La Ronda,41.3896126,2.174059,horeca
365,41.3854453,2.1388126,horeca
el Cafetó,41.385128,2.1713506,horeca
Bombay Cocktail&Snack,41.4508209,2.2141824,horeca
PizzaLab,41.4504037,2.210727,horeca
LaCrep,41.452976,2.2069093,horeca
Bar Plaza Reloj,41.4492548,2.2186326,horeca
Nicks Perritos,41.4540368,2.213465,horeca
Taqueria El Changarrito,41.372222,2.155814,horeca
PerBacco!,41.3982985,2.1676305,horeca
sushikô,41.3761185,2.1891728,horeca
A Gianni,41.3971236,2.1695456,horeca
Haiti Bar,41.3830233,2.1774383,horeca
Malabar bar,41.4059218,2.1656953,horeca
Giovanni Gelateria Italiana,41.3836344,2.1808494,horeca
Valentino's,41.4206521,2.181039,horeca
Di Pupi,41.3998466,2.1527839,horeca
María Castaña,41.3982284,2.1532679,horeca
Bar Placídia,41.3999472,2.1524915,horeca
On the Vas,41.3619409,2.1022147,horeca
Caffe di San Marco,41.4136432,2.1386375,horeca
Cafè Mos,41.4143487,2.1384116,horeca
365,41.3747778,2.1626826,horeca
Bar Bocata,41.3977401,2.1523249,horeca
SOCO Poblenou,41.4014133,2.2052029,horeca
La Carmanyola,41.4013829,2.2068942,horeca
CALAMARGA,41.4002367,2.2031905,horeca
La Colla,41.4214704,2.1786774,horeca
Maragall Tapas,41.4222467,2.1786712,horeca
Bar-celona,41.4227174,2.1774511,horeca
Due Pani,41.4205376,2.1770383,horeca
La central,41.3836545,2.1686531,horeca
Magic,41.3858755,2.1850392,horeca
Bär Sant Pere,41.3880755,2.1763052,horeca
Pita Inn,41.4401305,2.224525,horeca
Cafeteria bar La nina,41.4395647,2.2244348,horeca
Donner Kebab Pizzeria Yaadgaar,41.4395297,2.2253496,horeca
Chechu's bar,41.4400958,2.2245476,horeca
Bar La Imperial,41.4418376,2.2228949,horeca
La Bodega de Martín,41.4508288,2.210079,horeca
Bar Gabi,41.4541789,2.2085793,horeca
Bar Xamfrà,41.3833284,2.1461184,horeca
Viveiro,41.3831352,2.1463212,horeca
Noor Coffee,41.3837496,2.1557498,horeca
Agreste de Fabio & Roser,41.4197431,2.1487167,horeca
La Taverna de Cura,41.4004748,2.15455,horeca
Quim de la Boqueria,41.3817433,2.1717301,horeca
Dimas,41.4504065,2.2177673,horeca
Las Palmeras,41.4498674,2.2172461,horeca
Jimmy,41.4500864,2.2171497,horeca
Toniris,41.4414127,2.1804636,horeca
Bar Joan's,41.4184887,2.2037165,horeca
Entre Tapes,41.3970702,2.152656,horeca
Paloma Blanca,41.3794858,2.1670492,horeca
El Rey del Bocata,41.3778054,2.1550214,horeca
Bar Jorepa,41.4163093,2.2131844,horeca
"The new Orleans, coffee & tee",41.3808648,2.1894392,horeca
Tostadero Salvador,41.3808001,2.1887649,horeca
Popeyes,41.3839403,2.1632972,horeca
Chengdu,41.3921537,2.1699304,horeca
Esprit Chupitos,41.3891915,2.1581178,horeca
La Taberna del ESPIT,41.3894369,2.1578033,horeca
QCuvo! Barcelona,41.3888202,2.1584313,horeca
Cafè Escac,41.3837378,2.1695562,horeca
ESPIT Chupitos,41.3893622,2.1579106,horeca
DECODE,41.3901812,2.1567173,horeca
Bar Mississippi,41.4495767,2.203426,horeca
Ginos,41.4407774,2.1980025,horeca
Taco Alto,41.3790187,2.1684282,horeca
Le Bouchon,41.3826706,2.1789133,horeca
La Teteria,41.3820287,2.179383,horeca
Rico,41.3675411,2.1270312,horeca
Can Valles,41.382088,2.1511772,horeca
Cal Valentí,41.3513534,2.1457606,horeca
Wok Home,41.3741539,2.1629773,horeca
LOFT DEL,41.3860337,2.183043,horeca
"Maki pizzeria, kebab y pollo a l'ast",41.4385713,2.1960087,horeca
Timesburg,41.374422,2.1424043,horeca
Lam Thai Restaurante,41.3816863,2.1584965,horeca
La Soleá,41.3713874,2.1571136,horeca
cafeteria Octubre,41.3834738,2.1664261,horeca
Gallery Space,41.3951876,2.1593834,horeca
Jijonenca,41.4013022,2.1676293,horeca
Timesburg,41.4102855,2.1804113,horeca
Bar Granja el Chiquitín,41.4398176,2.2263171,horeca
Frankfurt Europa,41.357368,2.1269572,horeca
Sophie Kai,41.3895741,2.1798565,horeca
El Salón,41.3817746,2.1800492,horeca
Arròs i Peix,41.3831276,2.1795974,horeca
Vegetarium,41.3893305,2.1204541,horeca
4 latas,41.3935465,2.1504991,horeca
Mil Miralls,41.4039886,2.1578815,horeca
Cafeteria Ancares,41.3771117,2.1352999,horeca
Cafe365,41.3893715,2.149394,horeca
Bar Beny,41.4357971,2.190894,horeca
L'ideal,41.4279119,2.1906334,horeca
Can Mora,41.4686372,2.0831496,horeca
KFC,41.4396958,2.1991745,horeca
Burger King,41.4398888,2.1992147,horeca
Yogurtería Danone,41.4396013,2.1981955,horeca
Starbucks,41.4399109,2.1976027,horeca
Foster's Hollywood,41.4409485,2.1975384,horeca
Burger King,41.4407756,2.1974659,horeca
Enrique Tomás,41.4417306,2.198351,horeca
Xukis,41.4108863,2.1790672,horeca
McDonald's,41.4400121,2.1972584,horeca
Five Guys,41.4396803,2.1989617,horeca
Marisquería La Maquinista,41.4388218,2.1986639,horeca
The Good Burger,41.4403097,2.198511,horeca
Ciutat Comtal,41.3890581,2.1666364,horeca
El racó de les tapes,41.4357708,2.1910224,horeca
Costa Freda,41.4474643,2.2013576,horeca
Gavisé,41.4473472,2.2003785,horeca
Hermanos Gutiérrez,41.4472905,2.1990328,horeca
Cerveseria Jordi,41.4478468,2.200622,horeca
Els Jardins,41.447862,2.2002539,horeca
Forn Trinitat,41.4409559,2.1871757,horeca
Chihuahua,41.4189871,2.1804248,horeca
El Traga tió,41.4191026,2.1801533,horeca
Vitali Pizza,41.4086418,2.1651498,horeca
Cheese and Cake,41.4039916,2.1770548,horeca
Thai Garcia Restaurant,41.3994645,2.1630554,horeca
Carabela,41.381278,2.1826134,horeca
Bar Cafeteria Capitan,41.4168139,2.2069591,horeca
Garbí,41.4064513,2.1830757,horeca
The Catalan Sandwich,41.4080976,2.1855239,horeca
Tipotapa,41.4090293,2.1848604,horeca
Zurich & 7 Ways,41.4080538,2.185128,horeca
Enrique Tomás,41.4088909,2.1853986,horeca
Lauria 2,41.3899669,2.1732392,horeca
Sweet n'ice,41.3989914,2.1725643,horeca
Mitre,41.4038815,2.1398936,horeca
Telepizza,41.4039283,2.1400372,horeca
Bocatas de sultán,41.3832646,2.1651214,horeca
Two Schmucks,41.3831249,2.1652703,horeca
365,41.3824085,2.1660495,horeca
Made in Sicily,41.382157,2.166283,horeca
San Giorgio,41.3820474,2.1662367,horeca
Punjab,41.3809682,2.1673775,horeca
Con Pan,41.3790298,2.1646997,horeca
Bodega Pàdua,41.4043502,2.144113,horeca
Bisma Kebabish,41.3836907,2.1644293,horeca
Bar BJ 100 frankfurt,41.382489,2.1659508,horeca
noor,41.382236,2.1660246,horeca
Centro Aragonés,41.3840117,2.1643408,horeca
La parra,41.3830476,2.1653412,horeca
Döner Kebab Amigo,41.3832341,2.1651529,horeca
Peccato di Gola,41.3818081,2.1666632,horeca
Sanabria,41.4371828,2.1727178,horeca
El Canari,41.4064585,2.1494638,horeca
El forn del cel,41.4025051,2.1501664,horeca
Granier,41.382548,2.1576585,horeca
Bar Clàssic Cafeteria,41.4085529,2.1491897,horeca
7 Lunas,41.4354482,2.1723984,horeca
Bar 201,41.3896443,2.1507257,horeca
L'antic forn de Villarroel,41.3905395,2.1499653,horeca
ama & caballeros,41.3896409,2.1500185,horeca
Tío Bigotes,41.3906072,2.1490076,horeca
Amics de l'Art,41.3906956,2.1491319,horeca
Carina,41.3914842,2.148775,horeca
Zen sushi take a way,41.3920741,2.1474848,horeca
365,41.3921101,2.1479033,horeca
Delice,41.392047,2.1480003,horeca
Vesta,41.402071,2.1647815,horeca
Cuina Deu,41.3843427,2.1626549,horeca
Pho Viet Authentic Restaurant,41.3843726,2.1626087,horeca
Farfalina,41.3924227,2.1475289,horeca
Caribbean Club Cocktail Bar,41.3843987,2.1696272,horeca
El mos,41.3847689,2.1688708,horeca
Jardín del Edén,41.3851502,2.1678239,horeca
Bodega Casas,41.4083681,2.1597307,horeca
L'oliva,41.3849396,2.1681076,horeca
Xurreria,41.3751905,2.1649295,horeca
Sabor Kebab,41.4248863,2.229981,horeca
Domino's,41.4264217,2.2252153,horeca
Usmania,41.4278521,2.2236522,horeca
Bar Hamburg,41.4666708,2.0808658,horeca
en aparté,41.3898967,2.1789978,horeca
Dolce Vita,41.3819553,2.1706819,horeca
Mariatchi,41.3796837,2.1780016,horeca
Bar la Clau,41.3998816,2.1537512,horeca
Mi casa,41.3993608,2.1535771,horeca
Cafè Reunió,41.3999055,2.1539069,horeca
Frankfurt Casa Vallès,41.4002462,2.1551669,horeca
no es lo mismo,41.4012994,2.15524,horeca
Baba Restaurante,41.3788222,2.1687239,horeca
El bar del CAT,41.4024389,2.1545219,horeca
Panino Silvestre,41.3990096,2.1222737,horeca
El Nou de Sarrià,41.4003668,2.1209305,horeca
Lot,41.3990258,2.1227405,horeca
la bodega,41.4009435,2.1203072,horeca
Domino's,41.4004235,2.1208634,horeca
las muns,41.3992748,2.1212303,horeca
Tomo II,41.3986741,2.1221903,horeca
Chocolat-box,41.3972956,2.1233723,horeca
Bocconi,41.3993174,2.1215008,horeca
Nomo,41.4001164,2.1212445,horeca
Formiga,41.399225,2.1211598,horeca
Bar Monterrey,41.3981279,2.1226251,horeca
Caffe San Marco,41.3979385,2.1228727,horeca
bartreze,41.400483,2.1208001,horeca
Axis,41.3461065,2.1084673,horeca
Cassola,41.3830468,2.1752199,horeca
Txapela,41.3870784,2.1683518,horeca
Bivio,41.3766733,2.1889641,horeca
Ramen Shifu,41.3880535,2.1722244,horeca
el Racó,41.3896374,2.1737316,horeca
Tastapà,41.3844536,2.1782952,horeca
Urquinaona,41.3891379,2.1739259,horeca
Star Döner Kebab,41.4112767,2.1883198,horeca
Granier,41.3796324,2.1615789,horeca
Raconet d'Urgell,41.3814568,2.1592382,horeca
A prop teu,41.3814965,2.1597782,horeca
Bo de Bernat,41.3805096,2.1605267,horeca
el Rebost de Sant Antoni,41.3800225,2.1611381,horeca
Om India,41.3807228,2.1616849,horeca
Tarea fina,41.3808809,2.1614712,horeca
Cooofebar,41.3815629,2.1596613,horeca
Estrella d'Urgell,41.3814833,2.1598806,horeca
Dongfang,41.3811563,2.1602897,horeca
BIN,41.3807853,2.160093,horeca
Los hermanos,41.3808989,2.1605892,horeca
Masclans Orígens,41.3781355,2.1620785,horeca
La Font de la Cervesa,41.3781821,2.1628403,horeca
Monpa,41.3797687,2.1621294,horeca
Antonet,41.3800583,2.1616401,horeca
Granja Zodiac,41.3801096,2.1615759,horeca
Sant Ponç,41.3808178,2.1606979,horeca
Maur,41.3797699,2.1614112,horeca
Bracafé,41.3784833,2.1620923,horeca
El Topazi,41.4692652,2.079205,horeca
Bar Bocatini,41.38729,2.1659397,horeca
Lluis de les Moles,41.387262,2.1728197,horeca
Bar La Casa de les Monges,41.4305718,2.1878239,horeca
Bocatas de sultan,41.3832705,2.1651362,horeca
Doner Kebab Amigo,41.3832391,2.165168,horeca
Bodega Josefa,41.4042765,2.1459169,horeca
Catafal,41.4059115,2.1489433,horeca
L'Osteria del Contadino,41.4044726,2.1454186,horeca
La Osa Mayor,41.4051329,2.1465991,horeca
Garma,41.4048319,2.1466998,horeca
Ciudad de Flor,41.3761277,2.1624091,horeca
Restaurant de L'Anna,41.3842721,2.1542054,horeca
Cecilia,41.3813716,2.1617229,horeca
La Guardia,41.3816546,2.1613161,horeca
El Bisaura,41.3839595,2.1299667,horeca
A'palloza,41.390267,2.1535734,horeca
Rias Baixes,41.379436,2.1595278,horeca
Bar Vidal,41.3726394,2.1674447,horeca
Enigma,41.3766923,2.154109,horeca
Chulo,41.3997084,2.1671221,horeca
La Neura,41.4002093,2.1660134,horeca
La tasca d'or,41.3995191,2.1673594,horeca
Brake & Take,41.3998788,2.1664144,horeca
Mesón Balouta,41.4384121,2.1649296,horeca
Pizzeria Roma,41.4412632,2.225814,horeca
Bar La parada,41.4413419,2.2253382,horeca
Bismillah-Kebabis,41.381436,2.1671236,horeca
Miss Sushi,41.3877025,2.1600962,horeca
Chalito,41.3881701,2.1677211,horeca
Bistro 42,41.3809085,2.1896994,horeca
Cafeteria La Placa,41.3769526,2.1666472,horeca
Integral,41.4077132,2.1682645,horeca
A Veiga,41.4077005,2.1674195,horeca
Novell,41.4070495,2.1667319,horeca
Carlo's Bar,41.4049439,2.1637801,horeca
El Deliciós,41.4074425,2.162902,horeca
Dürüm kebab Gràcia,41.4073708,2.1671835,horeca
El gust del meu café,41.4062883,2.1659649,horeca
Bar Gran Via,41.398619,2.18006,horeca
Yagüe,41.3914977,2.1753467,horeca
El Ñaño. Caminito a Guayaquil,41.3816658,2.151139,horeca
El Tianguis,41.3824385,2.1606949,horeca
Take Ya,41.4053708,2.1508787,horeca
Ya tú sabes,41.4011723,2.156299,horeca
Sants Vermut,41.3742946,2.1354804,horeca
Panchito,41.3961727,2.1431842,horeca
La Central,41.3766088,2.150306,horeca
Umami Plant Based,41.3998314,2.1606589,horeca
El Canari,41.4060248,2.1496952,horeca
Thai,41.3913041,2.1683309,horeca
Comas bcn,41.3851501,2.1297949,horeca
Lonja de Tapas,41.3831768,2.1778904,horeca
Dolcevitaly,41.3829927,2.177398,horeca
Wok to Walk,41.3832206,2.1776918,horeca
Negroni,41.3829022,2.1654809,horeca
Bar O'Ceo,41.3832428,2.1781566,horeca
Avocados,41.3822753,2.1767561,horeca
Frankfurt Sant Jaume,41.3822788,2.1769435,horeca
99% Moto Bar,41.3862869,2.1294023,horeca
Expreso les Corts,41.3853527,2.1288173,horeca
Fortuna,41.3845564,2.1293139,horeca
Colombia,41.408776,2.1862776,horeca
Caracas,41.3843267,2.1294283,horeca
15,41.408817,2.185655,horeca
Pa Ciència,41.4086066,2.1863564,horeca
Frankfurt Punt de trobada,41.4087137,2.1863848,horeca
La coctelera,41.4085368,2.1864942,horeca
vadepizza,41.4100036,2.1861079,horeca
Cervesaria Can Barça,41.38672,2.1294439,horeca
Gine-car,41.3842914,2.1305997,horeca
Caracas,41.4087306,2.1859376,horeca
100 Montaditos,41.378233,2.1703488,horeca
100 Montaditos,41.3878235,2.1676201,horeca
Antonio Rodilla,41.3983632,2.1615556,horeca
Santagustina,41.3882395,2.1805379,horeca
Farggi,41.3836573,2.1778183,horeca
Naria,41.3852078,2.1646834,horeca
Bopiz,41.3818247,2.1759276,horeca
Mi Burrito y Yo,41.3819563,2.1767011,horeca
Enkel,41.3814694,2.1767447,horeca
BRACO,41.3985248,2.1644249,horeca
Bar Los Gemelos,41.446022,2.2199764,horeca
Bar Roma Sports,41.4449369,2.2223513,horeca
Pollos a l'ast,41.4459026,2.2193223,horeca
Sushiya,41.3819608,2.1787986,horeca
Minamo,41.3938308,2.1699714,horeca
Peimong,41.3815077,2.1779584,horeca
Bar La Madrina,41.3596952,2.1398572,horeca
SandwiChez,41.4082436,2.147322,horeca
Billar ARS,41.4039412,2.1402152,horeca
Why Not,41.3975795,2.1646733,horeca
Kadushi,41.4001066,2.1728166,horeca
Kyoka III,41.3868394,2.1657084,horeca
Mucci's,41.3842553,2.1700013,horeca
El Cuiner de Damasc,41.3814196,2.1776754,horeca
Creps Clot,41.4095127,2.1843839,horeca
Fit Kitchen Barcelona,41.3930678,2.150001,horeca
Snack Bar Londres,41.3927148,2.1495532,horeca
Riad Sakura,41.4007398,2.1747958,horeca
Mr Robinson,41.3828393,2.1845117,horeca
La Guinda,41.400426,2.1738781,horeca
Restaurant i Bar Gracias,41.3888033,2.1387128,horeca
Balcony,41.4019324,2.1795042,horeca
Cervecería Frankfurt,41.3822034,2.1400692,horeca
Bar La Fusta,41.4061796,2.1860894,horeca
Restaurant Cátedra,41.3825228,2.180414,horeca
Mei Wei,41.4082003,2.1876319,horeca
AKBAR,41.4079845,2.186163,horeca
Viva la Pepa,41.452049,2.2084927,horeca
Bornet,41.3848379,2.1801731,horeca
AL Maghribia,41.4083793,2.1863119,horeca
Galicia Bar,41.4080485,2.1840719,horeca
Best Döner Kebab,41.4082024,2.1864656,horeca
Bar Jerezano,41.4472602,2.2108765,horeca
Yosma Vermuteria,41.4567221,2.2087374,horeca
El Cantó de Santa Coloma,41.4579428,2.2027027,horeca
A Cantina do Magin,41.4515177,2.2076749,horeca
The River Santako,41.4572194,2.2103897,horeca
La Rambleta,41.4507604,2.2069564,horeca
Bar Hermanos Romero,41.4465716,2.214354,horeca
Bar Cervecería Tito,41.4477477,2.2050829,horeca
Room,41.4522742,2.2104058,horeca
Melao Café,41.4521053,2.2097674,horeca
Narciso,41.384557,2.179381,horeca
Cantero,41.3942111,2.1902433,horeca
Manolo Bakes,41.3834874,2.1392727,horeca
Massamara,41.4030046,2.149124,horeca
Nostrum,41.3850208,2.1770686,horeca
Gianduia,41.3846354,2.1772195,horeca
Pizzeria de Maragall,41.4177733,2.1811294,horeca
Poblenou Roasting Company,41.3989667,2.1944456,horeca
La Taberneta de mi Abuelita,41.3933927,2.1554419,horeca
Rey de Istanbul,41.4024315,2.1748044,horeca
Sarfraz Kebabish,41.4096161,2.1886707,horeca
Xurreria Artesana,41.4091295,2.1886748,horeca
Plantaciones de Origen,41.403957,2.1517858,horeca
Takiyo Sushi,41.3851437,2.1381902,horeca
El Kesito,41.346794,2.143606,horeca
Restaurant 9Reinas,41.394027,2.1648793,horeca
Cheese's art,41.3878558,2.1621471,horeca
Cafe Carmel,41.4201843,2.1505357,horeca
Gustos Barcelona,41.3757001,2.1829952,horeca
Pita House,41.3800418,2.1745382,horeca
Raja Döner Kebab Pizzeria,41.4391627,2.1795355,horeca
La Bodegueta,41.4141036,2.1771287,horeca
Pans & Company,41.3848196,2.174313,horeca
KFC,41.4270368,2.1857716,horeca
Bar Coto Alto,41.3716973,2.1451702,horeca
365,41.392196,2.1675915,horeca
Buscaté,41.3921326,2.1676775,horeca
Cinemateca,41.3923555,2.1678143,horeca
Forn Gòtic,41.3920682,2.1677646,horeca
Kenji Sushi,41.3756662,2.1522453,horeca
Casa Rufo's,41.4006622,2.1748892,horeca
Enrique Tomas,41.3932148,2.1452447,horeca
Roger,41.3941692,2.178949,horeca
Alsur Café,41.3874185,2.1748803,horeca
Luna Sants,41.3820477,2.1398748,horeca
Santagloria,41.4069489,2.1745805,horeca
Bella Venezia,41.3965502,2.1644865,horeca
M.A.M.I.,41.399773,2.1711133,horeca
Sun Market,41.3928465,2.1569854,horeca
365,41.393419,2.1577106,horeca
365,41.3934376,2.1577299,horeca
Lagarín,41.3902602,2.1535151,horeca
El Nuevo Peñón,41.3878718,2.1417008,horeca
Cal Bonete,41.3883114,2.1404623,horeca
Vivari,41.3900823,2.1532935,horeca
Espai Brutal,41.387747,2.1451275,horeca
Bar 27,41.4059417,2.1860262,horeca
Perigord,41.3887396,2.1447023,horeca
Brunch & Munch,41.3909152,2.1475843,horeca
Roig Robí,41.3968928,2.1562774,horeca
El fornet,41.3918081,2.166454,horeca
La Tapeta del Coll,41.4179646,2.1467035,horeca
Kynoto Sushi Bar,41.3815548,2.1797645,horeca
Mirilla,41.3811354,2.1796727,horeca
Vivari,41.3973282,2.167634,horeca
En Lata 2,41.3894755,2.1380812,horeca
Ramen-ya Ajisen,41.3846342,2.1354787,horeca
Bar Duero,41.3853421,2.137435,horeca
Lago Norte,41.3853934,2.137537,horeca
Vivari,41.3916995,2.1455885,horeca
Agüelo013,41.380305,2.1792164,horeca
Bronzo,41.3950874,2.1572056,horeca
Uniko,41.3913651,2.1527295,horeca
El Papa Shaker,41.3917471,2.1509767,horeca
Mama Lina,41.391559,2.1502746,horeca
Granja Bar Los Amigos,41.3813072,2.18053,horeca
Temaki-ya,41.3813364,2.180251,horeca
Ándele,41.3915159,2.1502342,horeca
Momo Restaurant & Bar,41.3802597,2.1793458,horeca
Boggo Bar,41.3875948,2.1449382,horeca
Guspi,41.3892969,2.1472441,horeca
Línia Blanca,41.4099771,2.1756449,horeca
La Rueda,41.421606,2.1587836,horeca
Chilango's,41.3757819,2.1709132,horeca
Bingbing Café,41.3897854,2.1745197,horeca
Valor Chocolates,41.3846872,2.1768651,horeca
Perejil,41.383492,2.1632768,horeca
Restaurant Corea,41.3898262,2.1746493,horeca
Somni,41.3961102,2.1629847,horeca
Restaurant Portolés,41.3969465,2.1755448,horeca
Akelarre,41.3892275,2.1373726,horeca
Starbucks,41.3951351,2.1581903,horeca
El Taller,41.3587511,2.1404908,horeca
Quilez,41.3901179,2.1418707,horeca
Wok Barcelona,41.3812443,2.1601988,horeca
Cellare de Vino,41.3905676,2.1580295,horeca
ABSIS,41.368799,2.1534144,horeca
OVAL,41.3679213,2.1536249,horeca
Señor Burrito,41.3798463,2.1795948,horeca
Midori Ya,41.3880382,2.1511272,horeca
Rocktail,41.3878156,2.1513881,horeca
La Capricciosa,41.3877852,2.1514325,horeca
Luigi's,41.3877619,2.1514673,horeca
Scruffy Murphy's Irish Pub,41.3802114,2.1791654,horeca
Al sur,41.3941572,2.1586822,horeca
Don Sándwich,41.3820321,2.1315862,horeca
Montis,41.3674162,2.1397364,horeca
La Lluna de Gavà,41.3672801,2.1403759,horeca
Bar Cervecería El Port,41.3614271,2.139576,horeca
Bar Granja Ramón,41.3599223,2.1413839,horeca
Giorno Bar Abuela Ores,41.3586951,2.1409838,horeca
Bar A'Parrillada,41.3611116,2.1396261,horeca
La Toscana,41.3805625,2.1323335,horeca
La Sibarita de Sants,41.3725015,2.1353581,horeca
Bar Florida,41.3592896,2.1399844,horeca
Parking Pizza - Parking Pita,41.3963273,2.1741439,horeca
Hula Poke Food,41.3899133,2.1739506,horeca
El Pica Beu de Sants,41.3782793,2.1337141,horeca
La Cabaña,41.3699161,2.1341331,horeca
Yaya Maria,41.3663574,2.1348772,horeca
El racó de l'Anna,41.3866689,2.1345459,horeca
Pepburg,41.3844381,2.1308776,horeca
Bar Celta,41.3733128,2.1331906,horeca
Bar Fortuna,41.3666205,2.1346834,horeca
Goiko Grill,41.3656448,2.1357604,horeca
Bar Restaurant Touareq,41.3756955,2.173991,horeca
MyKasa,41.401928,2.1945021,horeca
Las Palomeres,41.417732,2.2116854,horeca
El Paco,41.3806296,2.1888299,horeca
Nou Placa,41.3727584,2.1439706,horeca
La Piña Bar,41.3743554,2.1673863,horeca
Bar Sisco,41.3701309,2.1329109,horeca
Compartir,41.3912028,2.1610862,horeca
Agora,41.3773237,2.1199391,horeca
Ruixian Sushi,41.376012,2.1365731,horeca
L‘OW Boqueria,41.3818444,2.170849,horeca
La Ravala,41.3805982,2.1665211,horeca
Cuatro viento,41.3781255,2.1652096,horeca
La Estrella del Norte,41.3778643,2.1648897,horeca
Bar Granja Charly,41.3773955,2.170194,horeca
Wok to Walk,41.3791772,2.1722373,horeca
L'Airet Cuina Ada Parellada,41.3760949,2.1204869,horeca
L'Esclop,41.3768262,2.1577412,horeca
Men Dokoro Sichi,41.383555,2.1313505,horeca
Hotdoks,41.3756487,2.1288471,horeca
Aliste,41.3756487,2.1289009,horeca
Compà,41.3756474,2.1289635,horeca
Aromes del Cafè,41.375648,2.1290209,horeca
Bar La Maquinista,41.3767117,2.126851,horeca
Dan,41.375651,2.1286466,horeca
Subway,41.3765864,2.1496696,horeca
Iakni,41.375427,2.1536574,horeca
Don Kilo,41.3998564,2.1639573,horeca
Taller de Pizza,41.3950011,2.1682596,horeca
Baccardi Cafe,41.3966874,2.1736776,horeca
costa sol,41.4000156,2.1637603,horeca
Bar Marina,41.3987032,2.1811514,horeca
Cafè Yafa,41.3997495,2.1643963,horeca
La Mananta,41.3994169,2.1648424,horeca
El Picoteo,41.3869353,2.1365661,horeca
Bar Mestres,41.3996021,2.1311041,horeca
La Soca 2,41.3912352,2.1594135,horeca
Creps Barcelona,41.3905618,2.1590619,horeca
Mexiterranee,41.3842095,2.1609143,horeca
Punt i Coma,41.3590868,2.1322237,horeca
Hachiko Sushi,41.3752398,2.1553387,horeca
Meluka,41.3750131,2.147097,horeca
Picarn,41.3767176,2.1901848,horeca
Indian Herbs,41.4006861,2.1646669,horeca
Casa Tejada,41.3950302,2.1421055,horeca
City Istambul,41.3754756,2.1274223,horeca
The Wok Club,41.3765491,2.1487901,horeca
Café & Tapas,41.4099029,2.1371596,horeca
Les gens que j'aime bar,41.3936947,2.1648505,horeca
Starbucks,41.3907906,2.165112,horeca
Bitte! wurst,41.3905124,2.1647124,horeca
Fernando,41.3814368,2.175474,horeca
La Ferreria,41.3973583,2.1551387,horeca
Maxi,41.3605937,2.1343451,horeca
La Dor,41.3597853,2.1355112,horeca
Praga,41.3603142,2.1377876,horeca
Giraluna,41.3744865,2.1630723,horeca
Cactus Café,41.3743906,2.1630348,horeca
Velcro,41.402817,2.1571667,horeca
National Burguer,41.378448,2.1735229,horeca
Sumo Sushi,41.4059978,2.1440945,horeca
Salad Market,41.3654552,2.1359544,horeca
Can Pizza,41.4047603,2.1735698,horeca
Granja Ye,41.4119631,2.1602046,horeca
El Bravo,41.4108184,2.1580397,horeca
Berbena,41.396421,2.1565457,horeca
Modu Korean Bowl-bibimbap,41.3965611,2.1564043,horeca
Can Bruixa,41.3836595,2.1312922,horeca
Machete,41.380127,2.1797562,horeca
Bracafè,41.3807248,2.1601987,horeca
Rincón,41.3663481,2.1380041,horeca
Damasco,41.387646,2.1760835,horeca
El Piolindo,41.3864282,2.1775144,horeca
Superclàssic,41.3818652,2.1699085,horeca
Ca La Jadi,41.3765592,2.1647104,horeca
Vigo Restaurant,41.3870354,2.1609443,horeca
Castañer,41.4168908,2.2095754,horeca
La Kedá,41.4171138,2.2069556,horeca
Bar Nino,41.4134887,2.2158669,horeca
Mirasol,41.434411,2.1926269,horeca
Tu y Yo,41.4158481,2.2112247,horeca
Taj Mahal,41.3911278,2.1982454,horeca
Cal Enríc,41.423627,2.1803482,horeca
Morelio,41.3855097,2.1830789,horeca
Casa Rafols,41.3912008,2.1792617,horeca
Ruta del Bacallà,41.3766262,2.1648204,horeca
Pothos,41.3766778,2.1648838,horeca
Frankfurt Plaça,41.3659333,2.1355498,horeca
Aqui me quedo,41.3610965,2.138647,horeca
Pinhan,41.3948908,2.1405856,horeca
Casa de los Navarros,41.4275968,2.1652378,horeca
Casa de Cuenca,41.4120138,2.1849536,horeca
pizzeria da nanni,41.3831411,2.1773673,horeca
Bar Bágoa,41.3895378,2.1604524,horeca
Cafè & Teca,41.3842153,2.1312225,horeca
Sabors,41.3656824,2.1310138,horeca
Vivari,41.3661671,2.1343024,horeca
Plazas,41.3666645,2.1322517,horeca
Sakuraya,41.3653001,2.1307952,horeca
Bar Libra,41.3627296,2.1316929,horeca
Juan,41.3796421,2.1377685,horeca
Cafè Roslin,41.3833614,2.1369057,horeca
La Pampa,41.3738624,2.1362714,horeca
Oziu,41.3745404,2.136152,horeca
Tapa Tape,41.379472,2.1378768,horeca
La Mama Acasa,41.3821691,2.1377309,horeca
McDonald's,41.3786027,2.1398942,horeca
Birras & Tapas,41.37736,2.1382013,horeca
Café & Tapas,41.3773092,2.1371863,horeca
Sol,41.3748328,2.1361214,horeca
El Petit Cafè,41.3758934,2.1364004,horeca
Tolipà,41.3744573,2.1361922,horeca
New Cream,41.3831871,2.1374134,horeca
Causa Nostra,41.3813311,2.138506,horeca
Kebab Inn,41.3766625,2.1363478,horeca
Bar El Faro,41.3628529,2.1373795,horeca
Xampu Barselona,41.3936837,2.1744054,horeca
Hi Fi,41.3586666,2.1409316,horeca
Entre Copas,41.3621672,2.0761548,horeca
Frankfurt 76,41.363521,2.0765343,horeca
VIVO Tapes - Restaurant,41.3952126,2.1596579,horeca
Cal Campà,41.3573816,2.1416503,horeca
Martinico,41.359931,2.1433589,horeca
Rabbar,41.3865007,2.132272,horeca
Pebre Negre,41.3870469,2.1305737,horeca
Café & Tē,41.3871883,2.1293838,horeca
Guajiro,41.3869768,2.1298584,horeca
Brooklyn,41.3870998,2.1308261,horeca
Viridi,41.3869631,2.1306438,horeca
Kids&Kafé,41.3860156,2.1373458,horeca
Vera Café,41.3883674,2.1779512,horeca
Bar Cuenca,41.4381219,2.2220559,horeca
Bar Victor,41.4381701,2.2222397,horeca
Oh Ramen,41.3823706,2.1396,horeca
Líder de Istanbul,41.3752687,2.1338088,horeca
Granja Christian,41.4537149,2.2040137,horeca
El Quijote de Santa Coloma,41.4548297,2.2058907,horeca
Bar La Roca,41.4544832,2.2053763,horeca
Bar Camelia,41.387851,2.1363901,horeca
Gyoza Bar,41.3931059,2.1798949,horeca
Palacio Mandarín,41.3633368,2.1359016,horeca
Hüle,41.3978466,2.1591558,horeca
Xavi petit,41.3976471,2.1588454,horeca
La Porxada,41.4030026,2.1637245,horeca
Bona miga,41.3998004,2.1598255,horeca
Old fashioned,41.3980006,2.1597579,horeca
Dolça Estona,41.383115,2.1299037,horeca
Bar Galicia,41.3836628,2.1373539,horeca
Jijonenca,41.375873,2.1363577,horeca
Tento,41.3838359,2.1375733,horeca
Casa Luis,41.3835367,2.1371163,horeca
Concordia,41.3864201,2.1321758,horeca
Frankfurt Jaguar,41.3853128,2.1316691,horeca
Mamma Lucia,41.38067,2.1336363,horeca
Chifa Peruano,41.3780282,2.1348935,horeca
Arturo,41.3733474,2.1362062,horeca
Bodega Nadal,41.3692883,2.1334225,horeca
Domino's,41.3624788,2.1370246,horeca
L'Anxoveta de Sants,41.3776496,2.1350885,horeca
Street Fish,41.3872178,2.1369122,horeca
Bar Ski,41.4373537,2.2203441,horeca
Cal Pep,41.3961542,2.1489229,horeca
Selvatica,41.3988175,2.1460056,horeca
Yi Duó,41.3988237,2.1465064,horeca
Daisy,41.3997066,2.1442421,horeca
Fandango,41.3982346,2.1423415,horeca
Café & Tapas,41.388993,2.1334401,horeca
Muth,41.4680845,2.0805163,horeca
Izakaya,41.4679494,2.0810476,horeca
La Napoletana,41.4681418,2.0810742,horeca
Rocavert,41.4680371,2.0810671,horeca
Da Jiang Jing,41.4685941,2.0819744,horeca
Vallespan,41.4392718,2.2218578,horeca
Hetta,41.3942635,2.1485281,horeca
Restaurant El Cafetí,41.3794572,2.1697997,horeca
BURGERBAR,41.385028,2.1663563,horeca
Phi,41.378027,2.1378604,horeca
Catalunya Pita House,41.3651315,2.1380803,horeca
La Gata Bar,41.3786115,2.1377591,horeca
La Xicra,41.3808313,2.1372895,horeca
Frankfurt 6+1,41.3755617,2.1367381,horeca
KFC,41.3754554,2.1389129,horeca
Gelateria Badal,41.3688982,2.1332876,horeca
Granja La Pruna,41.3697928,2.1331933,horeca
Centfocs,41.3869306,2.1659761,horeca
Bonico,41.3754203,2.1406939,horeca
El Taller,41.3841013,2.1303841,horeca
Treffen,41.3691514,2.1417848,horeca
Bar Las Palmeras,41.4413555,2.2257561,horeca
Asador Vic Braseria,41.3971356,2.1795276,horeca
El Manaba,41.4005369,2.1689848,horeca
Granja l'Avenir,41.3957866,2.1466381,horeca
The Blue Orange,41.3993153,2.1513456,horeca
Delhi Darbar,41.3961094,2.1479351,horeca
Ta Tung,41.3974185,2.1483276,horeca
L'espiga d'or,41.3993351,2.1515692,horeca
Marià Cubí,41.3993787,2.1514493,horeca
Ordesa,41.381777,2.158673,horeca
El rei del frankfurt,41.4046563,2.1653651,horeca
Casajuana,41.404316,2.1649304,horeca
Magalhães,41.3725094,2.161317,horeca
El Mall,41.3726452,2.1545659,horeca
Baja California,41.3731045,2.1552488,horeca
La Croquetería,41.3720921,2.162378,horeca
365,41.3683494,2.1407472,horeca
The Good Burger,41.3756018,2.183174,horeca
El Convent,41.3809882,2.171476,horeca
Bar restaurant Magalhaes,41.372513,2.1613067,horeca
Petit suc,41.3966987,2.1666793,horeca
Dawn,41.3722984,2.144987,horeca
Mati,41.3529169,2.1100591,horeca
Triskel,41.3657613,2.1363207,horeca
Kebab / Curry,41.3910481,2.1256174,horeca
Bilbao,41.4021274,2.2053325,horeca
Bilbao34,41.4026728,2.2041328,horeca
Yü Sushi,41.4032734,2.2032208,horeca
Can Culleres,41.4036679,2.2021718,horeca
Sanaa,41.4024969,2.2047196,horeca
Panepizza,41.4041071,2.2020953,horeca
Susurro,41.4039113,2.201701,horeca
L'Estoneta,41.3991988,2.1885302,horeca
Casa María,41.4001402,2.1897924,horeca
Tánger,41.4003823,2.1901179,horeca
Suzanne,41.4053616,2.2003294,horeca
Vivari,41.4047113,2.201252,horeca
Molika,41.4051228,2.2006251,horeca
Belén,41.4002571,2.2068078,horeca
Tequila,41.4007139,2.2061869,horeca
Cal Cisteller,41.400914,2.2058924,horeca
La Xemeneia,41.4016359,2.2048002,horeca
Cal Tony,41.4008137,2.2047522,horeca
101 Dimsum,41.402179,2.2039432,horeca
Ali Baba döner Kebab,41.4022005,2.204014,horeca
Curro,41.4045048,2.2010302,horeca
Xiscarexantar,41.3962666,2.1921849,horeca
Catalunya,41.4000317,2.1956346,horeca
Alma Loca,41.3992845,2.1970974,horeca
Monsieur Bosc,41.4048149,2.1995456,horeca
Bella Sushi,41.3794057,2.1556603,horeca
LOS CAZADORES,41.3500695,2.0745021,horeca
Garbi,41.379576,2.1556362,horeca
Gelat & Te,41.389766,2.1841634,horeca
Eatmosfera,41.3918983,2.1879248,horeca
Marina 65,41.391752,2.1903336,horeca
Luca,41.3841336,2.1749482,horeca
Flori's,41.3747943,2.1554351,horeca
La Gelateria di Francesco,41.3759624,2.1600648,horeca
Celler de l'Abi,41.369447,2.1423011,horeca
Os'Ancares,41.3685426,2.1410104,horeca
Sol de Istanbul,41.3748088,2.1572129,horeca
Nawab,41.3635869,2.1391966,horeca
Bar Iber Via,41.3690112,2.1416015,horeca
Pizzeria paral·lel,41.3747831,2.156241,horeca
KFC,41.3752906,2.1508703,horeca
Mr. White,41.3761815,2.1601126,horeca
Wali,41.3840821,2.1746821,horeca
Los Mundiales,41.3706645,2.1438154,horeca
Frankfurt ok,41.3968336,2.1405886,horeca
Masti,41.3981488,2.1481208,horeca
La Placeta,41.39799,2.1480073,horeca
La Patatona,41.3605292,2.1401659,horeca
Granja Bar Simon,41.412171,2.2163886,horeca
Marin,41.4370159,2.1913807,horeca
ALEX,41.3891439,2.1498175,horeca
Bocarius,41.3894374,2.1491902,horeca
La Crêpe,41.3751944,2.1591121,horeca
Eva-2,41.4016002,2.1889242,horeca
Ricordi d'infanzia,41.3852392,2.1604445,horeca
Takkosu,41.3863412,2.1614708,horeca
Nook bcn,41.3853284,2.160525,horeca
Bodega La Capitana,41.3860553,2.1611036,horeca
Charrito,41.3884179,2.164175,horeca
Wild beef,41.3860841,2.1615281,horeca
Forn de pa Rambla 31,41.3893209,2.1653841,horeca
Elpilar,41.4000903,2.1489875,horeca
Entrecote,41.3938927,2.165892,horeca
el chigre 1769,41.3837757,2.1816336,horeca
la vinoteca terassa,41.3938207,2.1633655,horeca
La Lia hamburgueseria,41.3779604,2.1637978,horeca
Gloria bean's coffee,41.4077053,2.1921041,horeca
Vesuvius,41.3785918,2.1522065,horeca
O' Canto,41.3790567,2.1516713,horeca
365,41.3783651,2.163252,horeca
Bar Chaplin,41.4068259,2.1909323,horeca
Carlu,41.4066509,2.1907209,horeca
Senyor Frankfurt,41.4056827,2.1894676,horeca
Cobab,41.3785224,2.1522613,horeca
Galicia,41.3779733,2.152458,horeca
El Taller,41.3747668,2.1655609,horeca
Espelta,41.4088239,2.1506417,horeca
Bart - ful,41.4067093,2.1505965,horeca
Ros Cafe Bar,41.3700743,2.1376865,horeca
Enrique Tomas,41.3856624,2.1662072,horeca
Paioli,41.4050327,2.1499292,horeca
Bar Mila,41.4045216,2.1501616,horeca
Pizzeria Napolitana,41.4037517,2.1498725,horeca
Store Café / El Arte,41.4087389,2.1523731,horeca
Mylka,41.4087957,2.1525398,horeca
Burger King,41.4061595,2.1502247,horeca
Rosa Pinky,41.4093648,2.1519681,horeca
El Camino,41.4426797,2.2120047,horeca
El Camino,41.4426731,2.2119976,horeca
Bar Sant Josep,41.4016208,2.1496917,horeca
Inèdit - menjar per emportar,41.4066359,2.1510846,horeca
Welcome,41.4065151,2.1509474,horeca
Bar Blau,41.4056878,2.1498466,horeca
Av. Corrientes,41.3783823,2.1238783,horeca
café bar juli-mac,41.3782625,2.1239845,horeca
Snow Monster | Barcelona,41.3790457,2.1493725,horeca
balafría coffee bar,41.4042848,2.1456163,horeca
Cal Trapella,41.3990981,2.1592694,horeca
Manduka,41.4033633,2.1477481,horeca
Bar Granja Paula,41.4459121,2.2101402,horeca
Bar La oficina,41.4471534,2.2068086,horeca
Vivari,41.3565897,2.1276424,horeca
El pulgarcito,41.4100463,2.1752813,horeca
Shiraz,41.3818773,2.1524041,horeca
Thali,41.3825074,2.1515223,horeca
Granja Frankfurt Guadalquivir,41.4551088,2.2084781,horeca
Casa Guinart,41.3823881,2.1717924,horeca
Café Entrepans,41.4289931,2.1843214,horeca
Orval,41.3926249,2.1857745,horeca
Planelles Donat,41.3843839,2.1740634,horeca
Bar Restaurante Puente Genil,41.3575856,2.1116379,horeca
Kahala,41.3906118,2.1380947,horeca
Celler de la ribera,41.3838806,2.1831753,horeca
La ceba,41.4033002,2.1570778,horeca
La prorroga,41.4032976,2.1567512,horeca
Casa do Açai,41.3824275,2.1470586,horeca
Encercle,41.3988802,2.1626395,horeca
La Quesadilla,41.4064483,2.1695104,horeca
Estruch,41.3846638,2.1754046,horeca
Catedral 1951,41.3849142,2.1757337,horeca
Ciutat Nova,41.364904,2.1292861,horeca
Pappa e Pizza,41.3659258,2.1292374,horeca
Shengyu Hua,41.3651519,2.129337,horeca
Nissaga,41.3655681,2.1290005,horeca
Bobby's Free,41.3898929,2.1706612,horeca
Frankfurt Guineueta,41.4396574,2.1691055,horeca
San Pedrito,41.3866999,2.1838431,horeca
"La Maroteca, Restaurant de Peix Salvatge",41.3875857,2.1602716,horeca
Tamara Restaurant,41.3921368,2.1524351,horeca
Five Guys,41.3859846,2.169355,horeca
Andalucia,41.4030337,2.2073849,horeca
el Fornet,41.3926006,2.1658182,horeca
Bar Los Montes,41.4523149,2.2042206,horeca
El Nou Glofar,41.4505774,2.2067204,horeca
El Gran Vienass,41.4499288,2.2140593,horeca
Mr. Kao,41.3944472,2.1654339,horeca
Pittier,41.4059832,2.1792596,horeca
Chut,41.4064819,2.1791966,horeca
Olimpo,41.4066414,2.1800529,horeca
Jin Ou,41.4066218,2.180593,horeca
El Jardí,41.4063228,2.180532,horeca
3 arcs,41.405788,2.1812074,horeca
Bar Esteban,41.4051464,2.1803639,horeca
El Cafete,41.4056447,2.1796519,horeca
La Fusteria,41.4066439,2.1799089,horeca
Dim Sum Cantonés,41.4064285,2.1803927,horeca
Bar Linna,41.4062103,2.1806564,horeca
Bar Levante,41.4043932,2.1792251,horeca
Bar Chen,41.4041238,2.1782774,horeca
Bar Anton,41.4031882,2.1770536,horeca
Xamfrà Gaudí,41.4030179,2.1767439,horeca
Picca-dilly Alta Taverna,41.4028533,2.1763412,horeca
Hūla poke food,41.4026721,2.1763664,horeca
Xi Kou,41.4012624,2.1749233,horeca
el Taller de Supan,41.4033361,2.1772147,horeca
La brasa roja,41.4024496,2.1760548,horeca
"Cheese, wine & wifi! (Hotel Od)",41.39389,2.1676231,horeca
Brasaña,41.3605721,2.1345777,horeca
Praga,41.3592113,2.1359485,horeca
La Light,41.4030669,2.1803588,horeca
Taverna Chrison,41.3997955,2.1753577,horeca
Bonica Bruncherie,41.3981268,2.1731664,horeca
Chao Yue Chinese Restaurant,41.3969074,2.1714739,horeca
Kitsu,41.4017918,2.1543486,horeca
Amanecer,41.407236,2.1820537,horeca
Leo's,41.402742,2.1794021,horeca
La cantonada d'Aragò,41.4022328,2.177848,horeca
Vulcano,41.3993413,2.173926,horeca
Kuk Comidas,41.3985115,2.1727895,horeca
Picón,41.3981197,2.1732947,horeca
Santagloria,41.3948373,2.1681172,horeca
Kiltro,41.4018337,2.1544437,horeca
Can Tansi,41.4035327,2.1803575,horeca
Marina,41.4020637,2.1774223,horeca
Quim Cafè!,41.398686,2.1732235,horeca
La Cueva del Ángel,41.397194,2.1720269,horeca
Bar la Perla,41.3947202,2.1685967,horeca
Ringo Cat,41.3869441,2.1365129,horeca
Ramen Kitchen Takumi Barcelona,41.3896233,2.1619824,horeca
Angle,41.3882709,2.1600011,horeca
l'Obrador,41.4053273,2.1780999,horeca
Tai Wan,41.39311,2.1658536,horeca
el Fornet,41.3928821,2.1661344,horeca
TGB The Good Burger,41.3906198,2.1625456,horeca
La Taska,41.3902414,2.1620523,horeca
Francesco Cafè,41.3896219,2.1618293,horeca
inti & chaska,41.3886755,2.1599487,horeca
Comet Express,41.4046419,2.1831681,horeca
Kiosk Naturam,41.4032425,2.1847648,horeca
Bar Wally,41.4062943,2.1894749,horeca
La Cuina de Clot,41.4065479,2.1890035,horeca
Bei & Nannini Lucca,41.3906827,2.1632206,horeca
Porti,41.3776841,2.1359462,horeca
Tequila,41.4063373,2.1835622,horeca
El Patio de mi Casa,41.4068633,2.1889242,horeca
Montseny,41.4070642,2.1804416,horeca
De casa Raquel,41.4064366,2.1853673,horeca
Quatre14,41.4075309,2.1806373,horeca
Londres,41.4082924,2.182003,horeca
Wami Ramen,41.4072099,2.1845665,horeca
Las Glorias,41.4065854,2.1847311,horeca
Luna,41.4063297,2.1858033,horeca
Bar Matinada,41.4080716,2.1817195,horeca
Mendieta (pastisseria artesanal),41.4084281,2.1817953,horeca
Manà,41.4080829,2.1831908,horeca
Bar el Cuco,41.4063014,2.1855732,horeca
bao'''s,41.4073538,2.1841387,horeca
Damasquina,41.4068873,2.1842149,horeca
Miguelón,41.4067055,2.1840316,horeca
Bar David,41.4065386,2.1847988,horeca
El Petit,41.3298893,2.0988681,horeca
Balzac,41.4006336,2.1674579,horeca
O'Vall d'Ouro,41.4089101,2.1847058,horeca
Pans & Coffee,41.4042685,2.1792742,horeca
Frankfurt Rafa,41.4106847,2.1809559,horeca
Goiko Grill,41.4100684,2.1800462,horeca
Bar Padilla,41.4037977,2.1794957,horeca
La Cava Cakery,41.3997398,2.1686348,horeca
El Petit Racò,41.4106329,2.1798706,horeca
La Brazukyta,41.4105276,2.1800837,horeca
Flames del Drac,41.4075958,2.1879902,horeca
Rasa,41.4030285,2.1642443,horeca
Pastisseria Cusachs,41.4027482,2.162695,horeca
Taj India,41.4026272,2.1628399,horeca
Chicks Bürger Bar,41.380705,2.1730509,horeca
New Grill Beef Halal,41.4097912,2.1862607,horeca
Forn el 7,41.4086606,2.1861882,horeca
Bar Ñam Ñam!,41.4094942,2.1859626,horeca
Hot Dog València Frankfurt,41.4099314,2.1865245,horeca
Diegos,41.4091206,2.1865565,horeca
Un Dos Tres,41.4138697,2.1907751,horeca
Cinc Rius,41.3789898,2.1644705,horeca
Amal,41.3790115,2.1645896,horeca
Pipa's Bar,41.4054282,2.1844464,horeca
1978,41.4074032,2.1855966,horeca
Àguila Sushi,41.409225,2.1865636,horeca
La Iglesia,41.3788574,2.1639024,horeca
Plaça Pedró,41.3796409,2.1659927,horeca
Muy Buenas,41.3809585,2.1681063,horeca
El Taller,41.408564,2.1884752,horeca
Pak Pita Kebab,41.379094,2.1643161,horeca
Pa'l Caldero,41.3893468,2.1473703,horeca
Lanocciola,41.3669154,2.0559535,horeca
Som com som,41.4049851,2.1777371,horeca
Ternerito,41.4051576,2.1774597,horeca
Wok Show,41.4034474,2.176057,horeca
Coffe time,41.4033171,2.1762052,horeca
Baviera,41.402977,2.1762047,horeca
Trabucaire,41.4033633,2.1756765,horeca
O'Grove,41.4028073,2.1747643,horeca
Jamón y Vino,41.4024106,2.1748298,horeca
Wok Street,41.4023408,2.1741498,horeca
Vahö,41.4020783,2.1737965,horeca
Condal,41.4025726,2.1746312,horeca
ole mallorca,41.4045351,2.1770546,horeca
Molles,41.4031796,2.1763696,horeca
Katane',41.4015393,2.1726159,horeca
Portanova,41.4032873,2.1762382,horeca
Shang Tung,41.4018628,2.1734928,horeca
Seven Days,41.4017069,2.1728171,horeca
plata Bistró,41.3765547,2.1532312,horeca
Tapas & Bar Chiki,41.4006356,2.1718126,horeca
Bristol Gastrobar,41.4000874,2.1712214,horeca
SandwiChez,41.4050753,2.1611977,horeca
Bar Andris,41.4054631,2.1800714,horeca
Forn de pa Imperio,41.4004371,2.1715351,horeca
Puerta de Europa,41.3841781,2.1636233,horeca
Casa Farruco,41.3739983,2.1455527,horeca
Royal Nepal,41.4020203,2.1703277,horeca
Casa Paco,41.405477,2.1767851,horeca
A mà,41.4074904,2.1772706,horeca
Luichi's,41.4077931,2.176918,horeca
Mora,41.4077868,2.176264,horeca
Lliso Lis,41.4067448,2.1754677,horeca
Bar la Cabaña,41.4071784,2.1778546,horeca
Casa Díaz,41.407295,2.1770918,horeca
Bracafè,41.4072268,2.1755741,horeca
La Granota,41.4060053,2.1770051,horeca
Com a Casa,41.406627,2.1757859,horeca
La Chula,41.4074998,2.1759438,horeca
Ca la Lala,41.4066578,2.1753063,horeca
SÃO,41.4064271,2.1760468,horeca
Pantry brunch & coffee,41.4056405,2.1762188,horeca
Sagrada Familia,41.4028984,2.1719936,horeca
Bar Breixán,41.4041738,2.1738733,horeca
Five Guys,41.4039506,2.1735434,horeca
Casa Àngela,41.4033954,2.1727513,horeca
Bar la Solana,41.4017243,2.1705585,horeca
pannus,41.4041287,2.173808,horeca
Farggi,41.4041081,2.1737816,horeca
Popolo nuovo,41.4004111,2.2012133,horeca
O'Castiñeiro,41.3762027,2.1239903,horeca
Vivari,41.3758212,2.1250595,horeca
Tempura & Tapas,41.3594905,2.1336522,horeca
Bota Bar,41.3736595,2.1643256,horeca
La triunfal,41.3918366,2.1800486,horeca
Garrido,41.3603039,2.1401381,horeca
Cafeteria Exquisita,41.4038121,2.1794789,horeca
O' Loureiro,41.3751996,2.1242338,horeca
O'Vall D'ouro 11,41.3754546,2.1261286,horeca
Rostisseria Rafael,41.4109902,2.1647005,horeca
OTTO Specialty Coffee,41.4115517,2.1643595,horeca
Vermuteria Lorenz,41.4112298,2.1643267,horeca
Orvey,41.3840313,2.1825621,horeca
Fu zhou,41.3867638,2.1306864,horeca
La Botiga,41.3884348,2.1303144,horeca
Oops,41.4061164,2.1197486,horeca
Pans & Company,41.3889151,2.1336334,horeca
Cafe Punto 10,41.3805947,2.1364501,horeca
The Coffee,41.3846251,2.1307321,horeca
Ciurana,41.3845139,2.1334936,horeca
Meltdown,41.3772791,2.1363182,horeca
Milfulles,41.399596,2.1688499,horeca
Pure Cuisine,41.3857655,2.1682175,horeca
Cocoroco,41.3877394,2.1577876,horeca
Quilombo,41.3925068,2.153664,horeca
Crosmas,41.3899219,2.1534735,horeca
xurreria,41.4085013,2.1873157,horeca
Anduriña,41.3827431,2.1759968,horeca
Empanadas and co.,41.4085272,2.1841327,horeca
Restaurant Segons Mercat Barceloneta,41.3821946,2.1886984,horeca
Bar restaurant breton,41.4004097,2.1801687,horeca
El racó de l'agüir,41.3766297,2.1580841,horeca
Bar la Granja,41.3821661,2.1355426,horeca
Al Carbón,41.3827383,2.1357492,horeca
El Vell Lloc,41.3810083,2.1369177,horeca
"Solbar ""Tapa & Tapa""",41.3696591,2.1354714,horeca
The Good Burger,41.3823284,2.1359558,horeca
Cintat Istanbul Döner,41.3834715,2.1306963,horeca
Delirium,41.406412,2.1782547,horeca
Bar Breton,41.400378,2.1801575,horeca
Pizza Di Como,41.4003781,2.180023,horeca
casa maria y rufo,41.385866,2.1781292,horeca
Luzi,41.3985694,2.1622287,horeca
Itnig Coffee,41.3965047,2.1941864,horeca
Home Made,41.3772558,2.1903002,horeca
SNOOKER - Cocteles y Billarea,41.3921561,2.1703663,horeca
Tempus Fugit,41.4466007,2.2150611,horeca
Consell81,41.3793899,2.149945,horeca
Chebú,41.3791162,2.1515085,horeca
Bollywood,41.3767505,2.1721944,horeca
Bosforo,41.3756878,2.1708412,horeca
Triple Sec,41.3747448,2.1609868,horeca
La Rubia Tarada 2,41.3776493,2.1726767,horeca
Mako,41.3868181,2.1598447,horeca
Plaza,41.3745883,2.1678593,horeca
La Taverna de L'Eixample,41.3930562,2.1737301,horeca
la burnessa,41.3805215,2.1781997,horeca
Bar Bodega Lentejil,41.4429922,2.2175094,horeca
Bar Las Pakas,41.44228,2.2155426,horeca
Cafè Caracas,41.3653077,2.1268998,horeca
Smyrna,41.3816987,2.1869884,horeca
Kapadokya,41.3816228,2.1870013,horeca
Cafès Caracas,41.4297867,2.1595403,horeca
Gelida,41.3829168,2.1569548,horeca
Estel de Gràcia,41.399022,2.1591753,horeca
cafe-euro,41.3897424,2.1843573,horeca
almogavares 2,41.3936528,2.1925191,horeca
bar Celia pulperia,41.3799725,2.1801437,horeca
la maison,41.3813764,2.1796144,horeca
carme,41.3946338,2.1938209,horeca
taco alto,41.3869265,2.166653,horeca
El triangle de les corts,41.384704,2.1358825,horeca
El principal de l'Eixample,41.3942187,2.1610038,horeca
Macito's,41.424561,2.1565722,horeca
Poke Sí,41.389972,2.1622565,horeca
el Racó Outdoor Seating,41.3891,2.16613,horeca
Gelateria de Gallo,41.3952,2.16421,horeca
Silván,41.394099,2.1655798,horeca
Contempo,41.3864,2.16817,horeca
Ascent,41.3847,2.17466,horeca
Piper's Tavern,41.3922,2.14697,horeca
Sushi Shop,41.3929,2.14335,horeca
El Manaba,41.4007,2.16926,horeca
Hoy Sushi,41.4002,2.16905,horeca
L’Eticina,41.3951,2.16688,horeca
Mi tienda,41.401,2.17236,horeca
Paloma Blanca - Arabe Halal,41.3796044,2.1671547,horeca
Gioelia Creameria Italiana,41.3933,2.1607,horeca
MasQMenos,41.3932,2.16042,horeca
La Pala Pizza Bar,41.375185,2.1616466,horeca
Don Ramon Taqueria,41.3800739,2.179725,horeca
Restaurant Catalunya i Aragó,41.3217062,2.1009764,horeca
Agusto blai 12,41.3732127,2.1655963,horeca
Comolocomo,41.373898,2.1464376,horeca
El Club del Café,41.4340729,2.1892624,horeca
La Madurada,41.4352988,2.1895886,horeca
Couleur Café,41.387805,2.1781701,horeca
Les Dues,41.389247,2.1803239,horeca
Tot 1€ Bar,41.3865978,2.1615372,horeca
Vivari,41.3757636,2.1505859,horeca
Gelateria da Gallo,41.3950014,2.1637681,horeca
Restaurante Informal,41.3802194,2.1807356,horeca
Bar Can Pere Tapes,41.4260225,2.1798055,horeca
Secrets,41.3954515,2.1633371,horeca
Tierra,41.388465,2.1544287,horeca
Vivari,41.3998419,2.1775677,horeca
katane,41.4014049,2.1723871,horeca
CuÏlla al Punt,41.4598845,2.1806671,horeca
Juice Dudes,41.391908,2.1865038,horeca
Restaurante Azúl,41.3828136,2.1459667,horeca
Jugoria,41.3833992,2.1458987,horeca
El Rey De Istanbul,41.3945298,2.1815887,horeca
El Gran Gourmet,41.3740968,2.1182303,horeca
Llaollao,41.3861462,2.1647954,horeca
Inka 2,41.4073459,2.1841521,horeca
bao'''s,41.4073116,2.184202,horeca
1978,41.4074101,2.1856022,horeca
Casa Julio,41.403126,2.1807902,horeca
La Light,41.4030687,2.180403,horeca
Abadia de Palma 1,41.4023432,2.1797782,horeca
El Tropic Corner,41.4013343,2.1797243,horeca
Hostalets,41.402452,2.1799254,horeca
Pannia,41.3672418,2.1279139,horeca
Bar Cucina Italiana,41.3926032,2.1877888,horeca
Midori,41.3986817,2.1691988,horeca
Temple Bar Irish Pub,41.3804686,2.1744864,horeca
Fleca & Cafe,41.3892798,2.1635028,horeca
Juice Dudes,41.3963517,2.1638347,horeca
Els Colors de l'Eva,41.4211157,2.155055,horeca
Van van var,41.3942304,2.1901096,horeca
Cafés Roure,41.3774618,2.1626599,horeca
Tío Papelón,41.4027537,2.1716747,horeca
The City Tavern,41.396953,2.1554484,horeca
Sotos Bar,41.3970764,2.1556429,horeca
Euro,41.3898014,2.1842008,horeca
Ordesa,41.3817819,2.1586121,horeca
Atabalats Gastro Bar,41.4088138,2.1605838,horeca
La Barreta del Barri,41.4100791,2.1640306,horeca
El Racó,41.4112467,2.1677947,horeca
Cafès Caracas,41.4116365,2.1712857,horeca
Sagas,41.3833296,2.18343,horeca
azul frida,41.3826659,2.1692402,horeca
La Beguda,41.4108462,2.1702102,horeca
Els Amics,41.4107891,2.1724042,horeca
SISTERS,41.4108009,2.1730164,horeca
Vivari,41.3998161,2.1776394,horeca
Shandong,41.3986476,2.1759848,horeca
La Bar,41.3981606,2.1753651,horeca
Dit i Fet,41.397477,2.1739846,horeca
El Mos,41.4103255,2.1645118,horeca
Frankfurt's,41.4120351,2.1708221,horeca
Cal David,41.4105503,2.1667961,horeca
Bracafé,41.4104787,2.1711478,horeca
Bodega Vives,41.4121005,2.1707325,horeca
El Remanso,41.4099919,2.1739725,horeca
Els tres sols,41.3989935,2.1766623,horeca
Frankfurt 2006,41.3981429,2.1753584,horeca
l'Obrador,41.3974784,2.174615,horeca
Coffee & Pizza,41.4122875,2.1704784,horeca
Casa Muyo,41.397634,2.1746508,horeca
Colala,41.396925,2.1737419,horeca
Chicster,41.3967343,2.1736222,horeca
Consejo de Ciento,41.4034289,2.1819079,horeca
La Terrasse,41.4124236,2.1699401,horeca
La Vespa,41.398971,2.1764175,horeca
Café Padilla,41.411899,2.1689043,horeca
Punt de trobada,41.4121367,2.1695026,horeca
Ginés,41.4114131,2.1716679,horeca
Domino Bar,41.3759378,2.1677291,horeca
Bravoh!,41.4101965,2.1736874,horeca
La Marquesa,41.4085658,2.1758642,horeca
El Sol,41.4075645,2.1766928,horeca
Pans & Company,41.4091656,2.1746108,horeca
Mora,41.4077418,2.1762869,horeca
La Cabaña,41.4071835,2.1778737,horeca
Fornols,41.4091679,2.1643762,horeca
Babylon,41.4108673,2.1685515,horeca
Frankfurt salsitxeria Merlot,41.4084129,2.1716452,horeca
El Petit de Casajuana,41.4072946,2.1732427,horeca
Sorio,41.4076028,2.172099,horeca
Vivari,41.3712537,2.1434594,horeca
Esber 2,41.3709816,2.143269,horeca
Bar Joaquim,41.3704145,2.1424922,horeca
Vivari,41.3686165,2.1410874,horeca
Bar Juanito,41.3699674,2.1428379,horeca
kebo,41.369867,2.1427242,horeca
Rustiseria Rubén,41.4509147,2.2191102,horeca
El Chamo,41.4485064,2.2147124,horeca
Euro Doner Kebab,41.4501164,2.2050543,horeca
Pîzzeria la Vila,41.4460169,2.2066728,horeca
Cafe Bar Olite,41.4217932,2.1802187,horeca
L'art de la pinsa,41.4216685,2.1789562,horeca
La croquetona,41.3770229,2.133541,horeca
Santagloria,41.3896086,2.1200086,horeca
Santa Clara,41.3894347,2.12156,horeca
La Freiduría,41.4234494,2.1803455,horeca
Copasetic Barcelona,41.3802396,2.1533366,horeca
365,41.3603266,2.1020238,horeca
Fornet de la Plaça,41.359598,2.1004622,horeca
Pita Kebab,41.3600655,2.1022406,horeca
Rico Kebab 2,41.3597172,2.1014306,horeca
Brina,41.3596739,2.1011526,horeca
Bracafé,41.4109006,2.1877859,horeca
La cuina de la Carme,41.4116009,2.1855444,horeca
L'Art BRASIL Restaurant Cafès & Tapes,41.4186968,2.1742404,horeca
Bar Bodega,41.418776,2.1848506,horeca
Rostisseria Gómez,41.407577,2.1937196,horeca
Casp,41.3902517,2.1721128,horeca
365,41.3895318,2.1715183,horeca
Jijonenca,41.4068774,2.1746014,horeca
Santagloria,41.4006382,2.169525,horeca
Doncurado,41.4041586,2.1968775,horeca
Chalito Poblenou,41.4038732,2.1971787,horeca
Giuletta,41.4026167,2.1989022,horeca
Alta Galicia,41.402507,2.1991803,horeca
Menjador del Centre,41.4009756,2.2000272,horeca
La Taqueria,41.4008481,2.1998121,horeca
Xoubas,41.4033088,2.1964188,horeca
El Petit Daniel,41.4046908,2.194394,horeca
Kaapeh,41.4037638,2.1974487,horeca
Pyramid,41.4073907,2.1934984,horeca
Mechita Sour,41.4075001,2.1936287,horeca
la Tanda,41.4037568,2.1986742,horeca
Cantoni del Poble9,41.4019268,2.2003212,horeca
Baya,41.4016612,2.2008823,horeca
100 Montaditos,41.4012919,2.2011431,horeca
La Bienal,41.4013257,2.2011044,horeca
Passeig9,41.4014488,2.2009478,horeca
Cerveseria del Roser,41.3973555,2.1856288,horeca
las 4Estaciones,41.3957533,2.1819773,horeca
La Cantonada,41.3959588,2.1820429,horeca
Can Borrell,41.4584723,2.112338,horeca
the bakers,41.3506271,2.1126527,horeca
Brunells,41.3853411,2.1806068,horeca
La Tavernicola,41.4003896,2.1978586,horeca
Quatre,41.4173437,2.1822871,horeca
Granja Luna,41.3500015,2.110008,horeca
Bar Estrella Fugaz,41.3499771,2.1098955,horeca
Moriondo Café,41.3930446,2.16847,horeca
Bar Plaça Carles Buïgas,41.3711833,2.1510204,horeca
Almirall,41.4100171,2.1883052,horeca
Gastronomik,41.3824759,2.0627254,horeca
Bar Capricho,41.4376401,2.2217642,horeca
Telepizza,41.4358191,2.2203221,horeca
Bar Granja Rocxi,41.3744206,2.1339573,horeca
La Gabriella,41.3749502,2.1329231,horeca
Nuestro Bar,41.3775979,2.1300602,horeca
La Fonda de l'Escuder,41.3774262,2.1259623,horeca
Gourmet,41.3768707,2.1265229,horeca
Yoüme,41.3767048,2.125002,horeca
Estambul Kebab,41.3769439,2.1251838,horeca
Cafè Gabo bar,41.3758558,2.1265768,horeca
King Donner Kebab Pizzeria,41.3759093,2.1265018,horeca
El chivito de Sants 1,41.3743829,2.1305463,horeca
El chivito de Sants 2,41.3750167,2.130961,horeca
SandwiChez,41.375768,2.123377,horeca
Navia,41.3846818,2.1847449,horeca
El Raconet,41.3839845,2.0626336,horeca
Vermut,41.3758753,2.1385561,horeca
Dubai,41.375711,2.126073,horeca
La Cantonadeta,41.3763555,2.1259332,horeca
Vivari Cafeteria,41.3761828,2.1218691,horeca
Bar - Restaurant Los Mundiales 2,41.3738843,2.1284396,horeca
Coctelería La Clave - Black and White,41.373934,2.1283976,horeca
Laredo City,41.3747793,2.1266367,horeca
Starbucks,41.4049345,2.1913268,horeca
Rovica,41.3909566,2.1638966,horeca
Rilke,41.3949068,2.1634013,horeca
Il Birrino,41.3964676,2.1840993,horeca
La Iguana,41.3781911,2.1325565,horeca
Can Queta,41.3983727,2.1683809,horeca
El Caserón,41.3838275,2.1398498,horeca
CocoVail - WINGS,41.3927616,2.1659528,horeca
Bar Sávory,41.3764091,2.0581411,horeca
El Corner de L'Eli,41.3765707,2.0579772,horeca
Forn del Cel,41.3841707,2.1448285,horeca
Omu,41.4049693,2.154313,horeca
El rovell,41.4079604,2.1725565,horeca
Bar Sorio,41.4075821,2.1721131,horeca
La cepa,41.4067736,2.17333,horeca
Teatre,41.4099342,2.1698443,horeca
Plateas,41.407324,2.1734312,horeca
KFC,41.4555894,2.2274487,horeca
Pans & Company,41.4557884,2.2273307,horeca
Enrique Tomás,41.4558286,2.2277894,horeca
Delicream,41.4572921,2.2290688,horeca
Vivanda,41.4005092,2.1209852,horeca
Petit racó,41.4084404,2.1664963,horeca
Vivari,41.3665125,2.1270296,horeca
El Ciclista,41.3993926,2.1582823,horeca
CAT Guinardó,41.4214468,2.1749213,horeca
Ca l'Albert,41.4299667,2.1896547,horeca
Montferri,41.4258992,2.1908208,horeca
Castañeiras,41.4100358,2.1760296,horeca
Palmer,41.4086184,2.1751441,horeca
El racó de la bona cuina,41.407637,2.1791888,horeca
Bar Machín,41.4081846,2.1780845,horeca
Bar Linense,41.409574,2.1761328,horeca
Centre esportiu Claror,41.407465,2.1774815,horeca
Granja la Moreneta,41.4072213,2.1797491,horeca
Ali Doner Kebab,41.4094043,2.1761969,horeca
Fleca del Metro,41.4098666,2.1758363,horeca
823 Café i més,41.4075358,2.1793441,horeca
Petit magatzem,41.4078306,2.1791992,horeca
Portofinocafè,41.4083954,2.1777298,horeca
Sort,41.4104708,2.1758477,horeca
Bar Aneto,41.4130719,2.1716084,horeca
365,41.4100626,2.1755686,horeca
Xurreria,41.4107229,2.1751841,horeca
Bodega la Parra,41.410666,2.1747712,horeca
Burger King,41.4112466,2.1740209,horeca
Pintxin,41.4115767,2.1735583,horeca
West street,41.4120013,2.172932,horeca
Galicia,41.4123727,2.172535,horeca
Gregor,41.4124136,2.1724912,horeca
Jess Mon,41.4129342,2.1715091,horeca
Can Joan,41.3758354,2.1747713,horeca
Pannia,41.3991918,2.178525,horeca
Bodega Vinito,41.3765747,2.1625262,horeca
La Nonna Delia,41.4081036,2.1738002,horeca
Armony,41.4085906,2.1729373,horeca
Dalila Cafè Panadería y Cafetería Italiana,41.4084248,2.1732524,horeca
La Granja,41.4081547,2.1736305,horeca
Fashion,41.4054539,2.1751385,horeca
Trattoria di Guzmán,41.4095898,2.1718073,horeca
Bar tapas Circus,41.4067181,2.1738999,horeca
Juanma - braseria llesqueria,41.4048234,2.1763638,horeca
Bodega de Barri,41.4047761,2.1764487,horeca
La Herradura,41.4035165,2.1781312,horeca
Sousse,41.4097179,2.1716531,horeca
"""Ca la Pepi"" - Vermouth i tapes",41.4056712,2.1752773,horeca
Bar 288,41.40762,2.1748498,horeca
Teha famous bar,41.4055453,2.1749983,horeca
Antarados,41.4076616,2.1698689,horeca
Sunday,41.406827,2.1709641,horeca
Acuari,41.4046551,2.1740124,horeca
Bar Neutral,41.4025208,2.1766074,horeca
La Granja,41.406833,2.1710126,horeca
Niu d'Or,41.4068239,2.1711691,horeca
Bar les Galàxies,41.4054203,2.1736457,horeca
La Pedreta,41.4050946,2.1734067,horeca
Holiday,41.4051005,2.1738584,horeca
Rincón de Galicia,41.3897774,2.180809,horeca
Viet Kitchen,41.3920259,2.1543522,horeca
Victoria,41.3548131,2.0820254,horeca
Puro Cafe,41.3959993,2.1997847,horeca
Costa Dorada,41.3980284,2.1986941,horeca
Die Spiegel,41.400417,2.1955634,horeca
Viejo Café,41.4093808,2.1815687,horeca
La Yaya Amelia,41.4056031,2.1706411,horeca
Cafè Bar,41.4045953,2.1719451,horeca
Rey de Istanbul,41.4025292,2.1746678,horeca
Papa Nico,41.4095513,2.1816393,horeca
Kamran Doner Bar,41.4046579,2.171876,horeca
Frankfurt l'Estanc,41.4040413,2.17266,horeca
Toscana,41.4109763,2.1794194,horeca
Azul,41.4112392,2.1785692,horeca
Toki Barcelona,41.4061924,2.1694011,horeca
El mirador,41.4062826,2.1697416,horeca
Orange Coffee,41.405347,2.1712874,horeca
Yoshitake,41.4041046,2.1725729,horeca
Oporto,41.4020769,2.1752815,horeca
Trànsit,41.4112315,2.1792044,horeca
Davinci,41.4071707,2.1686329,horeca
Form de pa Padró,41.4068896,2.1690017,horeca
Bund 18,41.4051264,2.1759444,horeca
Sport,41.4001224,2.2000188,horeca
Norman's,41.4026759,2.1977843,horeca
Granja Aurora,41.347864,2.1083488,horeca
La Bodega,41.4013788,2.203079,horeca
Echegaray,41.4018684,2.2023424,horeca
Nina,41.4025485,2.2010666,horeca
Puerto Escondido,41.4032433,2.2000071,horeca
Amigo Döner Kebab,41.4008761,2.2038406,horeca
Cocino,41.4002469,2.204811,horeca
El rebost de la Lola,41.4066239,2.1954143,horeca
La caseta azul,41.4005075,2.2044279,horeca
Nabibi,41.4019311,2.20227,horeca
L'Artesana,41.4043747,2.1983111,horeca
nora,41.4068195,2.1951581,horeca
Tapea & BB,41.4072976,2.2039768,horeca
Fresh roasted coffee,41.4058034,2.2058974,horeca
El Rebost de l'Esther,41.4064274,2.2051676,horeca
Xurreria Poblenou,41.4043876,2.2040295,horeca
Cosi Duci Gelateria Siciliana,41.4037787,2.2036521,horeca
Grana y oro,41.4052434,2.2050772,horeca
artemisia,41.4021002,2.2014634,horeca
La taverna 249,41.4046113,2.2043509,horeca
Carme,41.3956408,2.1975165,horeca
Cuina d'Amics,41.3942603,2.1987222,horeca
La Cantonada del Xenia,41.3977404,2.1934117,horeca
Portal del Mar,41.3945117,2.1983335,horeca
Skye cofee,41.3954631,2.1981354,horeca
Cala Joana,41.396904,2.1931193,horeca
Saramar,41.3957712,2.1953013,horeca
Xenia,41.3974759,2.1931865,horeca
Oasis,41.3993018,2.1920928,horeca
El primer café,41.396382,2.1935012,horeca
Gringa,41.3767827,2.1664338,horeca
Champanillo Barcelona,41.3887212,2.1614534,horeca
T44,41.398827,2.2050637,horeca
Azul Frida,41.3992453,2.2053597,horeca
Apri Bocca,41.3996528,2.2051891,horeca
Belleville,41.4005272,2.2035587,horeca
La Fusta,41.4012598,2.2031023,horeca
Tío Bigotes,41.4013922,2.2028846,horeca
Wok Chao,41.4078668,2.2092891,horeca
Mykasa,41.407559,2.2088683,horeca
Tento,41.4057988,2.2069287,horeca
Yü Sushi,41.4032379,2.2032108,horeca
Restaurant Cantonese,41.3927247,2.179619,horeca
Cafe Apolo,41.3747303,2.1702662,horeca
Cafeteria Navia,41.3847952,2.1848402,horeca
Lagarto,41.3977216,2.1515645,horeca
Pollo Listo,41.4038241,2.1669444,horeca
O Retorno 2,41.386882,2.1535463,horeca
Martínez de la Rosa 14,41.3993201,2.1597294,horeca
Vivari,41.427475,2.1571199,horeca
Los Cuñados,41.4100908,2.1673367,horeca
Sardenya,41.4088443,2.1659337,horeca
Bar Catalunya,41.4019656,2.1750129,horeca
Oakberry Açaí bowls,41.404405,2.1723522,horeca
Snack 340,41.4042934,2.1723507,horeca
Lekker,41.3822008,2.1744317,horeca
la Catalana,41.4232221,2.22202,horeca
Musta,41.3989931,2.1586551,horeca
L'Escala,41.3633282,2.1408174,horeca
Marhaba,41.3896819,2.1623985,horeca
La Vermu,41.400093,2.1568353,horeca
Frankfurt's de l'Òstia,41.3807677,2.1885693,horeca
Empanaderia,41.4049857,2.171001,horeca
Gust Celestial,41.4037484,2.1730788,horeca
The Good Burger,41.3886257,2.1324204,horeca
Goiko Grill,41.3885981,2.1323621,horeca
L’Àvia - xurreria i xocolateria,41.3629818,2.0992805,horeca
Arepa Olé Street,41.3983672,2.1528847,horeca
Antonio's,41.3962639,2.1987094,horeca
Uo Wa,41.4216928,2.146828,horeca
Granja Bar Can Toni,41.4437523,2.2253397,horeca
Patio Andaluz,41.4214939,2.143231,horeca
Los Tilos,41.4216051,2.1461201,horeca
Los extremeños,41.4267193,2.1549889,horeca
Rostisseria Ole Ole,41.4265255,2.1549989,horeca
Bar Why Not,41.3511501,2.1085863,horeca
Bar Turia,41.3522292,2.1073478,horeca
Tete's,41.4220746,2.1457957,horeca
El Catapán,41.4051501,2.1689543,horeca
Papa John's,41.4042263,2.1701671,horeca
Gall Fer,41.4022078,2.172431,horeca
Hachiko Sushi,41.4019714,2.1727472,horeca
HSB,41.4011386,2.1738498,horeca
Xócala,41.4053814,2.1659791,horeca
Piccolo,41.405514,2.1688243,horeca
Can Jordi,41.40528,2.1689542,horeca
Green & Burger,41.4020559,2.1726466,horeca
Bar Sicilia,41.4040051,2.170456,horeca
Autentics,41.4033254,2.1713686,horeca
Wawel,41.4031851,2.171538,horeca
El Xuletó,41.40374,2.1703602,horeca
Xue,41.4006488,2.1745072,horeca
El Rey del Jamón,41.4054373,2.1658925,horeca
Showroom Fashion Bar,41.3974364,2.1505271,horeca
Caelis- Michelin,41.3870303,2.1743067,horeca
Maleducat,41.377259,2.1615867,horeca
Tapas 24,41.3950811,2.1527716,horeca
Sabor 5,41.4198796,2.1490264,horeca
Asado Barcelona,41.3930955,2.1495894,horeca
Sabor D'Istanbul,41.4225626,2.1459278,horeca
Higuera,41.4223332,2.1461712,horeca
La Extremeña,41.4245375,2.1507885,horeca
Bar el Porquet,41.4044331,2.1678208,horeca
Forn Vell,41.4041433,2.1676044,horeca
Brunch Bar,41.4006915,2.1721504,horeca
Marsella,41.4003403,2.1732318,horeca
Ada,41.4029909,2.1691078,horeca
Rincón de Soria,41.4024044,2.1698489,horeca
La Bodegueta,41.4073321,2.1631035,horeca
Bar Don Cicuta,41.4021562,2.1685236,horeca
"Pren-""Algo""",41.4011605,2.1692972,horeca
Bar-celona,41.380787,2.1360234,horeca
Bar Cafeteria Alba Cande,41.3810636,2.1361552,horeca
Bon Sushi,41.3811403,2.1360946,horeca
Veintuno doce 21 12,41.4012624,2.1696577,horeca
Can Massana,41.4002192,2.171244,horeca
El Xuclet,41.4077935,2.1655947,horeca
La Grota,41.4247876,2.1518392,horeca
El Pórtico,41.4027236,2.168519,horeca
Ovo,41.3987145,2.1492549,horeca
Little India,41.3893196,2.1631462,horeca
Verdis.co,41.3894776,2.1633571,horeca
Pannus,41.3905192,2.1630881,horeca
Carmel,41.3944608,2.1323749,horeca
Bistro del Mercat,41.38218,2.1887375,horeca
El 58,41.4005516,2.20242,horeca
Shinchan,41.4093294,2.1707978,horeca
Taxonera,41.4240103,2.1469809,horeca
Bar Bagianni,41.41146,2.1759765,horeca
Pitstop - pizza portafoglio,41.4116896,2.1752305,horeca
El plato rico,41.4108607,2.1736943,horeca
Yamato Yakiniku,41.390502,2.1613172,horeca
La Mama Chuli's,41.4235267,2.1420474,horeca
Pötstot,41.4034005,2.1728249,horeca
Izaspi,41.4061275,2.178603,horeca
Un Chingo De Sabor,41.4008131,2.1693876,horeca
Art i tapes,41.4049997,2.1776332,horeca
Staff show Bubble tea,41.3999538,2.1704784,horeca
Ottantotto,41.404551,2.1775208,horeca
Refugi,41.4088816,2.1859237,horeca
El Cinca,41.425644,2.1537868,horeca
Degustana,41.4213046,2.1500043,horeca
Café Café,41.40884,2.173683,horeca
Hnos. Méndez,41.4031092,2.1661102,horeca
New Age,41.4083033,2.1729694,horeca
Ribeira,41.4084953,2.1728235,horeca
Iaia' Nita,41.4097702,2.174976,horeca
Canta Napoli,41.4031312,2.1656846,horeca
Segre,41.4092459,2.1738164,horeca
Bodega Bonavista,41.3980159,2.159442,horeca
La Graciosa,41.4028732,2.16052,horeca
"Güenteron ""Casa Chus""",41.4045194,2.1656786,horeca
Bracafé,41.4049961,2.1658996,horeca
Santa Glòria,41.4055053,2.1670165,horeca
Pan con Chocolate,41.4090314,2.1712226,horeca
La Parada,41.4092026,2.1714504,horeca
Kayedo,41.409371,2.1717008,horeca
Elisa,41.407392,2.1740007,horeca
La Granja del Barri,41.4074624,2.1787059,horeca
Casa Vostra,41.4023604,2.1673468,horeca
Tossa,41.4032905,2.1685587,horeca
Bar Martín,41.4056784,2.1712769,horeca
Ca la Ritu,41.4065269,2.1728406,horeca
Frankfurt Galicia,41.4092381,2.1759967,horeca
La Grangeta,41.4043977,2.170094,horeca
Bread & Coffee,41.4074777,2.1736467,horeca
Jin Sushi Bar,41.4041206,2.1714908,horeca
BriAven fusion,41.4041621,2.1715625,horeca
Bar Trebol,41.4064013,2.1749707,horeca
Bar Rosselló,41.4049316,2.1725879,horeca
Mendizábal,41.3805125,2.1707748,horeca
Peu del Funicular,41.4088542,2.1108065,horeca
Porque No?,41.4239459,2.1423854,horeca
Vivari,41.4233199,2.1555519,horeca
Saó,41.4169136,2.1397977,horeca
Xurreria,41.3676786,2.1398188,horeca
Parc Central,41.4382369,2.1658708,horeca
Casa du Zurdo,41.4379145,2.167724,horeca
Gust Pollos i Tacos,41.4378371,2.1670814,horeca
Nou Bar,41.4383059,2.167162,horeca
L'ELIT pool bar,41.4385939,2.1675648,horeca
Granja Valldaura,41.4387495,2.1676806,horeca
Bar Mejia,41.4388714,2.1663381,horeca
Zombie,41.4386562,2.1664356,horeca
Amma,41.4050697,2.1574561,horeca
Oakberry Açaí bowls,41.4018307,2.1565425,horeca
Una trobada per un bon cafè,41.4056089,2.1761679,horeca
Hasta los Andares,41.4059312,2.1762949,horeca
Panery,41.4004481,2.1688457,horeca
La Sagrada Cerveseria,41.4034711,2.172861,horeca
504,41.4097153,2.1794882,horeca
Bar Villalba,41.4115638,2.1762987,horeca
Bodega Montferry,41.4116278,2.1762189,horeca
Pan Persótt,41.411623,2.1751134,horeca
Bar Celeste,41.4114044,2.1760545,horeca
Bar Nike,41.4084956,2.1796871,horeca
Granja la Llauna,41.4090005,2.1803821,horeca
Casa Meva,41.4092394,2.1794076,horeca
O' Casiñas,41.4107873,2.1773232,horeca
Casa Alberto,41.4105827,2.1777963,horeca
Naya,41.4106767,2.1779577,horeca
Atlàntida,41.4078309,2.1715835,horeca
Roce Ham,41.4099617,2.1784136,horeca
Ultramarinos Marin,41.396684,2.1527708,horeca
Il Caffe di Guiseppe,41.3964744,2.1530417,horeca
Sort,41.3962828,2.173227,horeca
Bull Brunch,41.3980634,2.1708298,horeca
Umaimon Tonkutso Ramen,41.3940169,2.1748833,horeca
Creperie Georges,41.398038,2.1706508,horeca
Chong Qing,41.3945898,2.1745957,horeca
365,41.3968002,2.1725577,horeca
La VermuTeca,41.3880378,2.058437,horeca
Foodis,41.385733,2.0591527,horeca
Dos Pebrots,41.3828239,2.1684326,horeca
Medio Pinto,41.3947202,2.1433518,horeca
Byblos,41.3946707,2.1436832,horeca
Casa Fuenteobejuna,41.3669619,2.1041752,horeca
True,41.3795697,2.1764264,horeca
the Hip fish poke sushiburrito,41.3922453,2.1748605,horeca
Bar Restaurant Mamá,41.4390179,2.1830223,horeca
FISH,41.396189,2.1537737,horeca
Yesterday,41.3985973,2.1543411,horeca
xurreria,41.4695841,2.1845875,horeca
Frankfurt,41.424518,2.1562875,horeca
Luigi's,41.4276002,2.1570716,horeca
Xixo,41.4265861,2.1543089,horeca
Volcan 3,41.4276812,2.1559091,horeca
Tomàs Enrique,41.394478,2.1590626,horeca
Gran Torino,41.3780341,2.1790132,horeca
Club F,41.3919853,2.1246321,horeca
Cheers pub,41.3814819,2.1739477,horeca
Vermuteca,41.4694804,2.0619683,horeca
Colmado Carpanta,41.3948699,2.1268216,horeca
Esculina Burgers,41.4237631,2.154898,horeca
Gabino,41.4244982,2.1503192,horeca
El Sombrero Azul,41.4250385,2.1526929,horeca
El Mirador,41.4247111,2.1519565,horeca
Carol,41.4252921,2.1547019,horeca
Paco,41.4248153,2.1511089,horeca
Parisen,41.4265005,2.1549629,horeca
La Rambla 4,41.4273139,2.1571371,horeca
Casi Esquina,41.389246,2.1944464,horeca
La Loca,41.395192,2.1501409,horeca
Rollito,41.3988632,2.162216,horeca
González & Co,41.3997454,2.1633582,horeca
Sun coffee & bakery,41.4018279,2.1751038,horeca
Tu A Lo Tuyo,41.4208623,2.1553035,horeca
Quian,41.4234936,2.154835,horeca
Mendez,41.4234559,2.1579754,horeca
Retablo de Kelly,41.4286546,2.1905776,horeca
Onis Coffee,41.3950292,2.1660524,horeca
Madame Fartine,41.395351,2.1666431,horeca
TGB - The Good Burger,41.3905311,2.1495202,horeca
Brasería los 5 Hermanos,41.4441608,2.1658898,horeca
That's l-fe,41.3994943,2.2003731,horeca
The Little Basket,41.3887745,2.1812776,horeca
Uniko Restaurant,41.4038742,2.1819846,horeca
Vivari,41.4114623,2.1788705,horeca
Gu,41.4114161,2.1783755,horeca
O' toxo verde,41.4116587,2.1785533,horeca
Jaleo,41.3958659,2.1518619,horeca
Mariposa Negra Bar,41.383759,2.1831303,horeca
El Casalet,41.4584854,2.0634832,horeca
Tapa's road,41.4581656,2.0612298,horeca
Wall 57,41.4582276,2.0606607,horeca
Pizzeria da Nanni,41.3852749,2.1826844,horeca
Kyoudai33,41.3764494,2.1568339,horeca
Alan Tapa's Bar,41.4038382,2.2041602,horeca
Shingane 13,41.3860342,2.1469071,horeca
Cantina de l'Estació,41.3640924,2.1009254,horeca
Sintonia,41.395171,2.1590514,horeca
La Cervesaria Clandestina,41.4087359,2.1751526,horeca
Dulce mundo,41.4066889,2.1517157,horeca
Bahia bar,41.410087,2.1695852,horeca
Beirut,41.3771025,2.1777049,horeca
Pantry,41.4160357,2.1748853,horeca
Bar Cafetería Les Corts,41.3763095,2.1184855,horeca
365,41.363198,2.1392888,horeca
Il Coure di Napoli,41.3926707,2.154424,horeca
Bona Sort Sushi,41.4002116,2.179308,horeca
Miles,41.386918,2.1622324,horeca
Vermuteria del Yayo,41.3775738,2.1340229,horeca
Vivari,41.3970939,2.179024,horeca
Vivari,41.4102888,2.1376179,horeca
365 Obrador,41.3977862,2.1743675,horeca
Tucco Real Food,41.3823111,2.1820347,horeca
El café del Sandaru,41.3916754,2.1845521,horeca
La Foga,41.3931274,2.1783611,horeca
Bar Los Negros,41.3488178,2.1074304,horeca
Bilbao,41.3997933,2.1619074,horeca
Restaurant Santilari,41.3769764,2.1244852,horeca
Roma cafè,41.3751587,2.1393742,horeca
Carnal,41.3815531,2.1669188,horeca
Can Pineda,41.4085486,2.1929118,horeca
Bar Can Verdaguer,41.4341127,2.1790232,horeca
Volubilis,41.3782731,2.1602379,horeca
Rooq,41.3950966,2.1735436,horeca
El 9 Porró,41.3994523,2.204418,horeca
Jérusalem,41.3955052,2.1923565,horeca
Bar La Barra,41.3893661,2.1541854,horeca
Perejil bar,41.3745499,2.1624014,horeca
La Buena Olla,41.3862252,2.05237,horeca
Bitte Wurst,41.376731,2.1498796,horeca
The Crown Marine,41.3811724,2.1505449,horeca
El celler del vermut,41.4031,2.1782325,horeca
Tapes Enriqueta,41.4457598,2.2069734,horeca
Ca la Flor,41.4068606,2.1658083,horeca
El Copetín,41.3848268,2.1826899,horeca
Gusto del Born,41.384394,2.1827569,horeca
Muchacho,41.3854642,2.1831067,horeca
Transatlantic,41.3830679,2.1810003,horeca
Espai Puntal,41.3865298,2.1799483,horeca
Fishpac,41.3956969,2.1442281,horeca
Bar Rosa,41.4078409,2.1740269,horeca
Mig mig,41.4093436,2.1642083,horeca
Café de Finca,41.3968342,2.1888871,horeca
Atlanta Club Social,41.3792566,2.169167,horeca
Claris 118,41.3922926,2.1678862,horeca
La Guingueta de Bellvitge,41.3484799,2.1113585,horeca
Bar de la Biblio,41.3614269,2.1361058,horeca
PizzaShop,41.377127,2.0581424,horeca
El Pachuco,41.3764595,2.1691634,horeca
Proa a la Mar,41.3847924,2.1954008,horeca
Pantera Mambo,41.38264,2.1656158,horeca
Matsuya,41.3862079,2.1330524,horeca
Bar El Paso,41.352945,2.1180507,horeca
Bar Caballero,41.3540391,2.1095056,horeca
Bar Casa Ana,41.3542418,2.1096318,horeca
Xurreria La Pilarica,41.4394402,2.1745566,horeca
Lady Dumpling,41.3843336,2.1701523,horeca
local,41.3936062,2.1766939,horeca
The James Joyce,41.3935737,2.1765258,horeca
365,41.3940745,2.1761554,horeca
Rec Comtal,41.3905009,2.1801937,horeca
65 Degrees,41.3897936,2.1806881,horeca
365,41.3911673,2.1791556,horeca
Molo 39,41.380541,2.186187,horeca
Terrazza Ravello,41.3810857,2.1850477,horeca
B-One,41.3808441,2.1851194,horeca
Brisa,41.3809285,2.1849375,horeca
La Cala,41.3758395,2.1877915,horeca
Oh Sea,41.3754086,2.1898201,horeca
rebeld,41.3760082,2.1828893,horeca
Porch,41.3812693,2.1825324,horeca
Pork,41.3821319,2.1818767,horeca
Santa Maria Del Mar,41.3832294,2.1819437,horeca
El Convent,41.3840183,2.1805566,horeca
365,41.3903947,2.1784461,horeca
Café del Teatre,41.4005247,2.1842529,horeca
Barbanera,41.3945756,2.1456417,horeca
buvette,41.3958675,2.1439248,horeca
LVNA,41.3946324,2.1455686,horeca
Horóscopo,41.3941556,2.1462066,horeca
La Vaca Atada,41.3949426,2.1480144,horeca
La Nostra,41.3972908,2.1572712,horeca
taca de cafè,41.3986567,2.1540345,horeca
Festin,41.3886595,2.1806213,horeca
The Bullman,41.3833714,2.1634855,horeca
3sols,41.3848632,2.1615004,horeca
Piazze D'Italia,41.386917,2.1570048,horeca
Marina,41.3868281,2.1571338,horeca
Shiro,41.3884721,2.1548745,horeca
El Ninot,41.3881385,2.155398,horeca
Bonsai Coffee,41.3889597,2.1542619,horeca
Komo,41.3899949,2.1533823,horeca
el Formet,41.3896483,2.1537714,horeca
mimmar,41.3910173,2.1517809,horeca
Brugarol X,41.3920991,2.1532341,horeca
xerta,41.3944869,2.1564442,horeca
Bakery & Tapas,41.3901615,2.1755066,horeca
Hanami,41.3904463,2.1772693,horeca
Tête-à-tête,41.3902569,2.1773795,horeca
Mostaza Miel,41.3903934,2.1772583,horeca
Vivari,41.3899052,2.1757721,horeca
l'Orwell,41.3803667,2.1770704,horeca
Dinkel‘s Bagels,41.3854186,2.1830762,horeca
Loft del Born,41.3857652,2.1827517,horeca
M1,41.3864298,2.1825466,horeca
La Vietnamita,41.3870592,2.1821562,horeca
The King,41.388423,2.1813493,horeca
The Basi'sbar,41.3870986,2.1431931,horeca
Bar la Marina,41.3605292,2.1401407,horeca
Pizzería Mamma,41.3752942,2.1553583,horeca
Casa Estop,41.3887714,2.1515198,horeca
Bar Bona Sort,41.4354778,2.2187423,horeca
Shanti hindú,41.391477,2.134238,horeca
Bar del Mercat,41.4193632,2.178283,horeca
noucanmarti,41.4137471,2.112551,horeca
el Cafeto,41.3811327,2.1482891,horeca
Sol,41.382701,2.1503543,horeca
Buenos Aires,41.3893177,2.1586097,horeca
Vivari,41.3840275,2.1520994,horeca
Bodega Picarol,41.3896635,2.1596531,horeca
Bar Celona,41.3828095,2.150455,horeca
Latin Brunch,41.3868022,2.1552927,horeca
Kanada-Ya,41.3905147,2.160602,horeca
El rincón de Vaz-Yiyi,41.3701217,2.1431894,horeca
Utitanus,41.3789108,2.1452163,horeca
La Suegra del Jardinero,41.3877029,2.1518451,horeca
Xurreria Zarza,41.4290732,2.2218412,horeca
Café Bar La Plaza,41.3725426,2.1090515,horeca
La Cuina de la Iaia,41.3604479,2.1404844,horeca
Bar Córdoba,41.370713,2.1007231,horeca
Xurreria,41.4247127,2.1418265,horeca
Tastet espai gastronómic,41.3889189,2.1699137,horeca
Boquerón de Plata,41.3694442,2.1122407,horeca
el Racó,41.3746828,2.1830983,horeca
Dunkin' Donuts,41.3756415,2.1830006,horeca
Kurz & Gut,41.375109,2.1834101,horeca
Lavazza,41.3748975,2.1823064,horeca
Preet,41.3785215,2.1715247,horeca
Giovanni,41.4050963,2.190739,horeca
Secrets,41.4053897,2.1913509,horeca
La Perla Negra,41.3562686,2.0723908,horeca
Punjab,41.37904,2.1721112,horeca
El Meu Mon,41.3861648,2.1602732,horeca
365 Obrador,41.3805193,2.1536484,horeca
The Wok Club,41.3769065,2.1494691,horeca
La Marmiteria,41.3988285,2.2008609,horeca
M.C. Fusio Asiatica Restaurant,41.3723228,2.1678547,horeca
POMA,41.3965213,2.1284478,horeca
D'Melao Bar,41.3591794,2.1424634,horeca
Gas Oil,41.3593279,2.142266,horeca
Café & Té,41.3593625,2.1303435,horeca
Bar Magòria,41.3736537,2.1468352,horeca
Vivari,41.3736939,2.146884,horeca
La Textil,41.3911473,2.1728751,horeca
Granja Elena,41.3627301,2.1374802,horeca
Dr. Zhang Dumpling Bar,41.3817301,2.160331,horeca
Spicy,41.377083,2.162807,horeca
Brunch & Cake,41.3939669,2.1715626,horeca
Makekosa,41.379541,2.1601313,horeca
KimchiMama,41.3760091,2.1433492,horeca
Podonamu,41.3866823,2.1555562,horeca
Maison close,41.3781355,2.1755733,horeca
El Machin,41.4198762,2.1991978,horeca
Cafe Fontal,41.4013174,2.1646136,horeca
Las Corts,41.3780444,2.1182263,horeca
Kargo's Café,41.3809046,2.1262199,horeca
La Casita de Mi,41.4685488,2.059628,horeca
Niu d'Or,41.366869,2.0578974,horeca
Café Restaurant El Nuevo París,41.3677054,2.0683298,horeca
El Alfarero Coffee House,41.3621297,2.1325876,horeca
Piripipao,41.3603307,2.1331678,horeca
Vicenta,41.35299,2.141771,horeca
Farggi,41.3873734,2.1974759,horeca
Frankie Gallo Chachacha,41.3785779,2.1724933,horeca
Las Marinas,41.3778943,2.1718041,horeca
Petit Princep Brunch,41.3963737,2.177028,horeca
Taverna Iberia,41.3789965,2.1897011,horeca
Bar Dori,41.3737556,2.1163833,horeca
La Selva,41.3921823,2.1533875,horeca
Bar Londres,41.442128,2.221179,horeca
Bar T'ete Cafetería,41.3589032,2.0794186,horeca
Yummy2,41.3630282,2.0822834,horeca
Bodega Passatge 1986,41.3663291,2.139109,horeca
Xurreria Grama,41.4441151,2.2087541,horeca
Iberia,41.3778929,2.1910547,horeca
Trole,41.3912499,2.1794021,horeca
Fritz Restobar,41.4004443,2.1491457,horeca
365,41.3846695,2.1699232,horeca
El Fornet,41.393128,2.1595645,horeca
Bodega Biarritz,41.3792173,2.1770987,horeca
La Cueva Lounge Club,41.3969724,2.1715371,horeca
Nuria,41.3572438,2.1369906,horeca
Escairon,41.3742509,2.16766,horeca
Mirando al Mar,41.3748486,2.183238,horeca
Max Bar,41.4397016,2.2161992,horeca
El Molí,41.3587019,2.1429585,horeca
Bitácora,41.3820819,2.1875157,horeca
L'Astoret,41.3813136,2.1434632,horeca
Mo te Magno,41.3815842,2.1442924,horeca
Roca,41.3850495,2.1483645,horeca
Tot bo,41.3875107,2.149853,horeca
Racó de Rosselló,41.3848409,2.1457643,horeca
Bar Dobla,41.3871117,2.149369,horeca
Santiago de Chile,41.385198,2.1429371,horeca
Que me tomo,41.3921612,2.1514937,horeca
El sot frankfurt,41.389317,2.1495068,horeca
Dada,41.3870274,2.1491994,horeca
Beagá Pão de Queijo,41.3860238,2.1479853,horeca
Foni,41.3774762,2.1734114,horeca
Restaurante Bar Lleida,41.3845086,2.1437176,horeca
Il Caffé,41.3850887,2.142221,horeca
Dim Sum,41.3844717,2.1421931,horeca
Cafetería Gran Vía,41.3720747,2.1447057,horeca
Santagloria,41.3788715,2.1441762,horeca
Bar Marina,41.3714178,2.1436837,horeca
Restaurante Lepanto,41.3623535,2.1332332,horeca
Bar años 50,41.3706872,2.1400527,horeca
Ca l'anglès,41.3721802,2.1411946,horeca
Moments,41.3737349,2.1423717,horeca
Quim,41.3748404,2.1443682,horeca
Poke sí,41.3925921,2.1491084,horeca
El Corner,41.4299426,2.1434782,horeca
Poke House,41.3947598,2.1504339,horeca
Fornet de'n Rossend,41.3921083,2.1451197,horeca
El Plaer,41.3881085,2.1510022,horeca
Sirvent gelateria,41.3909988,2.1562218,horeca
Los Bellota,41.4052543,2.1736478,horeca
La latina,41.3962375,2.1614128,horeca
El Changarrito,41.3846536,2.1486729,horeca
Bar restaurant Transilvania,41.3863366,2.1501156,horeca
Little Caesars,41.381982,2.1408604,horeca
McDonald's,41.3887479,2.1309127,horeca
Origami Sushi Restaurante,41.3871589,2.1352224,horeca
Five Guys,41.3886385,2.1304596,horeca
Berto's Milanesa,41.3906983,2.1382635,horeca
Las Hermanas,41.4432486,2.1650483,horeca
Bar Cafeteria Time,41.3845507,2.1428937,horeca
Les Truites,41.3899188,2.1440091,horeca
Tempo cuina de fusió,41.4001427,2.1412915,horeca
Santagloria,41.4014145,2.1395759,horeca
Tasqueta Xana,41.4047546,2.1359493,horeca
Cube Movil,41.3692391,2.1305791,horeca
Al Paso,41.3839267,2.1407561,horeca
Boheme,41.3234122,2.0926166,horeca
My Chef,41.3230672,2.091942,horeca
Istanbul,41.3233038,2.0922276,horeca
Sagnier,41.3217781,2.083044,horeca
El Pesebre,41.3910241,2.1495361,horeca
Kfè nou,41.3725281,2.1335368,horeca
HotPot de Sichuan,41.3941688,2.1751728,horeca
Taparazzi,41.3937635,2.1360706,horeca
La Fabrica - empanadas argentinas,41.378551,2.1909562,horeca
Ja.2 C.,41.3761745,2.1556178,horeca
El cafè de les paraules,41.3885761,2.1435063,horeca
Hanabi,41.3932313,2.1497819,horeca
Nawab,41.3756448,2.1193775,horeca
La Bonaigua,41.3787506,2.0773355,horeca
El Racó,41.3936746,2.1359462,horeca
Yuki,41.3937242,2.1360158,horeca
Salut!,41.3918868,2.1572169,horeca
Xurreria Malu,41.3812913,2.1346413,horeca
La Fábrica,41.3865483,2.161596,horeca
All Vegan,41.382637,2.1691426,horeca
Algrano Bistro,41.376315,2.1581093,horeca
Bojo,41.3807483,2.1712262,horeca
V de Vermut,41.3754793,2.1586709,horeca
Can Toni,41.3778621,2.1556142,horeca
Simple Café,41.3637041,2.0747719,horeca
Café de Finca,41.3826857,2.1741661,horeca
El Segador,41.3647723,2.0735493,horeca
Cervecería Benlluire,41.3641301,2.0728588,horeca
Café del Barrí,41.3642964,2.0730976,horeca
Laluja,41.3624454,2.0741579,horeca
Hava Kus,41.3619957,2.0738116,horeca
Octubre,41.3720549,2.0700819,horeca
Pikoteo,41.3592591,2.0719034,horeca
Santiga,41.3649867,2.0760514,horeca
Tas-Tam,41.3650055,2.0760719,horeca
Teke Factory,41.3729207,2.1274149,horeca
Els Titons de Las Palmeras,41.4052516,2.1882236,horeca
Baby Jalebi,41.4009191,2.1577673,horeca
Bar Terra,41.3752847,2.1478518,horeca
A la cantonada t'espero,41.3542238,2.1094222,horeca
365,41.3540426,2.1131677,horeca
KFC,41.3318901,2.0529785,horeca
Muerde la Pasta,41.3319763,2.0528251,horeca
Taco Bell,41.3324167,2.0528525,horeca
ferreti,41.33226,2.0529711,horeca
Jijonenca,41.3321456,2.0530737,horeca
Llaollao,41.3309039,2.0515817,horeca
MacKery,41.330159,2.0508631,horeca
Xavier Pellicer,41.3960492,2.1634011,horeca
Café Ninoska,41.3898649,2.195045,horeca
Lucuma,41.3894455,2.195339,horeca
La Perla,41.4032161,2.1569356,horeca
Taco Bell,41.3812154,2.1751888,horeca
Fishhh!,41.3897497,2.13511,horeca
La Mari Ollero,41.4096176,2.1416307,horeca
Bracafé,41.3891203,2.149826,horeca
Bar la Platjeta,41.3807259,2.1883769,horeca
Oassis Natural Cooking,41.397174,2.1591851,horeca
tapas verdi,41.4032772,2.1573737,horeca
Lola Bar,41.3729431,2.1458606,horeca
Sant Jordi,41.3848053,2.1508458,horeca
L'escale,41.3847369,2.1508471,horeca
Restaurant Bona Sort,41.3845431,2.1519061,horeca
Bar Cheer's Roma,41.3846412,2.1521703,horeca
Rollo,41.3847721,2.1524763,horeca
Cafe Daurada,41.3852727,2.1519454,horeca
Thai Spicy,41.3851314,2.152533,horeca
Cervecería Berlín,41.3881798,2.128628,horeca
Rey De Ali Baba,41.32241,2.0891509,horeca
El Rincón del Ángel,41.3863892,2.1532132,horeca
Jijonenca,41.3862744,2.1545862,horeca
Pilar,41.3861902,2.1544751,horeca
O'Tubo,41.3859088,2.1538618,horeca
Lavicoca Bar de Vins,41.3741277,2.1442653,horeca
Jube,41.3725512,2.1485109,horeca
Santa Vegana,41.3803225,2.177077,horeca
Vi & Beers,41.3740746,2.163286,horeca
l'Eivissenca,41.4300124,2.1610585,horeca
Tabo,41.3731693,2.1549698,horeca
DgUSt,41.4018335,2.1893044,horeca
Mobsters,41.3954057,2.1521057,horeca
El Recó de l'Angel,41.331251,2.0935486,horeca
Bar Bodega Chaparral,41.4496444,2.2152711,horeca
Cafeteria La Font,41.4242773,2.1652633,horeca
Bescuit,41.3939461,2.1787407,horeca
Santagloria,41.401475,2.1211317,horeca
bisibisau,41.4071868,2.1334179,horeca
Torres,41.3898237,2.1805681,horeca
Lulu & Flyn,41.3841479,2.1842622,horeca
Juice Dudes,41.3846491,2.1832799,horeca
Bronzo,41.3842331,2.1840596,horeca
KUK,41.3782938,2.1902743,horeca
Fish And Chips,41.3789009,2.1915976,horeca
Federal,41.3996344,2.2057603,horeca
Frankfurt Rita,41.4028075,2.2019603,horeca
Local 92,41.4032365,2.202467,horeca
El Trapeilla,41.4031758,2.2023883,horeca
Violeta‘s,41.3888258,2.1793496,horeca
Miocid,41.3863252,2.1760826,horeca
El Montana,41.3895187,2.1809892,horeca
Café de Francesco,41.3905164,2.1645106,horeca
Zero Nove Cinque,41.3870993,2.1799242,horeca
Pizza Pazza,41.386269,2.1817253,horeca
Caliu,41.3864641,2.1813047,horeca
Café Floh,41.4051014,2.155411,horeca
Tio Bigotes,41.4041501,2.1566312,horeca
Descuina‘t,41.4025247,2.1580697,horeca
100 Montaditos,41.3977448,2.171293,horeca
Can Joan,41.3632323,2.127194,horeca
Daniel's,41.3664442,2.1265142,horeca
Can Valverde,41.3665499,2.1257957,horeca
Mateo,41.3819756,2.1745099,horeca
Bar Mono,41.3824601,2.1743591,horeca
Piel de Gallina,41.3861463,2.1799556,horeca
Sherpa,41.3660187,2.128279,horeca
Blanc & Negre,41.3659709,2.1283,horeca
MACBA,41.3828093,2.1664756,horeca
Torres del Paine,41.3792285,2.1718896,horeca
Fleca Els Angels,41.3828337,2.1678285,horeca
Yue Lai,41.3913076,2.1785062,horeca
Mariona,41.3908805,2.1783965,horeca
Baozi Bar,41.3908292,2.1782443,horeca
Bar restaurante gaza,41.4009959,2.1814915,horeca
Popeyes,41.3889023,2.1719704,horeca
Gatsby,41.3962082,2.151372,horeca
Organika,41.4045143,2.1336662,horeca
Bidega Sant Miquel,41.3911164,2.1546525,horeca
Jai-Ca,41.3815555,2.1878297,horeca
Avocados,41.3821485,2.1768934,horeca
Amorino,41.3813251,2.1753457,horeca
Mustafa's,41.3809866,2.1751068,horeca
Lennox The Pub,41.3807052,2.1745624,horeca
My Bar,41.3805734,2.1745985,horeca
Guiness,41.3806578,2.1745037,horeca
Temple Bar,41.3805423,2.174562,horeca
Frenchy Tacos,41.379321,2.1732584,horeca
Bodega Valls,41.379207,2.1729736,horeca
Zeeshan Kebabish,41.3776528,2.1713995,horeca
Ferran,41.3812082,2.1753859,horeca
Burger House,41.3780344,2.1706456,horeca
Snack Nador,41.3780774,2.170575,horeca
Crispy Chicken,41.3782337,2.1703768,horeca
Bobo,41.3778236,2.1698667,horeca
Maharaja,41.3782928,2.1693181,horeca
Istanbul Andana Kebab,41.377995,2.1696522,horeca
Al Andalus,41.3776196,2.1701174,horeca
Kashmir Pa,41.3779188,2.1697313,horeca
Istambul Kebab,41.3780986,2.1695415,horeca
Bocateria,41.3781212,2.1695121,horeca
El Atlas,41.377741,2.1699576,horeca
KFC,41.3870601,2.1682085,horeca
La Malcriada,41.3905506,2.1764445,horeca
Friends,41.4226432,2.1874985,horeca
La Rosa Púrpura,41.3585059,2.1006517,horeca
La Casona Asturiana,41.3592696,2.1002002,horeca
Balbi Blau,41.3595976,2.1002824,horeca
L'Oncle Jack,41.3585952,2.1005248,horeca
Mug,41.3589737,2.1003421,horeca
Bar Estrella,41.3935805,2.181313,horeca
Bar La Plaza,41.3935313,2.1812984,horeca
Teranga,41.3831319,2.1808369,horeca
Sushi Queen BCN,41.3965627,2.1563016,horeca
Puerto Plata Dominican Restaurant,41.3856059,2.1783604,horeca
Mízzica,41.3877145,2.1623351,horeca
Rollo's,41.3876847,2.1623796,horeca
Redrum Cantina Mexicana,41.3731508,2.1633281,horeca
Keirin bar,41.4378245,2.1482824,horeca
Madrelievito,41.375123,2.1427933,horeca
Perrancho,41.3530899,2.1419956,horeca
Lucky Schmuck,41.3824953,2.1659078,horeca
Petit Pot,41.3944027,2.1696029,horeca
Chesco Sal i Sucre,41.3907685,2.174497,horeca
The Coffee,41.379218,2.1603593,horeca
ZAZA - C U I N A I V I,41.3733008,2.165129,horeca
El Raconet,41.4551249,2.2245694,horeca
El forn de Montigala,41.4552219,2.2251427,horeca
Rebost de Montigalà,41.4557746,2.2238113,horeca
Sis Portes,41.4541957,2.2236495,horeca
La Vendetta,41.4541314,2.223577,horeca
Frankfurt Alquimia,41.4533168,2.2232189,horeca
BBT2+,41.4543855,2.2256165,horeca
Bar El Paseo,41.3545087,2.1129436,horeca
Cafeteria Urban Espresso,41.3544422,2.1129704,horeca
La Rambla,41.3555816,2.1179925,horeca
Nani's,41.3541364,2.1182668,horeca
Cerveseria Frankfurt,41.3542943,2.1180523,horeca
Bar Angel Cafeteria,41.3553717,2.1181971,horeca
Cervecería Plaza,41.3529321,2.1136742,horeca
Granja Cosa Sana,41.3529882,2.1136599,horeca
Bar los Pajaritos,41.3547917,2.1111821,horeca
Taberna Ermita,41.3468312,2.1082444,horeca
La Toga,41.354973,2.1110986,horeca
Fattoush,41.429967,2.1874923,horeca
La Rambla,41.3582966,2.10301,horeca
La pizzeria SE voglio,41.3567041,2.1167875,horeca
Bar Granja Merche,41.356029,2.1169282,horeca
100 Montaditos,41.359988,2.1018728,horeca
Ca la Mata,41.3573038,2.1019124,horeca
Braseria Armandos,41.3629165,2.1005253,horeca
Mixto,41.3965636,2.1619621,horeca
Sips,41.3888732,2.1567155,horeca
Bar Eixample,41.3915075,2.1522925,horeca
Maracuyà,41.3803482,2.1790765,horeca
Treffen,41.3691636,2.1417962,horeca
365 Obrador,41.368355,2.1407245,horeca
A Menguita,41.3641171,2.1389901,horeca
Barcelona 243,41.3512409,2.1089895,horeca
El Bocinet,41.4070271,2.1742155,horeca
Creps Barcelona,41.4074036,2.1742194,horeca
Cafeteria Charleston 208,41.3507839,2.1058445,horeca
El racó de la Manoli,41.3560911,2.1026477,horeca
Bar Málaga,41.3571009,2.1020229,horeca
Ambas aguas,41.356191,2.1028894,horeca
Restaurante Moreno,41.3542536,2.1039271,horeca
Restaurant Depor,41.3565013,2.1024088,horeca
La Central - Cerveseria,41.3897149,2.1659423,horeca
Bar Gledia,41.3530101,2.1104238,horeca
El buen coffee,41.353049,2.1105264,horeca
Bar Ven Pa Ká,41.3531145,2.1107725,horeca
CoCo Fresh Tea & Juice,41.4037227,2.1547784,horeca
Bar Badajoz,41.3520068,2.1117032,horeca
Cerveseria Cari,41.3519867,2.1118632,horeca
Bar Paco,41.3533759,2.1100004,horeca
Café Nirvana,41.3533324,2.1098399,horeca
Erica,41.3505961,2.110755,horeca
"Bar ""La Morena""",41.4374874,2.2265624,horeca
Bar Restaurant Andrea,41.4038425,2.1907056,horeca
Aspic,41.3943308,2.1422906,horeca
Sabor Sichuan,41.390212,2.1698103,horeca
Bracafé,41.4393125,2.1896852,horeca
El Rebost de la Laura,41.439107,2.1886245,horeca
Riavia Galiza,41.3763914,2.1213782,horeca
Snack bar La Rosa,41.3763368,2.1212648,horeca
Doña Rosa,41.382558,2.1664156,horeca
Poke si,41.3847746,2.1687817,horeca
Revolución 30,41.3870764,2.1613462,horeca
M2 Gluten Free,41.3915888,2.141672,horeca
Lick,41.3875912,2.1612703,horeca
Myka,41.3876183,2.1613017,horeca
La Marimba,41.3930024,2.1669779,horeca
Rumbo,41.3927814,2.1672801,horeca
Carcá,41.352447,2.0728118,horeca
Bar Vilamarí,41.3763587,2.1529535,horeca
Matsuriya,41.3726691,2.1673559,horeca
Tasty Poke,41.3934495,2.1453455,horeca
Cafeteria Diego,41.3513422,2.1163286,horeca
Bar Escondite,41.3747353,2.1250603,horeca
El Punt,41.4007703,2.1479672,horeca
Casa Li,41.4356963,2.1846213,horeca
Bar-granja San Francisco,41.3561337,2.1126128,horeca
Rohaan Doner Kebab i pizzeria i pollastre,41.3549013,2.1111283,horeca
Bar K Luis,41.3546717,2.1110278,horeca
Somoza's house,41.3563956,2.1124799,horeca
Bar La Cadernera,41.3558835,2.1122501,horeca
Bar cafeteria Elisa,41.3553852,2.1109118,horeca
Vermutería Momo,41.3552468,2.1109774,horeca
Bar Andalucía,41.3546044,2.1107393,horeca
Starbucks,41.3959387,2.1596883,horeca
Boulevard,41.3924182,2.16405,horeca
Ballbreaker,41.4005098,2.156857,horeca
Yako Coffee,41.3993619,2.1531589,horeca
Bar de Gràcia,41.3994529,2.1551148,horeca
Sagrades Tannines,41.404541,2.1735047,horeca
Can Pizza,41.4046171,2.1734308,horeca
Tomorrow's Harvest,41.4017354,2.1591142,horeca
Bar PHO,41.3753347,2.1333353,horeca
Capricornio,41.3777795,2.1315524,horeca
Ciudadela,41.3782777,2.1321976,horeca
Coyotes,41.3776981,2.1315817,horeca
Pomarada,41.3938938,2.163295,horeca
kailash,41.3982585,2.1622557,horeca
El Til•ler,41.3983724,2.1621384,horeca
La Raíz,41.3723066,2.1671121,horeca
Azoka,41.3724749,2.1672493,horeca
Habana vieja,41.3847425,2.1802307,horeca
La Cantonada,41.3727441,2.173188,horeca
La Strada,41.3739023,2.1701177,horeca
Bar Santa Marta,41.3738668,2.1702291,horeca
La Frontera,41.3735818,2.1705202,horeca
Bar 128,41.3737612,2.1686218,horeca
Mala Hierba Coctel Bar,41.3736734,2.1685129,horeca
El Capricho Bcn,41.3751538,2.168968,horeca
KFC,41.374747,2.1664399,horeca
Efsene Istambul,41.3747712,2.1645903,horeca
Casa Elena,41.3779559,2.1637779,horeca
Raj,41.3774769,2.1649844,horeca
Easo,41.3778248,2.1639719,horeca
El Cafetó,41.376857,2.1635026,horeca
Brew Coffee,41.3946062,2.1783799,horeca
Antico,41.3925923,2.1790659,horeca
Ying Bin,41.3934353,2.1781671,horeca
La gelateria di Michele,41.3958298,2.1819609,horeca
La Llesca,41.3947399,2.1816521,horeca
Molika Cafè,41.3929883,2.1753163,horeca
Te de fruites fresc,41.3936878,2.1795914,horeca
Bescuit,41.3936986,2.1789779,horeca
Dim Sum House,41.3862203,2.1680061,horeca
Blackbird Coffee Corner,41.4017767,2.1757323,horeca
Chin Chin,41.3891963,2.1614085,horeca
Pizzicarolo,41.3892404,2.1788949,horeca
Enrique Tomás,41.3794002,2.140401,horeca
El rebost de la Muntanya,41.4098885,2.1548326,horeca
El Racó de Pedrell,41.4239091,2.1688949,horeca
Sky Bar,41.3657494,2.1372415,horeca
A su aire,41.4277844,2.1671425,horeca
Cafe De L'estació,41.4350682,2.1480023,horeca
Vicio,41.396978,2.1544322,horeca
Ca l'Isidret,41.4158094,2.2070463,horeca
Pride of Norway,41.3955155,2.175754,horeca
Cachitos,41.3991838,2.1723488,horeca
Bar Eddy,41.4142395,2.1623902,horeca
Punt de trobada,41.4259596,2.1695858,horeca
Barestaurant L'Univers,41.3864879,2.1783612,horeca
Matalaranya,41.3980088,2.1637672,horeca
Beach Garden,41.3735976,2.1891724,horeca
McDonald's,41.3892222,2.1512327,horeca
Can Dendê,41.398387,2.1984891,horeca
Goiko,41.3830992,2.1796352,horeca
La Gioconda del Mar,41.4145287,2.2287517,horeca
Pintxos Anardi,41.3770823,2.1638441,horeca
New Fizz,41.3909785,2.1602158,horeca
Machaka,41.3947465,2.1552437,horeca
Platerets,41.401304,2.1621109,horeca
PASTAn,41.4012235,2.1620017,horeca
Provença,41.3999969,2.1681997,horeca
La bodegueta de Verdaguer,41.3996976,2.1682932,horeca
La terrassa de mercadal,41.434763,2.1886465,horeca
Bracafé,41.4181225,2.2055764,horeca
365,41.4124998,2.2036348,horeca
Max Bar,41.4384139,2.2176554,horeca
Asian Ways,41.4021778,2.1580316,horeca
CoCo Fresh Tea & Juice,41.3769889,2.1906705,horeca
El Barrio,41.3833312,2.1461881,horeca
Taberna Barcelona,41.3791814,2.140719,horeca
Papa John's,41.4319055,2.2191301,horeca
Fresh Roasted Coffee,41.3918513,2.1527909,horeca
Kebab House,41.3906756,2.1982904,horeca
El Regust,41.3251164,2.0954367,horeca
Òscar,41.3801857,2.1293762,horeca
Kikiriki,41.3733024,2.1463627,horeca
La Cantonada de Prim,41.4203432,2.2083244,horeca
Santagloria,41.3836341,2.1422016,horeca
Bar El Zorrito,41.3902257,2.1432191,horeca
Bar Don Conchetto,41.4269571,2.1366195,horeca
Bar Bodega,41.4234265,2.1756403,horeca
Bar de Copes,41.3769132,2.1511745,horeca
Amorino,41.3762148,2.1493426,horeca
Cafe.365,41.3723876,2.1460944,horeca
Bar Espanya,41.3741961,2.1475589,horeca
Cirera Bar,41.4118611,2.1409223,horeca
Frankfurt Kinor,41.4118237,2.1412276,horeca
Bar Cafeteria Tomate Algo,41.4203502,2.210446,horeca
Bar Chivago,41.4192727,2.2071536,horeca
Bar El Troll,41.4176359,2.2049716,horeca
Bar Cafeteria Grand Prix,41.4084969,2.1945861,horeca
Bar Cafeteria Ca L'adriana,41.4071526,2.191413,horeca
Bar Caravella,41.3919081,2.133372,horeca
Thai Noodles,41.3987035,2.1941841,horeca
Planelles Donat,41.3849262,2.1737306,horeca
A Tabenna de Vigo,41.3751712,2.1670854,horeca
La nuit coctelería,41.3751894,2.1645755,horeca
Bar Cafeteria Poble Sec,41.3751923,2.1613678,horeca
Bar El Racó Del Drac,41.3752103,2.1581035,horeca
Bar Agora,41.3752121,2.15753,horeca
365,41.3750958,2.1710672,horeca
Bar Cerveseria Lalans,41.3764634,2.1551965,horeca
Bar Amsterdam,41.4619415,2.1796635,horeca
Bar Afinite-2,41.3779175,2.1268201,horeca
Can Nico,41.3997426,2.1734328,horeca
Restaurant Mi Rincón,41.3997042,2.1732796,horeca
Cafeteria los 4 vientos,41.3981732,2.168721,horeca
Teppan-Ya,41.4082604,2.1713611,horeca
FOOD o'clock - coffee & brunch,41.4084991,2.1715938,horeca
La Trini,41.4039396,2.1569011,horeca
Tropicalissima,41.4006339,2.1739374,horeca
La gula argentina,41.3907135,2.1581589,horeca
Les Corts,41.3818549,2.1270234,horeca
Mmi,41.3787981,2.1284509,horeca
Bar Forn Pastisseria Masedy,41.3811759,2.1328121,horeca
365,41.3861811,2.155715,horeca
Bar Cobas,41.4409731,2.1833074,horeca
Bar As Rias Baixas,41.4271461,2.17535,horeca
El Ruedo Poblenou,41.3949564,2.1915,horeca
Bar Cros,41.3941525,2.1511933,horeca
DISBARAT,41.4343149,2.2040717,horeca
Bar Estrella,41.4112473,2.2175404,horeca
Bar Cafeteria L'illa Del Forum,41.4115722,2.2182566,horeca
Bar Blau's,41.4113829,2.2176963,horeca
Bar Bodega El Triangulo,41.410492,2.2128278,horeca
Bar Avenida,41.4103693,2.212695,horeca
Bar Chic,41.4092146,2.209015,horeca
Bar Cal Justo,41.4097678,2.210961,horeca
Vapiano,41.388689,2.1677351,horeca
Les Filles Cafè,41.3962991,2.1567395,horeca
Las Vermudas,41.4057955,2.1570609,horeca
Lluritu 2,41.4023264,2.1562212,horeca
Neva,41.3848042,2.1678602,horeca
S da Nanni,41.3848525,2.1671489,horeca
Manoda,41.3836071,2.1690886,horeca
Bar Lemos 180°C,41.4444556,2.2178025,horeca
Yumiko Ramen,41.375733,2.1436448,horeca
Tivoli 1940,41.3986713,2.1433418,horeca
Fru Suriol,41.3753312,2.1449503,horeca
La Pizza Loca,41.3753278,2.145158,horeca
Pintxito,41.4114378,2.1760395,horeca
La Parchita Bar,41.3797828,2.150227,horeca
Sitio,41.4064933,2.1583447,horeca
Taj Mahal,41.3909852,2.1988825,horeca
Mogollon's,41.3898047,2.1950218,horeca
La Gula Argentina,41.3998896,2.1575413,horeca
Buenavista casa de comidas,41.3838681,2.1639999,horeca
Café di Fiore,41.3789673,2.1394737,horeca
Jardinet del Mar,41.3679758,2.1904391,horeca
nomo,41.3981927,2.1570784,horeca
Sucre cafè,41.3989939,2.1563311,horeca
A pluma,41.3978668,2.1572491,horeca
estel de Gràcia,41.3977541,2.160759,horeca
Empanada Club,41.3995979,2.1555917,horeca
mini pepita,41.3978501,2.1608863,horeca
Bodega Solera,41.3978138,2.1608423,horeca
Telepizza,41.3988829,2.1564656,horeca
Paradís,41.39894,2.1654606,horeca
Formatgeria d'origen,41.4325369,2.2159768,horeca
Alfredo,41.4009771,2.157159,horeca
La Muriel,41.4064718,2.1556565,horeca
KFC,41.388035,2.1725531,horeca
sotaque,41.4011155,2.1576986,horeca
Tòkio Ramen Takeichi,41.3764051,2.1380193,horeca
4 latas,41.3747407,2.1433284,horeca
La Europea,41.3806491,2.1364236,horeca
Nou Somni,41.4020914,2.1888555,horeca
Restaurant SENSATO,41.4052183,2.1467893,horeca
Cerveseria Vadebarum,41.4154475,2.1756561,horeca
Konna,41.3825742,2.1737529,horeca
Rincón de Carlos,41.4458437,2.1772021,horeca
Veraz,41.386019,2.1777853,horeca
Bar Joan,41.3976893,2.1656118,horeca
Salto Alto,41.3976002,2.1649817,horeca
L'Avenç,41.3771018,2.0857232,horeca
Vivari,41.4149146,2.1810592,horeca
HB,41.3863145,2.1591437,horeca
The Bagel Hood,41.381624,2.1645494,horeca
Green's,41.3907421,2.1309602,horeca
Monty’s Cafe,41.3738109,2.1163704,horeca
Bar La TasK,41.3633382,2.1138635,horeca
Tapasta,41.3780006,2.1189274,horeca
Casa Massana,41.3689736,2.147605,horeca
La Gula Argentina,41.3984307,2.1616474,horeca
KFC,41.3962146,2.1572315,horeca
Tres Tíos,41.3976154,2.1568081,horeca
Pizza Circus,41.3993102,2.1568325,horeca
Cibulet,41.400002,2.1582322,horeca
Magatzem de Ses Illes,41.3999137,2.1583155,horeca
La Torna,41.3997255,2.1574973,horeca
Y & H,41.3997879,2.1575864,horeca
Mercedes,41.4127848,2.1531955,horeca
La Cala,41.38129,2.1831964,horeca
Roto's Burger,41.3813011,2.1833839,horeca
Natural Kebab,41.4100678,2.2152306,horeca
,41.4096105,2.2160071,horeca
Qué Pasta! by Mandoni,41.4096712,2.2162313,horeca
Bcn Sushi Bar,41.4100108,2.2161314,horeca
L'Ape Regina,41.4046083,2.1607258,horeca
Waris Bar,41.375111,2.1200415,horeca
Backdoor,41.38575,2.1852156,horeca
Flora,41.390594,2.1852493,horeca
Olentia,41.3797558,2.1804854,horeca
Colón,41.3788462,2.1798268,horeca
La flor del norte,41.3800893,2.1807596,horeca
Passeig Escribà,41.3928136,2.1632899,horeca
El Duende Verde,41.4052202,2.1376823,horeca
Yubari,41.3982969,2.1675968,horeca
Mr. Da Walter,41.3897833,2.1832645,horeca
Virens,41.3905581,2.1692629,horeca
Rock & Boom,41.3984332,2.1598151,horeca
Galicia,41.3792288,2.1467864,horeca
nudes,41.3860664,2.1820989,horeca
El Vato Loco,41.3867702,2.1812754,horeca
Sushi Wai Mai,41.3867217,2.181327,horeca
Bella's,41.3911413,2.1361172,horeca
Casa Carmen,41.3911166,2.1360395,horeca
Croma,41.3909666,2.1354593,horeca
Negro Rojo,41.390937,2.135124,horeca
Mosbo,41.390619,2.1340528,horeca
Las Muns,41.3899245,2.1357448,horeca
Ribera Manero,41.3898021,2.1354262,horeca
Sakura-Ya,41.3897302,2.1352654,horeca
UDON,41.3896856,2.1351284,horeca
Jamaica,41.3896095,2.134956,horeca
L'Angolo Italiano,41.3896909,2.1349408,horeca
Big Bang Bar,41.3797952,2.1669738,horeca
Churrería Guineueta,41.4398838,2.166751,horeca
Bar primavera,41.3681134,2.1116726,horeca
Can Saia,41.3990305,2.1630247,horeca
Kebab Gràcia,41.4043294,2.1615718,horeca
Tapitas Bar,41.4006099,2.164993,horeca
criollo,41.4003218,2.1645827,horeca
Schultz,41.4005936,2.1654911,horeca
Mama Dim Sum,41.4006711,2.1654287,horeca
Darcos's Cafe,41.3588592,2.1255612,horeca
O Luar,41.3587637,2.1247081,horeca
Bar Watson,41.3891777,2.1646505,horeca
La Uramakería,41.4032849,2.1557543,horeca
Gorkha Kitchen,41.4031801,2.1561132,horeca
Melrose Dumpling House,41.3845766,2.1487649,horeca
Fet a Mà,41.4024823,2.1581022,horeca
Peppa Pizza,41.4045185,2.1575667,horeca
Don Porfi,41.4033032,2.1584784,horeca
Tasta Gràcia,41.4043147,2.1546801,horeca
botànic,41.403202,2.159102,horeca
Chido One,41.4032321,2.1590579,horeca
Oakberry Açai,41.3898379,2.159917,horeca
BCN doner kebab y pizzeria,41.3738898,2.1362535,horeca
Rodrigo,41.3835951,2.1813841,horeca
Restaurante Bar Milà,41.4009227,2.1624848,horeca
asaguno,41.4026792,2.1483344,horeca
Sher-e Punjab,41.372926,2.1483955,horeca
Hoso Maki,41.3778519,2.1371414,horeca
Tio Bigotes,41.388332,2.176626,horeca
Casa del Molinero,41.3800163,2.180179,horeca
Gianduia,41.4028072,2.1535311,horeca
Frankfurt El Gótico,41.3788704,2.1788382,horeca
The Quick Greek,41.4041782,2.1555336,horeca
On Y Va,41.4031251,2.1577483,horeca
Sandwicherie,41.3964697,2.164008,horeca
Tío Bigotes,41.3934619,2.1682278,horeca
Tayta,41.3919702,2.1728228,horeca
Taperia El Born,41.3851153,2.1832304,horeca
Norte,41.3935238,2.1707925,horeca
Bembi,41.3937247,2.1689734,horeca
Berry Brunch,41.3939363,2.1692419,horeca
Animar,41.3937062,2.1693831,horeca
Spicy Soul Hotpot,41.3936236,2.1725168,horeca
Kaoru,41.3935319,2.1726426,horeca
Saga,41.3923187,2.17485,horeca
Lying,41.3844527,2.1833081,horeca
365,41.38127,2.1871474,horeca
Taco Bell,41.3797103,2.1877661,horeca
The Fastnet,41.3796065,2.1878027,horeca
Rooster & Bubbles,41.3833949,2.1833215,horeca
Billy Brunch,41.387993,2.1783882,horeca
Ogham,41.3869062,2.165396,horeca
Hi Cream,41.3898497,2.1665142,horeca
La Querida,41.3913802,2.1862765,horeca
El Mirall dels Encants,41.4012877,2.1860013,horeca
UDON,41.3853709,2.1803709,horeca
La Hacienda,41.3852836,2.1802606,horeca
Boheme,41.3856787,2.1809781,horeca
Cafes Caracas,41.3879526,2.1551072,horeca
Bar cal Mingo i Loli,41.403259,2.1643649,horeca
El refugi del Ribera,41.3202242,2.0865196,horeca
Canana,41.4035628,2.1600702,horeca
Paella bar,41.3744695,2.1431679,horeca
Kibuka Llull,41.3996264,2.2000182,horeca
Cafélunya,41.4153673,2.1865702,horeca
Cafes Caracas,41.4314864,2.1736784,horeca
Centre Artistic Sant Lluc,41.3859887,2.1769036,horeca
Dino Gelato Italiano,41.3761924,2.149424,horeca
ZyK Sushi,41.3761456,2.1494556,horeca
Poke Si,41.3759493,2.1494247,horeca
Subway,41.3765027,2.1495726,horeca
Nonno Cafe & Gelato,41.4300425,2.185048,horeca
Pocha Barcelona,41.3910221,2.1568209,horeca
Casa Maki,41.3871771,2.1295752,horeca
Pappa Pizza,41.3786979,2.1896861,horeca
Terrassa El Mil•lenari,41.3845547,2.0775781,horeca
Mr. Dawalter Obrador,41.4025051,2.1566485,horeca
Habib's Restaurante,41.3914938,2.1980089,horeca
365,41.4064639,2.1720822,horeca
Konkai Sushi,41.4005307,2.1705588,horeca
Empanar,41.394447,2.1533653,horeca
That's Amore,41.3781353,2.1250431,horeca
A Garrotxa,41.4429438,2.1855607,horeca
Pibä,41.3913649,2.1574676,horeca
Brera,41.3740752,2.1432291,horeca
Bar - Restaurant San Miguel,41.3988047,2.1542335,horeca
Bella Bestia,41.3984573,2.1550698,horeca
The Secret,41.398554,2.1545594,horeca
Casa Marina Picufi,41.3765783,2.1895234,horeca
Flipá Gin,41.383295,2.1813087,horeca
Marmot,41.4040268,2.1713833,horeca
LaBar - Laundry Bar,41.4060667,2.1769845,horeca
GiGi Von Tapas,41.4001371,2.179393,horeca
Hemingway,41.3893364,2.1559958,horeca
Cafélunya,41.3900756,2.1749508,horeca
Talisman,41.3891453,2.1758925,horeca
Xurreria,41.325845,2.0936033,horeca
Restaurant Hisop,41.3944846,2.1480516,horeca
Foster's Hollywood,41.4348916,2.1810122,horeca
Goiko,41.4352936,2.1814755,horeca
Llaollao,41.4352212,2.1805645,horeca
Empanada Club,41.4036752,2.161381,horeca
Cafè Caracas,41.3750726,2.1199671,horeca
L'Obrador,41.3751387,2.1200935,horeca
Chalito,41.3748924,2.1209628,horeca
Bar Llobregat,41.3744725,2.1187034,horeca
Pizza Rico,41.3730695,2.1165401,horeca
Granja - Bar Ainhoa,41.3737691,2.1173203,horeca
Mendrugo,41.3980574,2.1595018,horeca
Bar Restaurant Yang,41.3990337,2.165145,horeca
Cafè Pagès,41.3995321,2.1600856,horeca
Demo,41.3970077,2.1555654,horeca
Mediterraaeo,41.3969822,2.1555382,horeca
Raffaelli,41.3981689,2.1550704,horeca
The Old Irish Pub,41.3789569,2.1750386,horeca
Pivobar,41.4073492,2.1781014,horeca
Marcelino,41.3988895,2.1622692,horeca
Bendito Pecado,41.3870117,2.1823167,horeca
La wapa,41.4037972,2.190618,horeca
Anatolia Grill,41.37937,2.1751038,horeca
,41.3711604,2.1217511,horeca
Kirpa,41.4041127,2.1612081,horeca
El Tastet de l'Artur,41.4046838,2.1761718,horeca
The Moment,41.3905588,2.1544611,horeca
La Tasqueta,41.3904353,2.1542467,horeca
Restaurant wanoya,41.3535292,2.084926,horeca
el Set,41.3842839,2.1830936,horeca
4 Latas,41.4041993,2.1968759,horeca
Tapa Tapa,41.4048639,2.1917169,horeca
Vinilo,41.4004327,2.1571155,horeca
La Cuineta d'Horta,41.428975,2.1648049,horeca
Filomena,41.4300728,2.1636241,horeca
Bar el Pitu,41.4410478,2.2295234,horeca
Cosas Veredes,41.4009725,2.154689,horeca
La Punta Callao,41.4011756,2.1548545,horeca
Insolent,41.4013458,2.1565571,horeca
Marcelino,41.4013812,2.1568647,horeca
La Cerdanya,41.4017968,2.1596969,horeca
Cerveceria,41.4001033,2.1638747,horeca
Buc,41.3876206,2.1533627,horeca
Gracia's Bar,41.4004935,2.1631813,horeca
Campus Pedralbes,41.3865294,2.1126859,horeca
Bar Stop,41.3893009,2.1630481,horeca
Pink Corner,41.3893019,2.162955,horeca
Ramen Dou,41.386542,2.1732283,horeca
365,41.3864878,2.1733578,horeca
Empanada simpática,41.4268542,2.1707434,horeca
Bar Torres,41.3819091,2.162822,horeca
Döner Pizza,41.4283617,2.1937388,horeca
Faborit,41.3971241,2.1599204,horeca
Aula culinaria,41.3985098,2.1591824,horeca
Barravas,41.3993606,2.1583244,horeca
Enjoy cooking Bcn,41.3984467,2.1590894,horeca
Bloody Mary,41.3984018,2.1591421,horeca
Sun Taka,41.3973279,2.1657502,horeca
Itaca,41.3967953,2.1666969,horeca
Vivari,41.3902924,2.1721898,horeca
The Melrose Café,41.3986834,2.1639552,horeca
Las Cuatro Encinas,41.3897934,2.1714936,horeca
espai nu,41.3947454,2.1692056,horeca
O'Xestal,41.3989754,2.1538227,horeca
Bullanga,41.3996083,2.1791579,horeca
77 Kilos,41.3851072,2.1507258,horeca
Parodia,41.3901347,2.1574098,horeca
Tram-Tram,41.4007521,2.1204992,horeca
Xurreria Laietana,41.3864674,2.1756262,horeca
Sensorial,41.4015934,2.2027546,horeca
Burne,41.3925239,2.1694284,horeca
365,41.4110759,2.1740054,horeca
Xurreria,41.3608073,2.134121,horeca
Tío Bigotes,41.4021317,2.1752128,horeca
Velvet Room,41.3874216,2.1353997,horeca
La Javanesa,41.3870745,2.1341225,horeca
L'Atomic,41.4021363,2.1602587,horeca
Maydo,41.35882,2.1235579,horeca
La Marina,41.3889369,2.195246,horeca
La Terraza de la Marina,41.3888732,2.1952989,horeca
Istanbul,41.3888637,2.195349,horeca
Urban,41.3887401,2.1955146,horeca
La Bar,41.405874,2.1766473,horeca
Bodega Amposta,41.371872,2.1475761,horeca
Lujomar Montjuïc,41.372099,2.1479419,horeca
FOC,41.376286,2.1890968,horeca
El Tequeñón,41.4057762,2.1839631,horeca
Taksim,41.3979385,2.1610068,horeca
O'Brindis,41.398015,2.1473229,horeca
Restaurant El Repartidor,41.3615152,2.099669,horeca
Droop,41.3612432,2.0965648,horeca
Napoli Centrale,41.3723612,2.1627295,horeca
Santagloria,41.4131467,2.1948833,horeca
La Pachuca,41.3799239,2.1791389,horeca
Boheme,41.4283077,2.1635641,horeca
Boheme,41.4297319,2.160575,horeca
Jobs,41.3885275,2.1559666,horeca
Crep Nova,41.3972069,2.1672327,horeca
Orxateria Verdú,41.3966273,2.1666895,horeca
La Taverna d'en Quimet,41.3791162,2.1257821,horeca
Bar Restaurant El Sabroso,41.3790797,2.125682,horeca
Choose,41.3787807,2.1251974,horeca
Staff Bar,41.3786579,2.1249716,horeca
La Narina,41.3790079,2.1262504,horeca
Santornemi casa de menjars,41.389902,2.1468297,horeca
Cloud,41.4075074,2.1587283,horeca
El Bar de la Tere,41.3732177,2.1024074,horeca
Bar Los Cuñados,41.3726963,2.1020863,horeca
Bar El Punto,41.3727196,2.1020479,horeca
La Tapa,41.3730249,2.1017481,horeca
Harrys,41.395037,2.1605202,horeca
Shifu ramen,41.402837,2.1987346,horeca
Burritos,41.4027056,2.1989127,horeca
L'Autèntic,41.4026622,2.1989728,horeca
Ramen House,41.4010191,2.2011408,horeca
Estación Poblenou,41.4007745,2.2014547,horeca
3 Sabores,41.4003542,2.2020073,horeca
Theminers,41.4029436,2.1986041,horeca
4uatre tapes,41.4009757,2.201194,horeca
K love empanada,41.4009349,2.2012472,horeca
Chivuo's,41.4026841,2.1989399,horeca
Cabernet,41.4016842,2.2002661,horeca
La Roda,41.4000011,2.2024618,horeca
La Sala,41.4055775,2.1620441,horeca
Posidònia,41.4054935,2.161914,horeca
La Whiskeria,41.3917652,2.1737085,horeca
Fali's Bar,41.375054,2.1734617,horeca
Holy Madre,41.4038741,2.1970852,horeca
Ramen Kuma Mon,41.3967184,2.1825213,horeca
La Sala,41.4055774,2.162044,horeca
Posidònia,41.4054934,2.161914,horeca
Bar restaurant Xinhong,41.4271229,2.1704758,horeca
Bar o'toxo de Valdeorras,41.427169,2.1702964,horeca
Artéteca,41.4038859,2.1771794,horeca
Bar Restuarant 104,41.4033538,2.1964054,horeca
Ryu Ramen,41.4036634,2.1967951,horeca
La Fleca,41.380971,2.1202806,horeca
52 moments,41.378438,2.1269782,horeca
Brunch Arau,41.3968234,2.1644979,horeca
Carte D'or,41.385943,2.1893392,horeca
Dolcevita,41.3879822,2.1351706,horeca
Tastem,41.3844001,2.1480131,horeca
El Barco,41.4195723,2.1830315,horeca
Izakaya Barcelona Gastro & Sushi,41.4199726,2.1831032,horeca
Antiu Xixona,41.4204674,2.1804756,horeca
Olaf,41.4207005,2.1809584,horeca
Il Gallo Nero,41.3810655,2.1736225,horeca
Roxy,41.3817122,2.1730562,horeca
La Taberna,41.3883666,2.1716723,horeca
Machi machi,41.388708,2.1716292,horeca
Taverna Iberia,41.3883948,2.1717497,horeca
Blau Marin,41.3815365,2.1721246,horeca
las muns,41.3956399,2.1630193,horeca
Kalamata,41.403946,2.1984873,horeca
The Chicken Bar,41.3906124,2.162481,horeca
Gin Palau Barcelona,41.3949723,2.1483532,horeca
Brasa Gaucha Grill,41.3731761,2.163473,horeca
Pappa & Citti,41.3984844,2.1476931,horeca
Animal del Vi,41.3842823,2.1800016,horeca
Drunkat,41.4048475,2.1551277,horeca
El Forn del Barri,41.4060869,2.1496332,horeca
Restaurante Prosperidad,41.405252,2.1509768,horeca
Lady Dumpling,41.4038909,2.1550417,horeca
Ramon,41.4033952,2.1556701,horeca
Slay,41.3877438,2.1610458,horeca
Elvira,41.3877065,2.1610005,horeca
Lexi’s Restaurant & Cocktail bar,41.3875963,2.1607962,horeca
Nomo,41.3875274,2.1611812,horeca
Restaurant RCNB,41.377029,2.1829032,horeca
Saona,41.3955229,2.1666919,horeca
Restaurante Cochabambino,41.3890654,2.1744536,horeca
Cafès Caracas,41.374797,2.143308,horeca
Granola,41.4159826,2.2232637,horeca
Mimo,41.3835049,2.1344463,horeca
Casa Gracia,41.3972841,2.1590992,horeca
Volcán Dorado,41.3806785,2.1407799,horeca
Bar Ateneu,41.4301555,2.1602075,horeca
Sea Breeze,41.3760179,2.1900973,horeca
KFC,41.3762264,2.1901831,horeca
Tapaboca,41.3763407,2.190185,horeca
Casa Costa,41.3764578,2.1903196,horeca
Bastian Beach,41.3703855,2.1881474,horeca
Ciutat Istanbul,41.4027541,2.1531439,horeca
La Tropa,41.4027778,2.1532021,horeca
Cuba de Janeiro,41.3766178,2.1570432,horeca
Bloome by Sasha,41.3867822,2.1748055,horeca
Pollo a la brasa,41.3856648,2.1817248,horeca
Bar Bodega Flassaders,41.3858082,2.1815212,horeca
Nou Cent Quinze,41.3854803,2.1562525,horeca
El pescadito frito,41.3854874,2.1566003,horeca
Tretze,41.3857463,2.1816005,horeca
Silvestre,41.3980758,2.1425378,horeca
Restaurant Sultan,41.4091773,2.1714254,horeca
Mexcla,41.4028276,2.1589064,horeca
Parada Urbana,41.322056,2.0860429,horeca
Isla Cristina,41.3229223,2.0880861,horeca
Granja,41.3231899,2.089379,horeca
Wok Station,41.3908959,2.1256882,horeca
Tizana,41.3999367,2.1795405,horeca
Bar Collblanc,41.3744161,2.1193585,horeca
Bar L'Ancora,41.3753931,2.1201627,horeca
Sushi TOP,41.3756496,2.1192429,horeca
Tataki Ramen,41.3761712,2.1182792,horeca
Anita Gelato,41.3804094,2.1744016,horeca
Mr. Bubble Tea,41.380517,2.1743138,horeca
Madame,41.3794503,2.170714,horeca
La Rostisseria,41.3257207,2.0928836,horeca
Anita Flow,41.3957723,2.1716752,horeca
Morgentau.,41.4038287,2.195572,horeca
Farine,41.3793014,2.139184,horeca
O'Val d'Ouro,41.3686889,2.1163757,horeca
Puglia in Tavola (Biga 41),41.3799748,2.1766783,horeca
la roseta,41.3777929,2.1902652,horeca
El chonero,41.3612679,2.1040639,horeca
O'bouzos,41.3613632,2.1044515,horeca
Baluard,41.3798726,2.1889531,horeca
L'Obrador,41.4114828,2.142352,horeca
Bitter,41.3757857,2.1622698,horeca
Collage Cocktail Bar,41.3825553,2.1815383,horeca
La Esquinita de Blai,41.3734581,2.1652502,horeca
Sun Coffee & Bakery,41.4213889,2.1872299,horeca
Santagloria,41.3892949,2.158327,horeca
Vegan Junk Food bar,41.3942515,2.1583956,horeca
Vivari,41.4174741,2.1887383,horeca
Hanaki,41.3862911,2.129785,horeca
Restaurante Garganta La Olla,41.4219482,2.1872916,horeca
Buga Ramen,41.390302,2.1439539,horeca
La Dolors. Vallcarca,41.4128628,2.1442929,horeca
Can Vilamarí,41.3822774,2.1452366,horeca
mimmar,41.396934,2.1681355,horeca
La Maroteca,41.3974838,2.167836,horeca
Bar Antoxo,41.3794097,2.1460527,horeca
Louise Se Va,41.4299471,2.161706,horeca
La Fonda d'Horta,41.4303187,2.1607018,horeca
Timesburg,41.4308189,2.1605988,horeca
Pizzamarket,41.4307722,2.1606523,horeca
La Candelita,41.4299784,2.1616685,horeca
L'ARTE DELLA PIZZA,41.4038339,2.1666065,horeca
TWIST,41.4098902,2.1711906,horeca
Cap Problema,41.3979084,2.1939378,horeca
DONDE DARÍO,41.4110311,2.17136,horeca
"Ice cream, coffee & crepes",41.388431,2.2015089,horeca
Las Muns,41.3880697,2.2019583,horeca
Starbucks,41.3765735,2.1506769,horeca
Bartical,41.3961208,2.1786323,horeca
Milanesa,41.3990822,2.1747395,horeca
Paradiso - Time Out Market,41.3749476,2.1819379,horeca
AJI PANCA,41.3710211,2.1372814,horeca
Gurleen Barbacoa,41.370213,2.1376207,horeca
La esquina,41.4160328,2.1811739,horeca
TC,41.4140197,2.1779126,horeca
Rosebelle,41.4076643,2.1700127,horeca
Anita's Bar Vela,41.3672985,2.1893426,horeca
Nonna's Brunch,41.3832707,2.1816282,horeca
La sabrosita,41.4084208,2.170844,horeca
Boca-Tapa & Company,41.4297791,2.2203682,horeca
Roger,41.3876221,2.1736824,horeca
Bemba,41.4060948,2.1597082,horeca
Domino's Pizza,41.4430478,2.1785998,horeca
Corgi café,41.3841903,2.1725264,horeca
Port Nou,41.3808681,2.1813318,horeca
El Capricho,41.4229257,2.2231108,horeca
El Fornet del Barri,41.4241051,2.2286269,horeca
Arashi,41.4300793,2.1822855,horeca
Exotica,41.3891639,2.1759224,horeca
Eurodoner,41.4381987,2.1759706,horeca
Cafes Caracas,41.3874884,2.1778508,horeca
Granier,41.438326,2.1732333,horeca
Rincón De Molina,41.4016018,2.1460032,horeca
KFika,41.4000667,2.1454676,horeca
Zafra,41.3955938,2.170393,horeca
Little Caesars,41.3754584,2.1281067,horeca
BAR TOMAS,41.3760717,2.1035139,horeca
BAR SALAMANCA,41.3762914,2.1002395,horeca
SABORPOLLO,41.375875,2.1063548,horeca
COLLBLANC DONER KEBAB,41.3762176,2.101743,horeca
Masti,41.3987629,2.1729813,horeca
yoüme,41.3992278,2.1723467,horeca
La Tasca d'Or,41.3989837,2.168096,horeca
El Burgà,41.3997119,2.1733641,horeca
Jardinets de Gràcia,41.3989883,2.1587557,horeca
Mati's,41.4300658,2.1423039,horeca
Bar-Celona,41.3934776,2.1532877,horeca
Bar Costa Rica,41.4034432,2.1613955,horeca
Vegetalia,41.3764654,2.1629262,horeca
Nissi,41.4414936,2.1770013,horeca
Vicio,41.4056752,2.1502996,horeca
Cotti,41.4056007,2.1497141,horeca
Antiga Granja Lesseps - El Canari,41.4061041,2.1495742,horeca
Terra Mar,41.3970496,2.2018013,horeca
Foment bar,41.4107707,2.1823665,horeca
El Reloj,41.3859068,2.1763421,horeca
Alegoria Restaurant,41.3829574,2.1709107,horeca
Gelateria,41.3867234,2.1663215,horeca
Nineteen,41.3861747,2.1709946,horeca
Jolie's,41.3863843,2.1646944,horeca
Tortillez,41.37717,2.1614626,horeca
Samantha's - Mediterranean Restaurant,41.3799874,2.1758754,horeca
Croq & Roll Croqueteria,41.387044,2.1545158,horeca
Brasas Beer,41.3777832,2.1434435,horeca
Guito,41.3824995,2.1584863,horeca
Bar Saltimbanqui,41.400399,2.1823507,horeca
Fasian,41.3511197,2.1159873,horeca
El Brot de l'Hospitalet,41.3618844,2.100516,horeca
Carn d'Olla,41.3612241,2.0980783,horeca
Jerusalem Barcelona,41.4138752,2.2254154,horeca
Starbucks,41.3919806,2.1807969,horeca
Moimo,41.3884997,2.1620857,horeca
Rincón de Vietnam,41.3886359,2.1615144,horeca
Monster Sushi,41.3858585,2.1624298,horeca
Il Gelato,41.3636102,2.0853294,horeca
Hellosoft,41.3909275,2.1580491,horeca
Tellarer,41.3906401,2.1581174,horeca
Cerveseria DNI,41.3905104,2.1584021,horeca
Mama Chula,41.3894774,2.1616002,horeca
Mic Sopars,41.4051579,2.1616387,horeca
Nou Soto d'Horta,41.4359085,2.1540172,horeca
Club Petanca Valldaura,41.4371874,2.1561619,horeca
Qori punku,41.373568,2.1213582,horeca
RiasKru,41.3742435,2.1545489,horeca
Bar Granja L'Angelet,41.414278,2.192585,horeca
Cafetería Vivari,41.4173849,2.1845353,horeca
Poke house,41.3627471,2.1051544,horeca
El sazón de Venezuela,41.3626067,2.1048317,horeca
El sazón de Isabel,41.3625198,2.1048174,horeca
Maka,41.3624729,2.1048372,horeca
El chonero,41.3624295,2.1048416,horeca
El arriero,41.3624264,2.1048937,horeca
La marfileña,41.362438,2.1049318,horeca
Anubis,41.3626148,2.1052605,horeca
Súper tropical,41.3626179,2.1048892,horeca
Casal de Barri Prosperitat,41.4417063,2.1799044,horeca
Bar Cactus,41.4375924,2.2238594,horeca
Capitán K10,41.4093155,2.171607,horeca
Frankfurt,41.4094724,2.1718046,horeca
Bruma,41.3871222,2.1608301,horeca
Picardia,41.3867806,2.1601982,horeca
Coffee with Bread,41.3854585,2.1580371,horeca
Flor,41.3854014,2.1579721,horeca
Kurimu,41.3843969,2.1559215,horeca
La Guapa,41.3856024,2.1542408,horeca
Grupo O'Retorno,41.3867344,2.1527767,horeca
Brutal58,41.387035,2.1533604,horeca
Wen Zhang Bar,41.3872748,2.156503,horeca
La Masovera,41.4125134,2.2032873,horeca
Ristorante Corleone,41.376687,2.1213883,horeca
Kevabrö,41.3893318,2.1614206,horeca
La Glace,41.3919042,2.1789899,horeca
Bar Prada,41.3741315,2.1663026,horeca
Cafeteria La Pau,41.4227523,2.2088597,horeca
Miny,41.3957733,2.1989731,horeca
CASA AMPARO - Plats cuinats,41.4076389,2.1726171,horeca
Bracafé,41.4107576,2.1565604,horeca
Mami,41.37557,2.1220861,horeca
Pou De Glaç,41.4683013,2.0798698,horeca
365 Obrador,41.4682275,2.0791387,horeca
Ugga Street,41.4682668,2.0792185,horeca
Raices,41.4086661,2.1819484,horeca
Bar Do,41.4108163,2.1826425,horeca
Caldeira,41.371142,2.1463835,horeca
Marie Blachère,41.3847422,2.1720265,horeca
Repúblic Cafè,41.3987683,2.2044872,horeca
La Fábrica Empanades Argentines,41.3845807,2.1794178,horeca
La Chirigota Brazil,41.3953325,2.1647243,horeca
Superlocal,41.3889389,2.2005876,horeca
Faborit,41.3888905,2.2008497,horeca
Nuara,41.3880353,2.2016657,horeca
Casa Carmen,41.3877045,2.2020953,horeca
Eldelmar,41.3882514,2.2016784,horeca
El Tribut,41.3886392,2.2011813,horeca
Kresala,41.3890052,2.200694,horeca
CroisSants,41.3754445,2.1390821,horeca
Onyva,41.3949328,2.1451854,horeca
Garage,41.3871021,2.1339478,horeca
Cupa Coffee,41.3909287,2.1490409,horeca
Muteki Japanese Ramen,41.3882573,2.1675861,horeca
Mama,41.3914088,2.1613888,horeca
Ana's,41.3909299,2.1675288,horeca
Via Fora,41.3976648,2.1567645,horeca
Naranjito,41.4113331,2.1900349,horeca
Restaurant Ibèria,41.3572983,2.1437549,horeca
Ca l'Otília,41.4115907,2.1769186,horeca
Santagloria,41.3743272,2.1239334,horeca
Agababaa Döner Kebap,41.3968111,2.1736117,horeca
Gelato Bar de Cremeria Toscana,41.3968711,2.1736182,horeca
Lluritu 3,41.3971462,2.1730758,horeca
Bar del Clinic,41.3890892,2.1513655,horeca
Three Marks Coffee,41.3971791,2.1832075,horeca
Venecia,41.4285003,2.1809001,horeca
Mis panas Restaurant,41.4353115,2.2194256,horeca
Wu Kong,41.3760012,2.162972,horeca
Benzina,41.3761386,2.162787,horeca
L'Atelier de Blai,41.3740817,2.1636413,horeca
Lora,41.4156911,2.2268431,horeca
L'Anxova divina,41.415832,2.2270356,horeca
Trigo Coffee,41.3839363,2.1793503,horeca
Montoro Padre,41.4633162,2.1844124,horeca
Almayer Cocktail Bar,41.3994916,2.1587764,horeca
The Burger Maker,41.3817216,2.1706013,horeca
The Toast Maker,41.3816575,2.1704635,horeca
Panda há,41.3819129,2.1709971,horeca
El kit-kat,41.3819329,2.1710821,horeca
Austins heritage diner,41.3816232,2.1703717,horeca
Labath,41.4004874,2.1993727,horeca
La Madrina,41.378234,2.1885987,horeca
Bar Cantonada,41.4378257,2.221669,horeca
Kepler,41.3871196,2.149485,horeca
Miski Mikuy,41.4077038,2.1682368,horeca
Bar Restaurant Gabi,41.4120433,2.184862,horeca
La silla rota,41.3604612,2.1089038,horeca
La Maison Belge,41.3786552,2.1290254,horeca
Santagloria,41.3789856,2.1288687,horeca
Sandy's,41.3785636,2.1279734,horeca
Prados,41.3785166,2.1278858,horeca
Casa Bao,41.3757153,2.1405455,horeca
Panxot,41.3783063,2.1298003,horeca
O'Curnicciell,41.3784836,2.1297615,horeca
Cafè Miller,41.3772971,2.1301769,horeca
El Pebrot i el Petit Cargol,41.3761164,2.1367887,horeca
Ripollès,41.3761868,2.13065,horeca
Ñam ñam,41.3914017,2.1737129,horeca
Sr. Han Spicy Hot Pot,41.3844348,2.1593201,horeca
Mono Cafe,41.3990651,2.1974872,horeca
Mañé,41.3797449,2.1598439,horeca
Domino's Pizza,41.4048876,2.1413949,horeca
Tapería Catalana,41.3917625,2.1628229,horeca
303 Audiophile Bar,41.3911815,2.1729313,horeca
Royal King,41.408697,2.2049448,horeca
Brutalia,41.4088835,2.2040103,horeca
Cubagua,41.4004271,2.1740576,horeca
Frankfurt Ruben's,41.3227898,2.0875624,horeca
Coffee + Botiga,41.3861533,2.1806086,horeca
Lady Babka,41.3942991,2.1375559,horeca
Bodega Andrade,41.4167942,2.2020223,horeca
Off-Street,41.4187284,2.1784569,horeca
gea the healthy bakery,41.3735159,2.1550338,horeca
La 29,41.4053512,2.1397865,horeca
TriBite,41.3893444,2.1631926,horeca
Bilmonte gelato,41.3893451,2.1636002,horeca
Ikki,41.3730477,2.1701127,horeca
Juncá,41.4290138,2.2037765,horeca
El Corner,41.4282759,2.2051225,horeca
L'Hostalet,41.4445096,2.1800953,horeca
TESICAFES,41.4372182,2.1721477,horeca
Fragola Pizzeria,41.4380944,2.1732143,horeca
J. Love Coffee,41.4059096,2.1983947,horeca
Palique,41.4030193,2.1338259,horeca
Restaurante la mansión,41.3784807,2.1375984,horeca
Acero Burgers,41.382214,2.1389158,horeca
El Sentit,41.3683019,2.131873,horeca
Gauchitos Grill,41.3650865,2.1199683,horeca
Mirabé,41.4161484,2.1321557,horeca
Keik,41.3940988,2.1345136,horeca
4 Pokes,41.404044,2.196872,horeca
La llesca de Bailèn,41.4005445,2.1655583,horeca
La Miris,41.4546913,2.2230433,horeca
Vivari,41.3952554,2.1731349,horeca
La.Placeta del Gust,41.3835482,2.0737921,horeca
Argento's,41.3957573,2.1724265,horeca
Capri,41.3686401,2.1086469,horeca
Rincón de Amado,41.3964344,2.1715575,horeca
Via Bailèn,41.3952811,2.1730133,horeca
La Dulzura,41.4016074,2.1642395,horeca
Los Cuñados,41.3727226,2.1021087,horeca
El Sueño,41.3724726,2.103556,horeca
Punt de Mira,41.3943695,2.1742957,horeca
Coush Armo,41.3983492,2.1689868,horeca
Cierzo,41.3946301,2.173834,horeca
Funky,41.3950602,2.172809,horeca
Gràcie's bar,41.4004833,2.1631873,horeca
El Capritx del Pa,41.3945034,2.1740237,horeca
Foodlona,41.3947085,2.1710767,horeca
Spas,41.3998838,2.1664809,horeca
Granja Vendrell,41.3942962,2.1716123,horeca
Lulu La Douce,41.391825,2.1981747,horeca
Coffe Spot,41.4237344,2.2214168,horeca
Pans & Company,41.381512,2.1732116,horeca
Bar Milano,41.4064002,2.1681531,horeca
Grasa,41.3768358,2.1899883,horeca
Caracas,41.3847865,2.1641633,horeca
Pizza Can Será,41.3705378,2.1011149,horeca
SeaYou,41.3877519,2.1622874,horeca
Udon,41.4409849,2.1983012,horeca
233 Grill & Wine,41.3859126,2.1586312,horeca
delaCrem,41.3865174,2.1592849,horeca
Pizzamarket,41.3884526,2.1567971,horeca
Il Pizzaiolo de Bellvitge,41.3496343,2.1128486,horeca
Gigi,41.3861268,2.1621131,horeca
Lola Divine,41.4086987,2.2030706,horeca
Café 85ºC,41.400438,2.2018883,horeca
SÃO,41.4035649,2.1976951,horeca
Momocho,41.4038478,2.1973236,horeca
La Federica,41.372592,2.1662992,horeca
Bari Coffee,41.3954899,2.1968061,horeca
Core Coffee,41.3874464,2.1635336,horeca
Ascensor Bar,41.3821941,2.1784341,horeca
Café con Qué?,41.3599402,2.1335229,horeca
Luigi,41.3986728,2.2045945,horeca
Despacito,41.404409,2.2037861,horeca
Cafeteria Savana,41.4049911,2.2031443,horeca
L'Altra Bruixa,41.4053685,2.2047569,horeca
El Argumón,41.4047568,2.2055825,horeca
Santa Claudia,41.402792,2.200167,horeca
Otro Romero,41.4084601,2.1957378,horeca
Casa María,41.4092272,2.1764457,horeca
Can Vicens,41.4050382,2.2025242,horeca
Casa Fino,41.4052021,2.2023483,horeca
Wild Beef,41.375203,2.1531703,horeca
Lucciano's - The Moon,41.3808433,2.1749337,horeca
Dodo Bar Restaurant,41.3860989,2.1435176,horeca
Restaurant l'Andreuenc,41.4306989,2.1889919,horeca
Pasa-Pasa,41.3799451,2.1595478,horeca
Sushi House,41.3801863,2.1519095,horeca
Manteca,41.3800425,2.1512372,horeca
Aromas,41.3797401,2.1599447,horeca
Emilio's,41.3799719,2.1511417,horeca
Vermuteria Lola,41.379795,2.1508971,horeca
Salad Market,41.3876337,2.1312322,horeca
Da Zhong,41.3932682,2.1806854,horeca
Mr. Foccacia,41.3735265,2.1647484,horeca
Soul Cafe,41.3804922,2.1799605,horeca
Gloria. Forn de pa i pastisseria,41.3866987,2.1374147,horeca
L'estoneta,41.3867246,2.1373592,horeca
Oh Mommy!,41.3868832,2.1363917,horeca
La Fresca,41.3805681,2.1881041,horeca
Bar del Camp,41.4180393,2.1945246,horeca
Mustafa's Gemüse Kebap,41.4055418,2.1742757,horeca
Parking Pizza,41.3843491,2.1620372,horeca
Greek Pastry,41.3803209,2.190825,horeca
Corea Street Food,41.3734457,2.1363843,horeca
Pausa Brunch & Bar,41.3732635,2.1309231,horeca
Angus Grill Steakhouse Brasserie,41.3781296,2.150969,horeca
Oakberry Açai,41.3774839,2.1599894,horeca
Manolo Bakes,41.4055794,2.1921036,horeca
Mangle,41.3864992,2.1352126,horeca
Bar Ana,41.4159388,2.1878907,horeca
La tasca del blai 12,41.3733034,2.1656929,horeca
LeccaBaffi,41.3977924,2.1697603,horeca
Al Bistro,41.374431,2.1626814,horeca
Nou Poble Sec,41.3741383,2.1634547,horeca
Café Sol,41.3723698,2.1637101,horeca
Dera,41.3743642,2.1664681,horeca
Snack Food Halal,41.3743733,2.1625357,horeca
Barkada,41.3745047,2.1625038,horeca
Salad Market,41.3864886,2.1246656,horeca
D'Arana,41.3861139,2.1249722,horeca
Cigua Palmera,41.3744186,2.1666854,horeca
Amor Lounge,41.3742446,2.1663763,horeca
Las Maruchitas,41.3741355,2.1631628,horeca
Pata Negra,41.3865318,2.1267193,horeca
Cups & Coffee,41.3856063,2.1263602,horeca
El Templu La Sidra,41.3727782,2.163854,horeca
Healthy Poke,41.3869342,2.1243325,horeca
DASO,41.3867797,2.1264639,horeca
Bar Venecia,41.36628,2.1037,horeca
MONTFERRY,41.4377378,2.2055581,horeca
gelato collection,41.3848596,2.1707807,horeca
Xarcuteria Galobart,41.4018042,2.1728659,horeca
The Miners Speciality Coffee,41.404775,2.1760139,horeca
Zakaya Ramen House Barcelona,41.3755368,2.1669935,horeca
Vila i Vila,41.3745457,2.1679517,horeca
Dino Gelato Italiano,41.3732404,2.1654869,horeca
Pizza Torre,41.3743082,2.1676316,horeca
Bar Andres El Rey del Bocadillo,41.3738757,2.1687576,horeca
Gons I,41.3754665,2.1376884,horeca
Snack Bar Leonés 2,41.3742618,2.1691498,horeca
Hanasaki,41.3751817,2.1595189,horeca
El Mo,41.3751844,2.1594557,horeca
Fiorito,41.3763688,2.1569769,horeca
Ivette's Coffee,41.3751876,2.1578698,horeca
Chiringuito,41.3751879,2.1591755,horeca
Vivari,41.3761847,2.1578722,horeca
Oryza,41.375186,2.157797,horeca
Malquerida,41.3755452,2.1566714,horeca
Brasá,41.3759816,2.157238,horeca
Empanada Club,41.3754572,2.1378086,horeca
Vinòdrom,41.3763098,2.1576577,horeca
Wendy's Bar,41.3757792,2.1569817,horeca
Masaniello,41.3762678,2.1357896,horeca
Al Grano,41.3760916,2.1578561,horeca
Bodega Mistral,41.3765762,2.1570961,horeca
Roast Club,41.3757021,2.1568809,horeca
la bikineria,41.3897834,2.1363603,horeca
la tosta,41.3896724,2.1359164,horeca
Pho viet,41.3775753,2.1602689,horeca
Corgi cafe,41.3876579,2.1578437,horeca
Metro,41.3675191,2.1032903,horeca
Swing,41.4501114,2.2295818,horeca
Marta's Lemon Pie,41.3895246,2.1353464,horeca
Muerdo,41.3894322,2.1349656,horeca
Kurz & Gut,41.3891088,2.1362792,horeca
Petit Grill,41.3891901,2.1364004,horeca
la Tagliatella,41.3892738,2.1365356,horeca
Jaiba,41.3889036,2.1359165,horeca
Laboyana Café,41.3763641,2.1581962,horeca
Lucas,41.3883518,2.150993,horeca
El Sarau,41.3807786,2.1809579,horeca
El Murri,41.3879074,2.135264,horeca
Bon Proveito,41.3859614,2.1806317,horeca
C81,41.3802051,2.1903478,horeca
Buriti - Poblenou,41.4021886,2.2051979,horeca
Carl's Jr.,41.3871057,2.1672894,horeca
Café Fargo,41.3730833,2.1366432,horeca
El Plat Pla,41.3748817,2.1361093,horeca
.paradero,41.3797958,2.159212,horeca
El Capricho,41.4152983,2.2208034,horeca
Xurrería Manchega,41.4515872,2.2165295,horeca
Casa Jordi,41.3945293,2.1477659,horeca
Smash,41.3899943,2.1570121,horeca
Monitaula,41.3899742,2.1163465,horeca
La Peixera Cultural,41.4334712,2.1769254,horeca
Punto.Sabroso,41.3715782,2.1370143,horeca
La Patxca,41.3719759,2.1580157,horeca
La Terrassa del MNAC,41.3689763,2.153452,horeca
Casernes Terraza Bar,41.4438908,2.191861,horeca
La Tasca de Blai,41.3733054,2.165678,horeca
El Guajolote,41.3875786,2.1341017,horeca
Vicio,41.386018,2.1656059,horeca
Balordi,41.3750253,2.1474397,horeca
Blooms by Sasha,41.4071832,2.1742204,horeca
El Casinet 1903,41.4291363,2.1721379,horeca
Nuri,41.4372202,2.1591825,horeca
Mutet,41.435397,2.1622702,horeca
Polleria Margarita,41.4360344,2.1626995,horeca
Santagloria,41.4373261,2.1616801,horeca
Taxi,41.4374202,2.162111,horeca
Socis d'Horta,41.4374685,2.1613595,horeca
Monty's,41.4363473,2.161031,horeca
¡Caliente Caliente! Shawarma,41.3855953,2.1610216,horeca
Bar Gisela,41.446453,2.1852845,horeca
El Surtidor,41.3612601,2.1069078,horeca
Guten free lab,41.3854938,2.1603282,horeca
Planes,41.3750578,2.1191118,horeca
365,41.3895668,2.1380002,horeca
365,41.4294521,2.1839963,horeca
Jijonenca,41.4352482,2.1915598,horeca
Massamara,41.4316887,2.1894733,horeca
Vivari,41.4357514,2.1913563,horeca
365,41.4362415,2.1909321,horeca
El Taller,41.436993,2.1909454,horeca
Cafetería tres,41.4375241,2.1898941,horeca
Hyde Park,41.4375107,2.1896327,horeca
Sapri Pizza,41.4371809,2.1894036,horeca
Al Meu BB,41.4292851,2.1841168,horeca
Ruta Gallega,41.431357,2.1892926,horeca
Xador,41.386578,2.1320201,horeca
Bolero bar,41.3867215,2.1318111,horeca
la llibreria,41.3865306,2.1327173,horeca
San Kil,41.4078822,2.1600871,horeca
Goiko,41.4230312,2.1785111,horeca
Pampero,41.3895274,2.1605326,horeca
Petit Muu,41.3895285,2.1608901,horeca
Lamburguesa,41.4178052,2.1760427,horeca
Malkoa,41.359574,2.0983087,horeca
Dune,41.3752576,2.1297298,horeca
Casa De Waipo,41.3942219,2.1757654,horeca
Savannah,41.3840735,2.1828608,horeca
Choroni,41.3604376,2.1099638,horeca
ALIMENTACIÓ MONK,41.3831563,2.1812532,horeca
Siro Bar,41.4297136,2.1584604,horeca
el cafè de la cantonada,41.4299211,2.1590791,horeca
Casa Bella,41.3770587,2.1752017,horeca
Sabores express,41.3752996,2.1359142,horeca
The gril bitz,41.3754299,2.1398617,horeca
Bar Pande,41.3590255,2.1049164,horeca
Sabor 306 L'H,41.3583466,2.1031571,horeca
McDonald's,41.3647941,2.1315746,horeca
Bar Yuryei,41.3604889,2.1090484,horeca
Forus Les Corts,41.3852989,2.1344829,horeca
Kafenion,41.3930496,2.1669201,horeca
Cafè De Finca,41.3847184,2.1779543,horeca
Arcoiris Bar Librería,41.4342805,2.1719298,horeca
Cantina Don Lalo,41.3771788,2.1380806,horeca
Granja La Lluna,41.4254149,2.1799463,horeca
Mood,41.390124,2.1776735,horeca
La Grangeta del Raval,41.3816022,2.1674349,horeca
DeCent Coffee & Brunch,41.3830807,2.154745,horeca
Mano Indian Cuisine Bar & Restaurant,41.4326138,2.1773759,horeca
The Comedy Clubhouse,41.3823165,2.1811235,horeca
Green Café,41.3816787,2.1666239,horeca
Blau i Verd,41.38959,2.1639874,horeca
Mar Terra,41.3924716,2.1618525,horeca
Healthy Poke,41.3862314,2.1649995,horeca
Foster's Hollywood,41.3869811,2.1669608,horeca
Bar Radio,41.3797487,2.1576482,horeca
Ginos,41.4046703,2.1913929,horeca
Never Cocktail Bar,41.3790178,2.1663877,horeca
Casa Galega de l'Hospitalet,41.3681013,2.1308899,horeca
Oakberry Açai,41.3912572,2.1342302,horeca
Libreria Saint Jordi,41.3818792,2.1760292,horeca
Bar 64 - Chess-inspired cocktail bar,41.3927304,2.177792,horeca
Cevitxef,41.3920481,2.1532252,horeca
Diobar,41.3855218,2.1854665,horeca
Bamboo,41.3785568,2.1922253,horeca
El Mos,41.3863545,2.1729624,horeca
Dr Flow,41.3843301,2.1800668,horeca
TKO TACOS,41.4055611,2.1745747,horeca
La Taska Show Bar,41.3919265,2.1504139,horeca
Perros Mediterráneos,41.3759236,2.1647308,horeca
Miramelindo,41.3846023,2.1825271,horeca
Emozioni,41.4245967,2.1903333,horeca
Billy Brunch,41.3879561,2.178738,horeca
La Bodegueta de Cal Pep,41.3727881,2.1356946,horeca
Ritmo Fusion,41.3739004,2.1641828,horeca
Tartela,41.3751621,2.1355399,horeca
Casa Xica,41.3722776,2.1594142,horeca
Sabor a mar,41.3908832,2.2024029,horeca
Vaimoana,41.3943611,2.2064956,horeca
Bodega del Born,41.3838867,2.1813699,horeca
Rincón del norte,41.380506,2.1323832,horeca
Lush Poke,41.3795091,2.1321445,horeca
Moica,41.3795313,2.1322105,horeca
Santagloria,41.3825209,2.1317905,horeca
.Ai.CHa,41.3820614,2.1317118,horeca
Tripolaris,41.3831447,2.131529,horeca
Pannia,41.3828464,2.1316278,horeca
Domino's Pizza,41.4244089,2.1774922,horeca
Pulcinella Pasta e Pizza Napoletana,41.403256,2.2025076,horeca
Máncora,41.3802055,2.1555371,horeca
Asala,41.4013702,2.2010858,horeca
Da Dina,41.3745025,2.1421685,horeca
Atithi Indian Restaurant,41.4083314,2.1821158,horeca
Daal Roti,41.4008719,2.1457213,horeca
El Racó Italià,41.4519957,2.2203594,horeca
Jijonenca,41.3847295,2.170994,horeca
Santa Anna,41.385024,2.1712658,horeca
El rincón,41.4442565,2.1761743,horeca
Hot kebab pizzeria,41.4427036,2.1741938,horeca
Santana,41.4435026,2.1757139,horeca
Bar Ocio,41.4416393,2.1767324,horeca
Catrachos Óscar,41.4417088,2.1766455,horeca
Almansa Doner Kebab Pizzeria,41.4418852,2.1764213,horeca
Cumpanamá,41.3981079,2.1688716,horeca
Casa Marcelino - Rincón del Vino,41.3968487,2.1758146,horeca
Pepa Bar a Vins,41.3877377,2.1600138,horeca
L'Ube Kape,41.3858819,2.160859,horeca
La Isabela,41.3835134,2.1709357,horeca
Melodia Bar Restaurante,41.4056644,2.1824237,horeca
El Botarron,41.4082726,2.1874494,horeca
Saravanaa Bhavan,41.3839513,2.1716198,horeca
Coffee Casa,41.3867794,2.1801703,horeca
Pastelato,41.3864578,2.1802065,horeca
Pizza Local,41.3838414,2.1797421,horeca
Gòtico,41.3810077,2.1799974,horeca
Xurreria Santa Eulàlia,41.3673207,2.129411,horeca
El Castell d'en Sacha,41.4129032,2.1622119,horeca
Motor Oil Bar,41.3810198,2.1804688,horeca
Bar Buenavista,41.3703879,2.1065091,horeca
Blue Bro's Pizza,41.4323483,2.1929838,horeca
Tropical,41.3824956,2.050935,horeca
Honest Greens,41.3837858,2.1500418,horeca
BeGay,41.3996866,2.2130529,horeca
Cafe Solo,41.3760745,2.1555853,horeca
Shonropo Sants,41.3813876,2.1419966,horeca
Shonporo Sants,41.3810143,2.1437003,horeca
Cafetería Cervecería La Plaza,41.4230895,2.1884777,horeca
Bar Dijous,41.3800786,2.1507977,horeca
La Sosenga,41.3860076,2.1742466,horeca
Frankfurt,41.3598673,2.1333758,horeca
Le Petit Paris,41.360629,2.1343857,horeca
Bokaap,41.3934055,2.2057017,horeca
Random,41.3903573,2.2013781,horeca
Bistrot by Lady Babka,41.3836204,2.180194,horeca
Gran Tonino Piano Club,41.3948453,2.1437602,horeca
Agosto & Un,41.3818643,2.1891213,horeca
L'Amagat,41.424338,2.1748963,horeca
Eiffel Lounge,41.4428715,2.175832,horeca
Bar Paca,41.4439367,2.1757771,horeca
Cuina ràpida Ca l'Asia,41.4434174,2.176323,horeca
Cañas y tapas,41.4435281,2.1764928,horeca
Vitager Cafe,41.3969725,2.175604,horeca
Kokkiri Ricedog & Fried Chicken,41.3821482,2.1663215,horeca
Vermuteria,41.3854983,2.1789133,horeca
Fusión Lepant,41.4118258,2.1671545,horeca
Lavash,41.3962401,2.1654202,horeca
Gelati Dino,41.3841325,2.1826121,horeca
Salvaje,41.3748919,2.1902022,horeca
Alevoso Bar,41.4076467,2.1882333,horeca
Masa Vins,41.3971628,2.1927501,horeca
AlgoRitmo,41.401904,2.1619726,horeca
Tiger Tiger,41.3753587,2.1425848,horeca
Picaresca,41.3857277,2.1797305,horeca
Chennai Masala Dosa,41.390969,2.1737392,horeca
Poca-Solta,41.3878764,2.1675041,horeca
Bar Guinardó,41.4188477,2.1772436,horeca
Montserrat Bar Restaurant,41.4225152,2.1749386,horeca
La bodegueta de Guinardó,41.4212552,2.1745691,horeca
Vermuteria Catalana,41.4215093,2.173102,horeca
Bar Lips,41.4197038,2.1726379,horeca
Sushi Yoi,41.4265815,2.1726266,horeca
La Cresta,41.4223336,2.1759878,horeca
La Mulatona,41.4207295,2.1767737,horeca
La Cucina di Pulcinella,41.4197052,2.177395,horeca
Autèntico Pizzeria,41.4245482,2.1763809,horeca
Bar Saint Michel,41.4240074,2.1741787,horeca
Burger Music 282,41.4244432,2.1762864,horeca
Bar Celona Chic,41.4199095,2.173087,horeca
Zorita,41.4167656,2.1703894,horeca
La Moderna,41.4111557,2.1746367,horeca
Gaudeix,41.4086671,2.1745511,horeca
Divan Tapes,41.4055862,2.1742676,horeca
La Pruna,41.4253384,2.179809,horeca
Bar Lua,41.4262802,2.1702977,horeca
Panna Gelati,41.3849846,2.1831156,horeca
Casa Sanzano,41.4044114,2.1769779,horeca
CARAMBOLA,41.404423,2.1763682,horeca
Buriti - Sant Antoni,41.3779885,2.1616231,horeca
Colmado Puntal,41.3864434,2.180058,horeca
Blai Stop 48,41.3742421,2.1632362,horeca
GELATOMANIA,41.3759283,2.1534751,horeca
Amapola,41.3793075,2.1751317,horeca
Laietana,41.3881523,2.1730189,horeca
Taco Bell,41.3871485,2.1674129,horeca
La Deliciosa,41.3737802,2.1895692,horeca
Salvaje,41.3757745,2.1905679,horeca
Pizza Raval Bar,41.3843449,2.1697812,horeca
,41.408743,2.1520075,horeca
Lamáro,41.4207818,2.1988116,horeca
El cangrejo,41.3772748,2.1749382,horeca
Еда на вынос,41.4146834,2.1449877,horeca
The Mint,41.3814266,2.182686,horeca
MUSSOL,41.3916668,2.164503,horeca
Dal Moro’s,41.404881,2.17801,horeca
Sukhothai,41.3977931,2.1476686,horeca
Trady station,41.3797974,2.1392384,horeca
Armando,41.3850552,2.1443617,horeca
Wan Wan,41.3791412,2.1448729,horeca
Casa Fong,41.4040389,2.1722669,horeca
Brooklyn,41.3917566,2.1464247,horeca
Crep Nova,41.3916215,2.1464221,horeca
Dolceta-2,41.3911841,2.1469378,horeca
Un Décimo,41.3922537,2.1476787,horeca
Burger Heroes Barcelona,41.3794062,2.1757326,horeca
Taj Mahal,41.4099399,2.1751385,horeca
Ruma's Coffee,41.3792707,2.1759702,horeca
Little Viet,41.4109645,2.1748135,horeca
EURO DONER KEBAB,41.4344589,2.2054299,horeca
Sabino y Mari,41.4343399,2.205483,horeca
Bar Dow Jones,41.3955024,2.1677449,horeca
,41.3758493,2.1873629,horeca
,41.3790994,2.1919103,horeca
,41.3950306,2.0553899,horeca
,41.3787615,2.1081491,horeca
,41.4023299,2.1141365,horeca
,41.3965702,2.1280542,horeca
,41.4563868,2.1969463,horeca
,41.4272301,2.1404111,horeca
,41.3631846,2.0838726,horeca
,41.4368117,2.1475176,horeca
,41.4648587,2.19041,horeca
,41.402028,2.1457078,horeca
,41.3474131,2.0777949,horeca
,41.4645983,2.1901843,horeca
,41.4122133,2.1896043,horeca
,41.4662191,2.1805122,horeca
,41.4661972,2.1806422,horeca
,41.3842121,2.1706668,horeca
,41.4129443,2.1309347,horeca
,41.3658425,2.1546607,horeca
,41.3777675,2.0580409,horeca
,41.3773687,2.0578425,horeca
,41.3778266,2.0546924,horeca
,41.4214676,2.1195645,horeca
,41.3895408,2.1553488,horeca
,41.4457382,2.1772349,horeca
,41.3619437,2.1199245,horeca
,41.3794019,2.1073452,horeca
,41.4278382,2.1428483,horeca
,41.3774959,2.1908321,horeca
,41.4060906,2.2141094,horeca
,41.4045883,2.2131215,horeca
,41.358096,2.0918475,horeca
,41.3512446,2.0857555,horeca
,41.3683739,2.0791365,horeca
,41.4561032,2.2105491,horeca
,41.455484,2.2085643,horeca
,41.4558807,2.2091566,horeca
,41.36345,2.1147513,horeca
,41.4029891,2.1538821,horeca
,41.3855349,2.1287111,horeca
,41.3883968,2.1515729,horeca
,41.44449,2.072938,horeca
,41.4445986,2.0728521,horeca
,41.4445463,2.072938,horeca
,41.3945576,2.1433219,horeca
,41.3535572,2.0869096,horeca
,41.4054874,2.2129348,horeca
,41.4049072,2.2135678,horeca
,41.4052615,2.2126526,horeca
,41.419547,2.1009507,horeca
,41.4140488,2.199303,horeca
,41.4145455,2.1998787,horeca
,41.3751385,2.1163605,horeca
,41.4053857,2.176719,horeca
,41.3909279,2.1978477,horeca
,41.4292996,2.1822972,horeca
,41.4295591,2.1811277,horeca
,41.4293038,2.182678,horeca
,41.4295209,2.1823293,horeca
,41.4297482,2.1818894,horeca
,41.3905416,2.1980998,horeca
,41.3915034,2.1980784,horeca
,41.3819183,2.1477153,horeca
,41.389468,2.1570492,horeca
,41.4337427,2.148479,horeca
,41.4027631,2.1988499,horeca
,41.3749084,2.1860702,horeca
,41.3754639,2.18776,horeca
,41.3864307,2.1915528,horeca
,41.3992962,2.2037652,horeca
,41.3613764,2.0830151,horeca
,41.3601021,2.0825779,horeca
,41.3867025,2.1510919,horeca
,41.391002,2.155619,horeca
,41.3935416,2.1843499,horeca
,41.4110582,2.1614429,horeca
,41.3962334,2.1819558,horeca
,41.4096812,2.1625203,horeca
,41.3904702,2.1509887,horeca
,41.3856889,2.1542213,horeca
,41.3598228,2.0814703,horeca
,41.3600764,2.0804618,horeca
,41.4121053,2.1626415,horeca
,41.3656422,2.154134,horeca
,41.375764,2.1761434,horeca
,41.4034512,2.1729699,horeca
,41.3970854,2.1928808,horeca
,41.4165011,2.1945684,horeca
Tirabuixo Bar,41.4157708,2.1951529,horeca
,41.4171202,2.2043146,horeca
,41.3761596,2.1127861,horeca
,41.3304719,2.1142953,horeca
,41.3303448,2.1146068,horeca
,41.3308849,2.1149198,horeca
,41.3317689,2.117663,horeca
,41.3267197,2.1165678,horeca
,41.3331906,2.115674,horeca
,41.3303158,2.1174902,horeca
,41.3862323,2.1623981,horeca
Nou Face,41.4098314,2.1727363,horeca
Cappuccino,41.4102719,2.1745102,horeca
Restaurant Can Vermell,41.3911162,2.1454622,horeca
O returniño,41.3885771,2.1509086,horeca
Remedy,41.3787095,2.177738,horeca
Bar Miguel,41.4215259,2.1981328,horeca
La Misión,41.4208116,2.1981964,horeca
Español,41.4103238,2.1735754,horeca
,41.4115684,2.1955013,horeca
,41.3778187,2.1639598,horeca
,41.4030177,2.1436624,horeca
,41.4211343,2.1862096,horeca
,41.3747846,2.1635935,horeca
,41.3747813,2.1645505,horeca
,41.3879295,2.1794342,horeca
,41.466135,2.0530785,horeca
,41.4686163,2.0611339,horeca
Tea Garden,41.3808086,2.1260679,horeca
,41.3648087,2.083544,horeca
,41.4300847,2.1824324,horeca
,41.4109185,2.1825195,horeca
,41.4216158,2.2157055,horeca
Icon Club,41.3819441,2.1895851,horeca
Zion Club,41.3819346,2.1894606,horeca
,41.4062769,2.1330596,horeca
,41.4185561,2.197963,horeca
,41.4163809,2.1998076,horeca
,41.4152954,2.1970212,horeca
surf house,41.3774571,2.1906307,horeca
,41.4135858,2.229461,horeca
,41.4262019,2.2212623,horeca
,41.3617749,2.0831872,horeca
,41.3608058,2.0846405,horeca
,41.4130805,2.2204613,horeca
,41.4109134,2.2156906,horeca
,41.4088426,2.2154611,horeca
,41.4081724,2.21615,horeca
The Fish and Chips Shop,41.3784905,2.1546107,horeca
,41.37276,2.1676048,horeca
Story,41.3847092,2.1798081,horeca
,41.3947338,2.2034357,horeca
,41.3836713,2.1918579,horeca
,41.381186,2.1742004,horeca
,41.3594028,2.0608661,horeca
,41.3588251,2.0613503,horeca
,41.3597382,2.0618295,horeca
,41.3600846,2.0800778,horeca
Meson Barceloneta,41.3806019,2.1874858,horeca
Pesca Salada,41.378394,2.165371,horeca
Chulapio,41.3792438,2.165785,horeca
Beefbull club,41.3765927,2.1739303,horeca
,41.3685782,2.1466339,horeca
,41.3685554,2.1474542,horeca
,41.3689416,2.1471489,horeca
,41.3687319,2.146651,horeca
,41.3688012,2.1467648,horeca
,41.3684093,2.1471131,horeca
Restaurant Singular,41.4039471,2.1722957,horeca
La Fermata de Provence,41.3940211,2.1602849,horeca
Doner Kebab,41.3988701,2.1609865,horeca
,41.4338357,2.1838266,horeca
,41.4130832,2.130933,horeca
,41.413045,2.1307707,horeca
,41.3796155,2.168349,horeca
,41.4082686,2.1520528,horeca
,41.4030204,2.1723204,horeca
,41.4022944,2.1881778,horeca
Chaka Khan,41.3797459,2.167794,horeca
,41.3751325,2.1893971,horeca
fish&seafood!!!,41.381539,2.1759587,horeca
Café & Tapas,41.3314628,2.0526349,horeca
Pizza al Corte,41.3315363,2.05266,horeca
,41.4449083,2.2242577,horeca
,41.4696035,2.0816301,horeca
,41.4263927,2.1910973,horeca
El Fumet,41.3896739,2.1603979,horeca
,41.3797373,2.1764164,horeca
,41.3997551,2.1706033,horeca
Casa Gisper,41.3841474,2.1818352,horeca
Teddy's,41.3810393,2.1680099,horeca
,41.3746837,2.1311612,horeca
idk pizza,41.3950645,2.1596728,horeca
The Wild Rover Irish Pub,41.3775132,2.1755775,horeca
,41.3840597,2.1810506,horeca
ENRIQUE TOMAS. Pernileria-Jamineria,41.3828611,2.1740498,horeca
,41.3914524,2.1354252,horeca
,41.4089901,2.1838179,horeca
,41.4214697,2.1577299,horeca
,41.4194759,2.2037851,horeca
,41.4192144,2.2029429,horeca
,41.4193754,2.2021731,horeca
,41.4194357,2.202098,horeca
Tapas Royale,41.3794968,2.1762117,horeca
,41.4056559,2.1354648,horeca
,41.3653419,2.1384493,horeca
,41.364129,2.1374236,horeca
,41.387692,2.1368447,horeca
,41.4013838,2.1497283,horeca
,41.3713673,2.1422251,horeca
Kiosko universal,41.3817361,2.171352,horeca
,41.3838121,2.1673102,horeca
,41.3925041,2.1891399,horeca
,41.3796664,2.1660696,horeca
,41.3693968,2.1423569,horeca
Pakistani Restaurant,41.3755683,2.1707697,horeca
,41.4051157,2.1462463,horeca
Made in Sicily,41.3798822,2.1765593,horeca
Komo En Kasa,41.3812997,2.1670573,horeca
Ramen shop,41.3805026,2.1793779,horeca
,41.4333659,2.15323,horeca
MAG by El Magnifico,41.3841896,2.1804778,horeca
Madame George,41.4020809,2.2010252,horeca
atipico,41.4288597,2.201116,horeca
,41.3767614,2.1721158,horeca
Shava,41.3780898,2.1709697,horeca
,41.4093913,2.1857393,horeca
Coco Coffice,41.3760504,2.1594711,horeca
Doner Kebab,41.3963002,2.18433,horeca
Acai,41.384795,2.1684813,horeca
,41.3829094,2.1727589,horeca
,41.4213529,2.2035086,horeca
,41.416725,2.1725399,horeca
Noa,41.3809033,2.1731427,horeca
,41.4230714,2.2114786,horeca
,41.442537,2.1908946,horeca
,41.3824165,2.1707811,horeca
,41.3711664,2.1434617,horeca
,41.4496642,2.2182868,horeca
,41.4512067,2.2134326,horeca
,41.4210721,2.1787821,horeca
,41.4206936,2.1794987,horeca
,41.4214267,2.1796089,horeca
,41.3733479,2.1301506,horeca
,41.4233789,2.1805107,horeca
,41.3848132,2.1682542,horeca
,41.4137989,2.2291406,horeca
52 Moments,41.3866208,2.0562067,horeca
,41.3768686,2.1225588,horeca
Mon Viet Vietnamese,41.3791539,2.1573265,horeca
,41.3956935,2.1975182,horeca
,41.4587808,2.2255251,horeca
,41.424146,2.1560785,horeca
,41.3817777,2.156619,horeca
,41.4275852,2.1569148,horeca
,41.4276777,2.1564703,horeca
,41.427843,2.1563149,horeca
,41.4254817,2.1554779,horeca
,41.4257474,2.1541915,horeca
,41.4249915,2.1558854,horeca
,41.4247568,2.1554147,horeca
,41.425535,2.1539031,horeca
,41.4250938,2.1563025,horeca
,41.4268771,2.1555217,horeca
,41.4270964,2.1571752,horeca
,41.4262639,2.1569447,horeca
,41.4220596,2.1534623,horeca
,41.4208507,2.1562527,horeca
,41.4200447,2.1550551,horeca
,41.4198507,2.1552646,horeca
,41.4223317,2.1553982,horeca
,41.4235198,2.1549192,horeca
,41.4242748,2.1563807,horeca
,41.4240902,2.1559681,horeca
,41.4244817,2.1570379,horeca
,41.424118,2.1578332,horeca
,41.3988649,2.2008097,horeca
,41.3620457,2.1237796,horeca
,41.3530961,2.1178552,horeca
The steak house,41.3891193,2.1657879,horeca
,41.4120566,2.2140423,horeca
,41.412025,2.2135528,horeca
,41.3850649,2.1265235,horeca
,41.3869198,2.1125019,horeca
,41.3575051,2.0856754,horeca
,41.3551227,2.0869208,horeca
,41.379443,2.1296649,horeca
,41.4400118,2.1763556,horeca
,41.3728871,2.1132,horeca
,41.3736398,2.1158635,horeca
,41.3734429,2.1149682,horeca
,41.426385,2.1368088,horeca
,41.4198213,2.1969148,horeca
Arrosseria las Arenas,41.376537,2.1500384,horeca
Bassy,41.385904,2.1471232,horeca
Urgell Londres,41.3908303,2.1468062,horeca
Ruc,41.3868785,2.14898,horeca
Maurizio pizzeria napolitana,41.3932235,2.1509315,horeca
Granja Paris,41.388869,2.1467626,horeca
Saray,41.3903391,2.1432496,horeca
Ali kebabish pizzeria,41.376501,2.1461272,horeca
Mama Dori,41.3884257,2.1436469,horeca
La Tagliatella,41.3901499,2.1439356,horeca
Musubiya,41.4038208,2.1715069,horeca
Deleit sushi,41.3861533,2.1498662,horeca
Latte,41.3836788,2.1470742,horeca
,41.3927335,2.1458987,horeca
Sandwichez,41.3940103,2.1464873,horeca
Bar Michigan,41.394267,2.1468714,horeca
Lola's Factory,41.39366,2.145966,horeca
Lluna,41.366911,2.124765,horeca
El manantial,41.3689204,2.1308709,horeca
Gomar 2,41.3687438,2.1309981,horeca
Carmen,41.3780804,2.1373158,horeca
Gaby's hot dogs,41.3827499,2.1428006,horeca
Haru,41.3838117,2.1409056,horeca
,41.3236352,2.0920211,horeca
Xing Long Zhai,41.3891288,2.1468194,horeca
Kame house,41.3896183,2.1602031,horeca
,41.3225653,2.0921873,horeca
Donkey Burrito,41.3902797,2.1443548,horeca
,41.4311336,2.1832215,horeca
,41.4310483,2.183101,horeca
,41.3770917,2.1568472,horeca
Casa Pablo,41.3612914,2.1080038,horeca
Garage Coffee,41.3871447,2.1339131,horeca
Mustafa's Gemüse Kebap,41.3750255,2.1477276,horeca
Can Lampazas,41.3748049,2.1567689,horeca
,41.3765611,2.1844098,horeca
El bombin,41.4038392,2.2019381,horeca
bar 18,41.3808865,2.1791969,horeca
Restaurant Gloria,41.3846569,2.1775475,horeca
,41.3586042,2.1454158,horeca
,41.3755263,2.0931498,horeca
,41.3774885,2.1702794,horeca
,41.4112838,2.2175389,horeca
,41.3763223,2.1382905,horeca
Folks Burgers,41.3907652,2.1403095,horeca
,41.3713451,2.098921,horeca
,41.3841568,2.1849738,horeca
BEERIVINS - cerveseria,41.4076793,2.1739026,horeca
EL GALLO DE ORO,41.4023204,2.1704402,horeca
,41.4352722,2.2052122,horeca
Caju,41.3838097,2.1836954,horeca
,41.3753119,2.1461051,horeca
,41.4149116,2.1570104,horeca
,41.3818124,2.1836457,horeca
,41.4361571,2.1825087,horeca
,41.4358211,2.1823875,horeca
,41.4155634,2.1755382,horeca
4amb5 Mujades,41.3781135,2.1705298,horeca
,41.4016838,2.2040134,horeca
,41.3298187,2.1029206,horeca
,41.4004435,2.1866163,horeca
,41.4028027,2.1651742,horeca
,41.405666,2.1677351,horeca
,41.3607978,2.0623117,horeca
,41.3900516,2.0755434,horeca
,41.3858798,2.1792822,horeca
,41.4328473,2.176094,horeca
,41.4382157,2.1703265,horeca
,41.4193129,2.1786846,horeca
,41.4153199,2.1366977,horeca
,41.368732,2.1602243,horeca
,41.3868435,2.1125447,horeca
,41.3995994,2.1859068,horeca
,41.4598768,2.1730253,horeca
,41.4295632,2.1571677,horeca
,41.3731031,2.1197287,horeca
,41.3970087,2.1666011,horeca
,41.3959685,2.1260806,horeca
La Galera,41.381039,2.1801102,horeca
,41.4432533,2.1777493,horeca
,41.4434042,2.1781852,horeca
,41.3931536,2.1591345,horeca
,41.368129,2.1683735,horeca
,41.3923684,2.1227128,horeca
,41.4632893,2.1842987,horeca
,41.4165779,2.1709512,horeca
,41.3969749,2.1684644,horeca
,41.416695,2.1984246,horeca
,41.3681735,2.1871075,horeca
,41.3869237,2.1264322,horeca
,41.3759661,2.1750222,horeca
,41.349519,2.06977,horeca
,41.3515976,2.075326,horeca
,41.3515649,2.0714858,horeca
,41.3751973,2.1537468,horeca
,41.3516162,2.0738606,horeca
,41.3523435,2.077373,horeca
,41.3520699,2.0766262,horeca
,41.3515039,2.072217,horeca
,41.3511546,2.0703976,horeca
,41.3517864,2.0766668,horeca
,41.3559208,2.097356,horeca
,41.3649616,2.1255893,horeca
,41.3653994,2.1240053,horeca
,41.3564317,2.0986739,horeca
,41.3484965,2.0694738,horeca
,41.3520039,2.0762237,horeca
,41.3607593,2.1098183,horeca
,41.3661221,2.1341921,horeca
,41.3647602,2.1219514,horeca
,41.3608162,2.1099749,horeca
,41.3515394,2.0749601,horeca
,41.3648669,2.1288324,horeca
,41.3649435,2.1256776,horeca
,41.3517257,2.0709675,horeca
,41.3515026,2.0721294,horeca
,41.3514469,2.0742346,horeca
,41.351795,2.0742871,horeca
,41.3512614,2.0717655,horeca
,41.3560447,2.0977548,horeca
,41.364232,2.1273567,horeca
,41.3751928,2.1552169,horeca
,41.3884363,2.1959966,horeca
,41.3654224,2.123243,horeca
,41.3752067,2.1530456,horeca
,41.3751992,2.1535686,horeca
,41.4350689,2.2284397,horeca
,41.4509867,2.1936177,horeca
,41.3953673,2.2078205,horeca
,41.3847061,2.1927323,horeca
,41.4550819,2.2260268,horeca
,41.3746907,2.1395954,horeca
Fondo,41.4516735,2.2184075,metro
Llefià,41.4413034,2.2175477,metro
Torras i Bages,41.4431273,2.1907138,metro
Roquetes,41.447355,2.1757834,metro
Torre Baró | Vallbona,41.4592177,2.1799449,metro
Ciutat Meridiana,41.4607833,2.1746003,metro
Trinitat Nova,41.449185,2.182427,metro
Canyelles,41.4417701,2.1664392,metro
Rocafort,41.3792368,2.1545732,metro
Passeig de Gràcia,41.3899636,2.167943,metro
Universitat,41.3847251,2.1639101,metro
Diagonal,41.3944687,2.1588646,metro
Barcelona-Plaça Catalunya,41.3857711,2.168329,metro
Trinitat Nova,41.4494828,2.1841624,metro
les Corts,41.3841337,2.1308782,metro
Maria Cristina,41.38794,2.1262221,metro
Espanya,41.3750122,2.1515229,metro
Hostafrancs,41.3752424,2.143419,metro
Plaça Molina,41.4013331,2.1474378,metro
Gràcia,41.3997568,2.1521547,metro
Sarrià,41.3988427,2.125175,metro
El Putxet,41.4058141,2.1391359,metro
Horta,41.4296898,2.1603155,metro
Vilapicina,41.43046,2.1681725,metro
Llucmajor | República,41.4370089,2.1733642,metro
Camp de l'Arpa,41.4146858,2.1810127,metro
La Sagrera,41.4212779,2.1865743,metro
El Clot,41.4101394,2.1869158,metro
El Maresme | Fòrum,41.4117753,2.2166779,metro
La Pau,41.4236829,2.2051956,metro
Bogatell,41.3950987,2.1920399,metro
Europa | Fira,41.3572488,2.1256902,metro
Catalunya,41.3865465,2.170084,metro
Parc Logístic,41.3418064,2.1279825,metro
Provença,41.3928741,2.157979,metro
Paral·lel,41.3749406,2.1692557,metro
Torrassa,41.3684057,2.1166305,metro
Avinguda Carrilet,41.3589129,2.102483,metro
Hospital de Bellvitge,41.3446499,2.1072007,metro
Foc,41.3558512,2.1421622,metro
Cornellà-Riera,41.3514715,2.0706597,metro
Zona Universitària,41.3842442,2.1116863,metro
Universitat,41.3856938,2.1643048,metro
Provençana,41.3613875,2.1242931,metro
Badal,41.3755518,2.1289265,metro
Sant Gervasi,41.4010671,2.1470799,metro
Sants Estació,41.3814691,2.141114,metro
Can Zam,41.4576792,2.1984935,metro
Ernest Lluch,41.3758955,2.1120352,metro
Magòria-La Campana,41.3678579,2.1393675,metro
Plaça de Sants,41.3753756,2.1379127,metro
Urquinaona,41.3880852,2.1733108,metro
Baró de Viver,41.4499467,2.1995389,metro
Palau Reial,41.3858079,2.1178553,metro
Marina,41.3949958,2.1862682,metro
Liceu,41.3813959,2.1730711,metro
Verdaguer,41.3988289,2.166921,metro
Les Tres Torres,41.3977806,2.1308671,metro
Navas,41.4160445,2.1869379,metro
Collblanc,41.3758735,2.1184045,metro
Joanic,41.4062666,2.1631882,metro
Fondo,41.4515878,2.2183919,metro
Santa Coloma,41.4510763,2.2080493,metro
Penitents,41.4175413,2.1411326,metro
Valldaura,41.4380037,2.1568764,metro
Can Peixauet,41.4444722,2.2102857,metro
Can Cuiàs,41.46234,2.1731098,metro
Trinitat Vella,41.4487676,2.1937366,metro
Reina Elisenda,41.3987898,2.119034,metro
Tetuan,41.3948216,2.1755213,metro
Plaça del Centre,41.3818207,2.1356301,metro
Muntaner,41.3986671,2.1428064,metro
Besòs Mar,41.4150936,2.2160851,metro
Mercat Nou,41.3727946,2.1333313,metro
Alfons X,41.4121009,2.1655057,metro
Urgell,41.3824863,2.1588888,metro
Florida,41.3683228,2.1098316,metro
Sant Martí,41.4190565,2.2007307,metro
Barceloneta,41.3821171,2.1854822,metro
Maragall,41.4231064,2.1773979,metro
Zona Universitària,41.3840563,2.1115353,metro
Tarragona,41.378444,2.1453675,metro
Almeda,41.3530362,2.0845124,metro
Passeig de Gràcia,41.3894431,2.1682772,metro
Urquinaona,41.3896372,2.1745608,metro
Singuerlín,41.459458,2.2055928,metro
La Pau,41.4240389,2.205618,metro
Sant Andreu,41.4366293,2.1911382,metro
Passeig de Gràcia,41.3915966,2.1653561,metro
Església Major,41.4547585,2.2124022,metro
Casa de l'Aigua,41.4512367,2.1849532,metro
Hospital Clínic,41.3881615,2.1505425,metro
Verneda,41.4298896,2.2097745,metro
Monumental,41.4005241,2.1794545,metro
Lesseps,41.4061626,2.1500246,metro
El Clot,41.4102828,2.1867259,metro
Can Vidalet,41.3717369,2.0997596,metro
Vallcarca,41.4119065,2.1445239,metro
Poblenou,41.4036418,2.2032751,metro
La Sagrera,41.4204104,2.1868156,metro
Virrei Amat,41.4295936,2.1749989,metro
La Bonanova,41.3977899,2.1361526,metro
Avinguda Tibidabo,41.4096598,2.1371569,metro
Avinguda Carrilet,41.3579267,2.1029121,metro
Bac de Roda,41.4148814,2.1951059,metro
Torrassa,41.3680166,2.1156299,metro
Selva de Mar,41.4080147,2.2091094,metro
Besòs,41.4203693,2.2097125,metro
Llacuna,41.3993809,2.197649,metro
Glòries,41.4022111,2.1875183,metro
Zona Franca,41.3429845,2.1449718,metro
Verdaguer,41.4000911,2.1684275,metro
Santa Rosa,41.446842,2.2158135,metro
Artigues | Sant Adrià,41.4337214,2.2175726,metro
Pàdua,41.4033097,2.1430413,metro
Trinitat Nova,41.4492053,2.182423,metro
Sant Josep,41.3609506,2.1103613,metro
Ciutadella | Vila Olímpica,41.3878465,2.1934762,metro
Port Comercial | La Factoria,41.3359835,2.1406663,metro
Pubilla Cases,41.3738133,2.1071207,metro
Gornal,41.3547752,2.1170729,metro
El Coll | La Teixonera,41.4216569,2.1493621,metro
Sagrada Família,41.4039801,2.1751136,metro
Mundet,41.4355422,2.1483831,metro
Gavarra,41.3579852,2.0792152,metro
Congrés | Indians,41.4234164,2.1812853,metro
Fontana,41.4020564,2.1529786,metro
Cornellà Centre,41.3573028,2.0705523,metro
Sant Ildefons,41.3633432,2.0843303,metro
Plaça de Sants,41.37563,2.1353228,metro
Onze de Setembre,41.4297598,2.193435,metro
Can Tries - Gornal,41.3607212,2.1181989,metro
El Poble-sec,41.3749795,2.1605721,metro
Fabra i Puig,41.4297809,2.1836388,metro
la Salut,41.442733,2.2245758,metro
El Prat Estació,41.3316672,2.0901291,metro
Fira,41.3519228,2.130679,metro
Foneria,41.3604907,2.1387397,metro
La Rambla | Drassanes,41.3766732,2.1757735,metro
Diagonal,41.3959557,2.1599634,metro
Ildefons Cerdà,41.361165,2.1301693,metro
Via Júlia,41.4438467,2.1786043,metro
La Sagrera,41.4226234,2.1870242,metro
Sant Antoni,41.3797864,2.1632696,metro
Vall d’Hebron | Sant Genís,41.4249128,2.1423965,metro
el Carmel,41.4243994,2.1551138,metro
Sant Roc,41.4353172,2.2278605,metro
Sagrada Família,41.4040337,2.1738819,metro
Entença,41.3839818,2.1449598,metro
Encants,41.4070747,2.1825232,metro
Girona,41.3950237,2.1709596,metro
ZAL | Riu Vell,41.3237458,2.1331165,metro
Maragall,41.4250282,2.176504,metro
Mercabarna,41.3335696,2.1112293,metro
Sant Pau | Dos de Maig,41.4107312,2.175983,metro
Ecoparc,41.3301838,2.1370899,metro
Barcelona-Plaça Espanya,41.3745781,2.1486125,metro
Bon Pastor,41.4361256,2.2048081,metro
Can Serra,41.3676843,2.1027358,metro
Guinardó | Hospital de Sant Pau,41.4160751,2.174074,metro
Bellvitge Rambla Marina,41.3509646,2.1109354,metro
Les Moreres,41.3289845,2.1030715,metro
Sants Estació,41.3798895,2.1403215,metro
Europa | Fira,41.3572016,2.1250283,metro
Espanya,41.3755685,2.149524,metro
Can Boixeres,41.3665823,2.0915183,metro
Cèntric,41.321844,2.0935651,metro
Catalunya,41.3876382,2.1690425,metro
Arc de Triomf,41.3921143,2.1809092,metro
Montbau,41.4305954,2.1450351,metro
Ciutat de la Justícia,41.3632435,2.1330085,metro
Rambla Just Oliveras,41.3639652,2.0998719,metro
Jaume I,41.3840008,2.1787061,metro
Santa Eulàlia,41.3687993,2.1286052,metro
